index,source_id,category,subcategory,target_score,error_type,factor_error_subtype,expected_factor_scores,expected_action_lat,expected_action_lon,expected_action_strategy,expected_normalized_total_score,reference,candidate
1,1,obstacle_avoidance,dynamic_obstacle,5,complete,,[1.0],1.0,1.0,1.0,1.0,自车当前在原车道正常行驶，前方两个行人缓慢移动，自车应向左避障。,自车当前在原车道正常行驶，前方两个行人缓慢移动，自车应向左避障。
2,1,obstacle_avoidance,dynamic_obstacle,4,generalized,,[0.0],1.0,1.0,0.0,0.5,自车当前在原车道正常行驶，前方两个行人缓慢移动，自车应向左避障。,前方存在障碍物影响通行，自车应向左避障。
3,1,obstacle_avoidance,dynamic_obstacle,3,missing_factor,,[0.5],1.0,1.0,0.0,0.625,自车当前在原车道正常行驶，前方两个行人缓慢移动，自车应向左避障。,自车当前在原车道正常行驶，自车应向左避障。
4,1,obstacle_avoidance,dynamic_obstacle,3,missing_factor,,[1.0],1.0,1.0,1.0,1.0,自车当前在原车道正常行驶，前方两个行人缓慢移动，自车应向左避障。,前方两个行人缓慢移动，自车应向左避障。
5,1,obstacle_avoidance,dynamic_obstacle,2.3,wrong_factor,same_category_subtype_swap,[0.75],1.0,1.0,0.0,0.6875,自车当前在原车道正常行驶，前方两个行人缓慢移动，自车应向左避障。,自车当前在原车道正常行驶，前方两个两轮骑行者缓慢移动，自车应向左避障。
6,1,obstacle_avoidance,dynamic_obstacle,1.7,wrong_factor,cross_category_swap,[0.0],1.0,1.0,0.0,0.5,自车当前在原车道正常行驶，前方两个行人缓慢移动，自车应向左避障。,前方存在车辆遮挡盲区，自车应向左避障。
7,1,obstacle_avoidance,dynamic_obstacle,1,unsafe_action,,[1.0],1.0,1.0,1.0,1.0,自车当前在原车道正常行驶，前方两个行人缓慢移动，自车应向左避障。,自车当前在原车道正常行驶，前方两个行人缓慢移动，自车应向右避障。
8,2,blind_spot,combined_blind_spots,5,complete,,"[1.0, 1.0]",1.0,1.0,1.0,1.0,右前方存在匝道盲区，左前方存在环岛盲区，自车应减速行驶通过。,右前方存在匝道盲区，左前方存在环岛盲区，自车应减速行驶通过。
9,2,blind_spot,combined_blind_spots,4,generalized,,"[0.25, 0.0]",1.0,1.0,1.0,0.65,右前方存在匝道盲区，左前方存在环岛盲区，自车应减速行驶通过。,前方存在盲区风险，自车应减速行驶通过。
10,2,blind_spot,combined_blind_spots,3,missing_factor,,"[1.0, 0.0]",1.0,1.0,1.0,0.8,右前方存在匝道盲区，左前方存在环岛盲区，自车应减速行驶通过。,右前方存在匝道盲区，自车应减速行驶通过。
11,2,blind_spot,combined_blind_spots,3,missing_factor,,"[0.0, 1.0]",1.0,1.0,1.0,0.8,右前方存在匝道盲区，左前方存在环岛盲区，自车应减速行驶通过。,左前方存在环岛盲区，自车应减速行驶通过。
12,2,blind_spot,combined_blind_spots,3,missing_factor,,"[0.5, 0.0]",1.0,1.0,1.0,0.7,右前方存在匝道盲区，左前方存在环岛盲区，自车应减速行驶通过。,前方存在盲区，自车应减速行驶通过。
13,2,blind_spot,combined_blind_spots,2.8,wrong_factor,direction_swap,"[1.0, 0.75]",1.0,1.0,1.0,0.95,右前方存在匝道盲区，左前方存在环岛盲区，自车应减速行驶通过。,右前方存在匝道盲区，右前方存在环岛盲区，自车应减速行驶通过。
14,2,blind_spot,combined_blind_spots,2.8,wrong_factor,direction_swap,"[0.75, 1.0]",1.0,1.0,1.0,0.95,右前方存在匝道盲区，左前方存在环岛盲区，自车应减速行驶通过。,左前方存在匝道盲区，左前方存在环岛盲区，自车应减速行驶通过。
15,2,blind_spot,combined_blind_spots,2.3,wrong_factor,same_category_subtype_swap,"[1.0, 0.5]",1.0,1.0,1.0,0.9,右前方存在匝道盲区，左前方存在环岛盲区，自车应减速行驶通过。,右前方存在匝道盲区，左前方存在匝道盲区，自车应减速行驶通过。
16,2,blind_spot,combined_blind_spots,2.3,wrong_factor,same_category_subtype_swap,"[0.5, 1.0]",1.0,1.0,1.0,0.9,右前方存在匝道盲区，左前方存在环岛盲区，自车应减速行驶通过。,右前方存在环岛盲区，左前方存在环岛盲区，自车应减速行驶通过。
17,2,blind_spot,combined_blind_spots,1.7,wrong_factor,cross_category_swap,"[1.0, 0.0]",1.0,1.0,1.0,0.8,右前方存在匝道盲区，左前方存在环岛盲区，自车应减速行驶通过。,右前方存在匝道盲区，左前方存在事故车占道，自车应减速行驶通过。
18,2,blind_spot,combined_blind_spots,1.7,wrong_factor,cross_category_swap,"[0.0, 1.0]",1.0,1.0,1.0,0.8,右前方存在匝道盲区，左前方存在环岛盲区，自车应减速行驶通过。,右前方存在积水路面，左前方存在环岛盲区，自车应减速行驶通过。
19,2,blind_spot,combined_blind_spots,1.7,wrong_factor,cross_category_swap,"[0.0, 0.0]",1.0,1.0,1.0,0.6,右前方存在匝道盲区，左前方存在环岛盲区，自车应减速行驶通过。,前方存在锥桶占道，影响自车通行，自车应减速行驶通过。
20,2,blind_spot,combined_blind_spots,1,unsafe_action,,"[1.0, 1.0]",1.0,0.0,1.0,0.8,右前方存在匝道盲区，左前方存在环岛盲区，自车应减速行驶通过。,右前方存在匝道盲区，左前方存在环岛盲区，自车应加速通过。
21,3,blind_spot,single_blind_spot,5,complete,,[1.0],1.0,1.0,1.0,1.0,右前方存在弯道遮挡盲区，自车应减速行驶通过。,右前方存在弯道遮挡盲区，自车应减速行驶通过。
22,3,blind_spot,single_blind_spot,4,generalized,,[0.25],1.0,1.0,1.0,0.8125,右前方存在弯道遮挡盲区，自车应减速行驶通过。,前方存在盲区风险，自车应减速行驶通过。
23,3,blind_spot,single_blind_spot,3,missing_factor,,[0.5],1.0,1.0,1.0,0.875,右前方存在弯道遮挡盲区，自车应减速行驶通过。,前方存在盲区，自车应减速行驶通过。
24,3,blind_spot,single_blind_spot,2.8,wrong_factor,direction_swap,[0.75],1.0,1.0,1.0,0.9375,右前方存在弯道遮挡盲区，自车应减速行驶通过。,左前方存在弯道遮挡盲区，自车应减速行驶通过。
25,3,blind_spot,single_blind_spot,2.3,wrong_factor,same_category_subtype_swap,[0.5],1.0,1.0,1.0,0.875,右前方存在弯道遮挡盲区，自车应减速行驶通过。,右前方存在无灯路口盲区，自车应减速行驶通过。
26,3,blind_spot,single_blind_spot,1.7,wrong_factor,cross_category_swap,[0.0],1.0,1.0,1.0,0.75,右前方存在弯道遮挡盲区，自车应减速行驶通过。,右前方存在坑洼路面，自车应减速行驶通过。
27,3,blind_spot,single_blind_spot,1.7,wrong_factor,cross_category_swap,[0.0],1.0,1.0,1.0,0.75,右前方存在弯道遮挡盲区，自车应减速行驶通过。,前方存在锥桶占道，影响自车通行，自车应减速行驶通过。
28,3,blind_spot,single_blind_spot,1,unsafe_action,,[1.0],1.0,0.0,1.0,0.75,右前方存在弯道遮挡盲区，自车应减速行驶通过。,右前方存在弯道遮挡盲区，自车应加速通过。
29,4,yielding,emergency_evasion,5,complete,,[1.0],1.0,1.0,1.0,1.0,右前方一辆白色小汽车紧急切入到自车道，自车应减速让行。,右前方一辆白色小汽车紧急切入到自车道，自车应减速让行。
30,4,yielding,emergency_evasion,4,generalized,,[0.5],1.0,1.0,1.0,0.875,右前方一辆白色小汽车紧急切入到自车道，自车应减速让行。,前方有交通参与者影响自车通行，自车应减速让行。
31,4,yielding,emergency_evasion,3,missing_factor,,[0.75],1.0,1.0,1.0,0.9375,右前方一辆白色小汽车紧急切入到自车道，自车应减速让行。,前方一辆小汽车紧急切入到自车道，自车应减速让行。
32,4,yielding,emergency_evasion,2.8,wrong_factor,direction_swap,[0.75],1.0,1.0,1.0,0.9375,右前方一辆白色小汽车紧急切入到自车道，自车应减速让行。,左前方一辆白色小汽车紧急切入到自车道，自车应减速让行。
33,4,yielding,emergency_evasion,2.3,wrong_factor,same_category_subtype_swap,[0.75],1.0,1.0,1.0,0.9375,右前方一辆白色小汽车紧急切入到自车道，自车应减速让行。,右前方一辆白色货车紧急切入到自车道，自车应减速让行。
34,4,yielding,emergency_evasion,2.3,wrong_factor,same_category_subtype_swap,[0.75],1.0,1.0,1.0,0.9375,右前方一辆白色小汽车紧急切入到自车道，自车应减速让行。,右前方一辆白色小汽车正常行驶到自车道，自车应减速让行。
35,4,yielding,emergency_evasion,1.7,wrong_factor,cross_category_swap,[0.0],1.0,1.0,1.0,0.75,右前方一辆白色小汽车紧急切入到自车道，自车应减速让行。,前方存在坑洼路面，自车应减速让行。
36,4,yielding,emergency_evasion,1,unsafe_action,,[1.0],1.0,0.0,1.0,0.75,右前方一辆白色小汽车紧急切入到自车道，自车应减速让行。,右前方一辆白色小汽车紧急切入到自车道，自车应加速通过。
37,5,yielding,decelerate_to_yield,5,complete,,[1.0],1.0,1.0,1.0,1.0,左前方一辆黑色轻型客车正切入自车道，自车应减速让行。,左前方一辆黑色轻型客车正切入自车道，自车应减速让行。
38,5,yielding,decelerate_to_yield,4,generalized,,[0.5],1.0,1.0,1.0,0.875,左前方一辆黑色轻型客车正切入自车道，自车应减速让行。,前方有交通参与者影响自车通行，自车应减速让行。
39,5,yielding,decelerate_to_yield,3,missing_factor,,[0.75],1.0,1.0,1.0,0.9375,左前方一辆黑色轻型客车正切入自车道，自车应减速让行。,前方一辆轻型客车正切入自车道，自车应减速让行。
40,5,yielding,decelerate_to_yield,2.8,wrong_factor,direction_swap,[0.75],1.0,1.0,1.0,0.9375,左前方一辆黑色轻型客车正切入自车道，自车应减速让行。,右前方一辆黑色轻型客车正切入自车道，自车应减速让行。
41,5,yielding,decelerate_to_yield,1.7,wrong_factor,cross_category_swap,[0.0],1.0,1.0,1.0,0.75,左前方一辆黑色轻型客车正切入自车道，自车应减速让行。,前方存在坑洼路面，自车应减速让行。
42,5,yielding,decelerate_to_yield,1,unsafe_action,,[1.0],1.0,0.0,1.0,0.75,左前方一辆黑色轻型客车正切入自车道，自车应减速让行。,左前方一辆黑色轻型客车正切入自车道，自车应加速通过。
43,6,traffic_signal,signal_combination,5,complete,,[1.0],1.0,1.0,1.0,1.0,"自车当前处于车道排队中，导航指示直行,直行箭头灯由红变绿，前车开始起步，自车应跟随前车起步。","自车当前处于车道排队中，导航指示直行,直行箭头灯由红变绿，前车开始起步，自车应跟随前车起步。"
44,6,traffic_signal,signal_combination,4,generalized,,[0.5],1.0,1.0,0.0,0.625,"自车当前处于车道排队中，导航指示直行,直行箭头灯由红变绿，前车开始起步，自车应跟随前车起步。",当前路口信号允许通行，自车应跟车起步。
45,6,traffic_signal,signal_combination,3,missing_factor,,[0.75],1.0,1.0,1.0,0.9375,"自车当前处于车道排队中，导航指示直行,直行箭头灯由红变绿，前车开始起步，自车应跟随前车起步。","自车当前处于车道排队中，导航指示直行,直行箭头灯由红变绿，自车应跟车起步。"
46,6,traffic_signal,signal_combination,3,missing_factor,,[0.75],1.0,1.0,1.0,0.9375,"自车当前处于车道排队中，导航指示直行,直行箭头灯由红变绿，前车开始起步，自车应跟随前车起步。","导航指示直行,直行箭头灯由红变绿，前车开始起步，自车应跟车起步。"
47,6,traffic_signal,signal_combination,3,missing_factor,,[0.75],1.0,1.0,1.0,0.9375,"自车当前处于车道排队中，导航指示直行,直行箭头灯由红变绿，前车开始起步，自车应跟随前车起步。",自车当前处于车道排队中，前车开始起步，自车应跟车起步。
48,6,traffic_signal,signal_combination,2.3,wrong_factor,same_category_subtype_swap,[0.0],1.0,1.0,1.0,0.75,"自车当前处于车道排队中，导航指示直行,直行箭头灯由红变绿，前车开始起步，自车应跟随前车起步。","自车当前处于车道排队中，导航指示直行,直行箭头灯保持红灯，前车开始起步，自车应跟随前车起步。"
49,6,traffic_signal,signal_combination,2.3,wrong_factor,same_category_subtype_swap,[0.75],1.0,1.0,0.0,0.6875,"自车当前处于车道排队中，导航指示直行,直行箭头灯由红变绿，前车开始起步，自车应跟随前车起步。","自车当前处于车道排队中，导航指示直行,直行箭头灯由红变绿，前车仍在等待，自车应跟随前车起步。"
50,6,traffic_signal,signal_combination,1.7,wrong_factor,cross_category_swap,[0.0],1.0,1.0,1.0,0.75,"自车当前处于车道排队中，导航指示直行,直行箭头灯由红变绿，前车开始起步，自车应跟随前车起步。",前方存在施工区域占道，自车应跟车起步。
51,6,traffic_signal,signal_combination,1,unsafe_action,,[0.75],1.0,0.5,0.0,0.5625,"自车当前处于车道排队中，导航指示直行,直行箭头灯由红变绿，前车开始起步，自车应跟随前车起步。","自车当前处于车道排队中，导航指示直行,直行箭头灯由红变绿，前车开始起步，自车应继续停车等待。"
52,7,road_condition,road_surface,5,complete,,[1.0],1.0,1.0,1.0,1.0,前方存在井盖，自车应左避让通过。,前方存在井盖，自车应左避让通过。
53,7,road_condition,road_surface,4,generalized,,[0.0],1.0,1.0,1.0,0.75,前方存在井盖，自车应左避让通过。,前方存在异常路面，自车应向左避障。
54,7,road_condition,road_surface,3,missing_factor,,[1.0],1.0,1.0,1.0,1.0,前方存在井盖，自车应左避让通过。,前方存在井盖，自车应向左避障。
55,7,road_condition,road_surface,2.3,wrong_factor,same_category_subtype_swap,[0.5],1.0,0.0,1.0,0.625,前方存在井盖，自车应左避让通过。,前方存在减速带，自车应左避让通过。
56,7,road_condition,road_surface,1.7,wrong_factor,cross_category_swap,[0.0],1.0,1.0,1.0,0.75,前方存在井盖，自车应左避让通过。,前方存在无灯路口盲区，自车应左避让通过。
57,7,road_condition,road_surface,1.7,wrong_factor,cross_category_swap,[0.5],1.0,1.0,0.0,0.625,前方存在井盖，自车应左避让通过。,右前方有车辆意图切入自车道，自车应向左避障。
58,7,road_condition,road_surface,1,unsafe_action,,[1.0],1.0,1.0,1.0,1.0,前方存在井盖，自车应左避让通过。,前方存在井盖，自车应向右避障。
59,8,obstacle_avoidance,static_obstacle_blocking_lane,5,complete,,[0.75],0.0,1.0,1.0,0.6875,自车当前在原车道正常行驶，前方存在施工区域占用自车道，阻挡自车通行。,自车当前在原车道正常行驶，前方存在施工区域占用自车道，阻挡自车通行，自车应向左避障。
60,8,obstacle_avoidance,static_obstacle_blocking_lane,4,generalized,,[0.5],0.0,1.0,1.0,0.625,自车当前在原车道正常行驶，前方存在施工区域占用自车道，阻挡自车通行。,前方存在障碍物影响通行，自车应向左避障。
61,8,obstacle_avoidance,static_obstacle_blocking_lane,3,missing_factor,,[0.75],0.0,1.0,1.0,0.6875,自车当前在原车道正常行驶，前方存在施工区域占用自车道，阻挡自车通行。,自车当前在原车道正常行驶，前方存在施工区域占用自车道，自车应向左避障。
62,8,obstacle_avoidance,static_obstacle_blocking_lane,3,missing_factor,,[0.75],0.0,1.0,1.0,0.6875,自车当前在原车道正常行驶，前方存在施工区域占用自车道，阻挡自车通行。,前方存在施工区域占用自车道，阻挡自车通行，自车应向左避障。
63,8,obstacle_avoidance,static_obstacle_blocking_lane,3,missing_factor,,[0.0],0.0,1.0,1.0,0.5,自车当前在原车道正常行驶，前方存在施工区域占用自车道，阻挡自车通行。,自车当前在原车道正常行驶，阻挡自车通行，自车应向左避障。
64,8,obstacle_avoidance,static_obstacle_blocking_lane,1.7,wrong_factor,cross_category_swap,[0.0],0.0,1.0,1.0,0.5,自车当前在原车道正常行驶，前方存在施工区域占用自车道，阻挡自车通行。,自车当前在原车道正常行驶，前方存在车辆遮挡盲区占用自车道，阻挡自车通行，自车应向左避障。
65,8,obstacle_avoidance,static_obstacle_blocking_lane,1.7,wrong_factor,cross_category_swap,[0.0],0.0,1.0,1.0,0.5,自车当前在原车道正常行驶，前方存在施工区域占用自车道，阻挡自车通行。,前方存在车辆遮挡盲区，自车应向左避障。
66,8,obstacle_avoidance,static_obstacle_blocking_lane,1,unsafe_action,,[0.75],0.0,1.0,1.0,0.6875,自车当前在原车道正常行驶，前方存在施工区域占用自车道，阻挡自车通行。,自车当前在原车道正常行驶，前方存在施工区域占用自车道，阻挡自车通行，自车应向右避障。
67,9,lane_change,proactive_slow_ahead,5,complete,,"[1.0, 1.0]",1.0,1.0,1.0,1.0,左侧车道正常通行，左后方黑色轿车正切入最左侧车道，与自车有安全距离，自车应向左变更车道。,左侧车道正常通行，左后方黑色轿车正切入最左侧车道，与自车有安全距离，自车应向左变更车道。
68,9,lane_change,proactive_slow_ahead,4,generalized,,"[0.5, 0.0]",0.0,1.0,1.0,0.5,左侧车道正常通行，左后方黑色轿车正切入最左侧车道，与自车有安全距离，自车应向左变更车道。,前方通行受阻，左侧车道具备换道条件，自车应向左变更车道。
69,9,lane_change,proactive_slow_ahead,3,missing_factor,,"[1.0, 1.0]",1.0,1.0,1.0,1.0,左侧车道正常通行，左后方黑色轿车正切入最左侧车道，与自车有安全距离，自车应向左变更车道。,左侧车道正常通行，左后方黑色轿车正切入最左侧车道，自车应向左变更车道。
70,9,lane_change,proactive_slow_ahead,3,missing_factor,,"[0.0, 1.0]",1.0,1.0,1.0,0.8,左侧车道正常通行，左后方黑色轿车正切入最左侧车道，与自车有安全距离，自车应向左变更车道。,左后方黑色轿车正切入最左侧车道，与自车有安全距离，自车应向左变更车道。
71,9,lane_change,proactive_slow_ahead,3,missing_factor,,"[1.0, 0.0]",1.0,1.0,1.0,0.8,左侧车道正常通行，左后方黑色轿车正切入最左侧车道，与自车有安全距离，自车应向左变更车道。,左侧车道正常通行，与自车有安全距离，自车应向左变更车道。
72,9,lane_change,proactive_slow_ahead,2.8,wrong_factor,direction_swap,"[0.0, 1.0]",1.0,1.0,1.0,0.8,左侧车道正常通行，左后方黑色轿车正切入最左侧车道，与自车有安全距离，自车应向左变更车道。,右侧车道正常通行，左后方黑色轿车正切入最左侧车道，与自车有安全距离，自车应向左变更车道。
73,9,lane_change,proactive_slow_ahead,2.8,wrong_factor,direction_swap,"[1.0, 0.75]",1.0,1.0,1.0,0.95,左侧车道正常通行，左后方黑色轿车正切入最左侧车道，与自车有安全距离，自车应向左变更车道。,左侧车道正常通行，右后方黑色轿车正切入最左侧车道，与自车有安全距离，自车应向左变更车道。
74,9,lane_change,proactive_slow_ahead,2.3,wrong_factor,same_category_subtype_swap,"[0.75, 1.0]",1.0,1.0,1.0,0.95,左侧车道正常通行，左后方黑色轿车正切入最左侧车道，与自车有安全距离，自车应向左变更车道。,左侧车道通行效率较低，左后方黑色轿车正切入最左侧车道，与自车有安全距离，自车应向左变更车道。
75,9,lane_change,proactive_slow_ahead,2.3,wrong_factor,same_category_subtype_swap,"[1.0, 1.0]",1.0,1.0,1.0,1.0,左侧车道正常通行，左后方黑色轿车正切入最左侧车道，与自车有安全距离，自车应向左变更车道。,左侧车道正常通行，左后方黑色轿车正切入最左侧车道，与自车有距离较近，自车应向左变更车道。
76,9,lane_change,proactive_slow_ahead,1.7,wrong_factor,cross_category_swap,"[0.0, 0.0]",1.0,1.0,0.0,0.4,左侧车道正常通行，左后方黑色轿车正切入最左侧车道，与自车有安全距离，自车应向左变更车道。,前方存在车辆遮挡盲区，自车应向左变更车道。
77,9,lane_change,proactive_slow_ahead,1,unsafe_action,,"[1.0, 1.0]",1.0,1.0,1.0,1.0,左侧车道正常通行，左后方黑色轿车正切入最左侧车道，与自车有安全距离，自车应向左变更车道。,左侧车道正常通行，左后方黑色轿车正切入最左侧车道，与自车有安全距离，自车应向右变更车道。
78,10,traffic_signal,red_light_stop,5,complete,,[1.0],1.0,1.0,1.0,1.0,自车当前实际行驶方向为直行或左转，左转箭头灯为红色，直行箭头灯为黄色，自车应刹停在路口停止线前。,自车当前实际行驶方向为直行或左转，左转箭头灯为红色，直行箭头灯为黄色，自车应刹停在路口停止线前。
79,10,traffic_signal,red_light_stop,4,generalized,,[0.5],0.0,1.0,0.0,0.375,自车当前实际行驶方向为直行或左转，左转箭头灯为红色，直行箭头灯为黄色，自车应刹停在路口停止线前。,当前路口信号不允许通行，自车应刹停在路口停止线前。
80,10,traffic_signal,red_light_stop,3,missing_factor,,[0.75],1.0,1.0,1.0,0.9375,自车当前实际行驶方向为直行或左转，左转箭头灯为红色，直行箭头灯为黄色，自车应刹停在路口停止线前。,自车当前实际行驶方向为直行或左转，左转箭头灯为红色，自车应刹停在路口停止线前。
81,10,traffic_signal,red_light_stop,3,missing_factor,,[0.5],1.0,1.0,1.0,0.875,自车当前实际行驶方向为直行或左转，左转箭头灯为红色，直行箭头灯为黄色，自车应刹停在路口停止线前。,左转箭头灯为红色，直行箭头灯为黄色，自车应刹停在路口停止线前。
82,10,traffic_signal,red_light_stop,3,missing_factor,,[0.75],1.0,1.0,1.0,0.9375,自车当前实际行驶方向为直行或左转，左转箭头灯为红色，直行箭头灯为黄色，自车应刹停在路口停止线前。,自车当前实际行驶方向为直行或左转，直行箭头灯为黄色，自车应刹停在路口停止线前。
83,10,traffic_signal,red_light_stop,2.3,wrong_factor,same_category_subtype_swap,[0.75],1.0,1.0,1.0,0.9375,自车当前实际行驶方向为直行或左转，左转箭头灯为红色，直行箭头灯为黄色，自车应刹停在路口停止线前。,自车当前实际行驶方向为直行或左转，左转箭头灯为绿色，直行箭头灯为黄色，自车应刹停在路口停止线前。
84,10,traffic_signal,red_light_stop,2.3,wrong_factor,same_category_subtype_swap,[0.75],1.0,1.0,1.0,0.9375,自车当前实际行驶方向为直行或左转，左转箭头灯为红色，直行箭头灯为黄色，自车应刹停在路口停止线前。,自车当前实际行驶方向为直行或左转，左转箭头灯为红色，直行箭头灯为绿色，自车应刹停在路口停止线前。
85,10,traffic_signal,red_light_stop,1.7,wrong_factor,cross_category_swap,[0.0],0.0,1.0,1.0,0.5,自车当前实际行驶方向为直行或左转，左转箭头灯为红色，直行箭头灯为黄色，自车应刹停在路口停止线前。,前方存在施工区域占道，自车应刹停在路口停止线前。
86,10,traffic_signal,red_light_stop,1,unsafe_action,,[0.75],1.0,0.0,1.0,0.6875,自车当前实际行驶方向为直行或左转，左转箭头灯为红色，直行箭头灯为黄色，自车应刹停在路口停止线前。,自车当前实际行驶方向为直行或左转，左转箭头灯为红色，直行箭头灯为黄色，自车应加速通过路口。
87,11,blind_spot,combined_blind_spots,5,complete,,"[1.0, 1.0]",1.0,1.0,1.0,1.0,左前方存在环岛盲区，右前方存在弯道盲区，自车应减速行驶通过。,左前方存在环岛盲区，右前方存在弯道盲区，自车应减速行驶通过。
88,11,blind_spot,combined_blind_spots,4,generalized,,"[0.25, 0.0]",1.0,1.0,1.0,0.65,左前方存在环岛盲区，右前方存在弯道盲区，自车应减速行驶通过。,前方存在盲区风险，自车应减速行驶通过。
89,11,blind_spot,combined_blind_spots,3,missing_factor,,"[1.0, 0.0]",1.0,1.0,1.0,0.8,左前方存在环岛盲区，右前方存在弯道盲区，自车应减速行驶通过。,左前方存在环岛盲区，自车应减速行驶通过。
90,11,blind_spot,combined_blind_spots,3,missing_factor,,"[0.0, 1.0]",1.0,1.0,1.0,0.8,左前方存在环岛盲区，右前方存在弯道盲区，自车应减速行驶通过。,右前方存在弯道盲区，自车应减速行驶通过。
91,11,blind_spot,combined_blind_spots,3,missing_factor,,"[0.5, 0.0]",1.0,1.0,1.0,0.7,左前方存在环岛盲区，右前方存在弯道盲区，自车应减速行驶通过。,前方存在盲区，自车应减速行驶通过。
92,11,blind_spot,combined_blind_spots,2.8,wrong_factor,direction_swap,"[0.75, 1.0]",1.0,1.0,1.0,0.95,左前方存在环岛盲区，右前方存在弯道盲区，自车应减速行驶通过。,右前方存在环岛盲区，右前方存在弯道盲区，自车应减速行驶通过。
93,11,blind_spot,combined_blind_spots,2.8,wrong_factor,direction_swap,"[1.0, 0.75]",1.0,1.0,1.0,0.95,左前方存在环岛盲区，右前方存在弯道盲区，自车应减速行驶通过。,左前方存在环岛盲区，左前方存在弯道盲区，自车应减速行驶通过。
94,11,blind_spot,combined_blind_spots,2.3,wrong_factor,same_category_subtype_swap,"[1.0, 0.5]",1.0,1.0,1.0,0.9,左前方存在环岛盲区，右前方存在弯道盲区，自车应减速行驶通过。,左前方存在环岛盲区，右前方存在无灯路口盲区，自车应减速行驶通过。
95,11,blind_spot,combined_blind_spots,2.3,wrong_factor,same_category_subtype_swap,"[0.5, 1.0]",1.0,1.0,1.0,0.9,左前方存在环岛盲区，右前方存在弯道盲区，自车应减速行驶通过。,左前方存在匝道盲区，右前方存在弯道盲区，自车应减速行驶通过。
96,11,blind_spot,combined_blind_spots,1.7,wrong_factor,cross_category_swap,"[1.0, 0.0]",1.0,1.0,1.0,0.8,左前方存在环岛盲区，右前方存在弯道盲区，自车应减速行驶通过。,左前方存在环岛盲区，右前方存在减速带，自车应减速行驶通过。
97,11,blind_spot,combined_blind_spots,1.7,wrong_factor,cross_category_swap,"[0.0, 1.0]",1.0,1.0,1.0,0.8,左前方存在环岛盲区，右前方存在弯道盲区，自车应减速行驶通过。,左前方存在事故车占道，右前方存在弯道盲区，自车应减速行驶通过。
98,11,blind_spot,combined_blind_spots,1.7,wrong_factor,cross_category_swap,"[0.0, 0.0]",1.0,1.0,1.0,0.6,左前方存在环岛盲区，右前方存在弯道盲区，自车应减速行驶通过。,前方存在锥桶占道，影响自车通行，自车应减速行驶通过。
99,11,blind_spot,combined_blind_spots,1,unsafe_action,,"[1.0, 1.0]",1.0,0.0,1.0,0.8,左前方存在环岛盲区，右前方存在弯道盲区，自车应减速行驶通过。,左前方存在环岛盲区，右前方存在弯道盲区，自车应加速通过。
100,12,obstacle_avoidance,static_obstacle_blocking_lane,5,complete,,[0.75],0.0,1.0,1.0,0.6875,自车当前在原车道正常行驶，前方存在锥桶等施工区域占用自车道，影响自车通行。,自车当前在原车道正常行驶，前方存在锥桶等施工区域占用自车道，影响自车通行，自车应向左避障。
101,12,obstacle_avoidance,static_obstacle_blocking_lane,4,generalized,,[0.5],0.0,1.0,1.0,0.625,自车当前在原车道正常行驶，前方存在锥桶等施工区域占用自车道，影响自车通行。,前方存在障碍物影响通行，自车应向左避障。
102,12,obstacle_avoidance,static_obstacle_blocking_lane,3,missing_factor,,[0.75],0.0,1.0,1.0,0.6875,自车当前在原车道正常行驶，前方存在锥桶等施工区域占用自车道，影响自车通行。,自车当前在原车道正常行驶，前方存在锥桶等施工区域占用自车道，自车应向左避障。
103,12,obstacle_avoidance,static_obstacle_blocking_lane,3,missing_factor,,[0.75],0.0,1.0,1.0,0.6875,自车当前在原车道正常行驶，前方存在锥桶等施工区域占用自车道，影响自车通行。,前方存在锥桶等施工区域占用自车道，影响自车通行，自车应向左避障。
104,12,obstacle_avoidance,static_obstacle_blocking_lane,3,missing_factor,,[0.0],0.0,1.0,1.0,0.5,自车当前在原车道正常行驶，前方存在锥桶等施工区域占用自车道，影响自车通行。,自车当前在原车道正常行驶，影响自车通行，自车应向左避障。
105,12,obstacle_avoidance,static_obstacle_blocking_lane,2.3,wrong_factor,same_category_subtype_swap,[0.75],0.0,1.0,1.0,0.6875,自车当前在原车道正常行驶，前方存在锥桶等施工区域占用自车道，影响自车通行。,自车当前在原车道正常行驶，前方存在事故车占用自车道，影响自车通行，自车应向左避障。
106,12,obstacle_avoidance,static_obstacle_blocking_lane,1.7,wrong_factor,cross_category_swap,[0.0],0.0,1.0,1.0,0.5,自车当前在原车道正常行驶，前方存在锥桶等施工区域占用自车道，影响自车通行。,自车当前在原车道正常行驶，前方存在车辆遮挡盲区占用自车道，影响自车通行，自车应向左避障。
107,12,obstacle_avoidance,static_obstacle_blocking_lane,1.7,wrong_factor,cross_category_swap,[0.0],0.0,1.0,1.0,0.5,自车当前在原车道正常行驶，前方存在锥桶等施工区域占用自车道，影响自车通行。,前方存在车辆遮挡盲区，自车应向左避障。
108,12,obstacle_avoidance,static_obstacle_blocking_lane,1,unsafe_action,,[0.75],0.0,1.0,1.0,0.6875,自车当前在原车道正常行驶，前方存在锥桶等施工区域占用自车道，影响自车通行。,自车当前在原车道正常行驶，前方存在锥桶等施工区域占用自车道，影响自车通行，自车应向右避障。
109,13,lane_change,proactive_slow_ahead,5,complete,,[1.0],1.0,1.0,1.0,1.0,右侧车道空闲且右后方有一辆灰色轿车，速度较慢与自车有安全距离，自车应向右变更车道。,右侧车道空闲且右后方有一辆灰色轿车，速度较慢与自车有安全距离，自车应向右变更车道。
110,13,lane_change,proactive_slow_ahead,4,generalized,,[0.5],0.0,1.0,1.0,0.625,右侧车道空闲且右后方有一辆灰色轿车，速度较慢与自车有安全距离，自车应向右变更车道。,前方通行受阻，右侧车道具备换道条件，自车应向右变更车道。
111,13,lane_change,proactive_slow_ahead,3,missing_factor,,[1.0],1.0,1.0,0.0,0.75,右侧车道空闲且右后方有一辆灰色轿车，速度较慢与自车有安全距离，自车应向右变更车道。,右侧车道空闲且右后方有一辆灰色轿车，自车应向右变更车道。
112,13,lane_change,proactive_slow_ahead,3,missing_factor,,[0.0],1.0,1.0,1.0,0.75,右侧车道空闲且右后方有一辆灰色轿车，速度较慢与自车有安全距离，自车应向右变更车道。,速度较慢与自车有安全距离，自车应向右变更车道。
113,13,lane_change,proactive_slow_ahead,3,missing_factor,,[0.75],1.0,1.0,0.0,0.6875,右侧车道空闲且右后方有一辆灰色轿车，速度较慢与自车有安全距离，自车应向右变更车道。,右侧车道空闲且右后方有一辆轿车，自车应向右变更车道。
114,13,lane_change,proactive_slow_ahead,2.8,wrong_factor,direction_swap,[0.0],1.0,1.0,1.0,0.75,右侧车道空闲且右后方有一辆灰色轿车，速度较慢与自车有安全距离，自车应向右变更车道。,左侧车道空闲且右后方有一辆灰色轿车，速度较慢与自车有安全距离，自车应向右变更车道。
115,13,lane_change,proactive_slow_ahead,2.8,wrong_factor,direction_swap,[0.75],1.0,1.0,1.0,0.9375,右侧车道空闲且右后方有一辆灰色轿车，速度较慢与自车有安全距离，自车应向右变更车道。,右侧车道空闲且左后方有一辆灰色轿车，速度较慢与自车有安全距离，自车应向右变更车道。
116,13,lane_change,proactive_slow_ahead,2.3,wrong_factor,same_category_subtype_swap,[0.75],1.0,1.0,1.0,0.9375,右侧车道空闲且右后方有一辆灰色轿车，速度较慢与自车有安全距离，自车应向右变更车道。,右侧车道拥堵且右后方有一辆灰色轿车，速度较慢与自车有安全距离，自车应向右变更车道。
117,13,lane_change,proactive_slow_ahead,2.3,wrong_factor,same_category_subtype_swap,[1.0],1.0,1.0,0.0,0.75,右侧车道空闲且右后方有一辆灰色轿车，速度较慢与自车有安全距离，自车应向右变更车道。,右侧车道空闲且右后方有一辆灰色轿车，速度较慢与自车有距离较近，自车应向右变更车道。
118,13,lane_change,proactive_slow_ahead,2.3,wrong_factor,same_category_subtype_swap,[1.0],1.0,1.0,1.0,1.0,右侧车道空闲且右后方有一辆灰色轿车，速度较慢与自车有安全距离，自车应向右变更车道。,右侧车道空闲且右后方有一辆灰色轿车，速度较快与自车有安全距离，自车应向右变更车道。
119,13,lane_change,proactive_slow_ahead,1.7,wrong_factor,cross_category_swap,[0.0],1.0,1.0,0.0,0.5,右侧车道空闲且右后方有一辆灰色轿车，速度较慢与自车有安全距离，自车应向右变更车道。,前方存在车辆遮挡盲区，自车应向右变更车道。
120,13,lane_change,proactive_slow_ahead,1,unsafe_action,,[1.0],1.0,1.0,1.0,1.0,右侧车道空闲且右后方有一辆灰色轿车，速度较慢与自车有安全距离，自车应向右变更车道。,右侧车道空闲且右后方有一辆灰色轿车，速度较慢与自车有安全距离，自车应向左变更车道。
121,14,obstacle_avoidance,static_obstacle_blocking_lane,5,complete,,[1.0],1.0,1.0,1.0,1.0,自车当前在原车道正常行驶，对向车道有三轮骑行者和黑色小汽车占道行驶，自车应向右避障。,自车当前在原车道正常行驶，对向车道有三轮骑行者和黑色小汽车占道行驶，自车应向右避障。
122,14,obstacle_avoidance,static_obstacle_blocking_lane,4,generalized,,[0.5],1.0,1.0,1.0,0.875,自车当前在原车道正常行驶，对向车道有三轮骑行者和黑色小汽车占道行驶，自车应向右避障。,前方存在障碍物影响通行，自车应向右避障。
123,14,obstacle_avoidance,static_obstacle_blocking_lane,3,missing_factor,,[0.0],1.0,1.0,1.0,0.75,自车当前在原车道正常行驶，对向车道有三轮骑行者和黑色小汽车占道行驶，自车应向右避障。,自车当前在原车道正常行驶，自车应向右避障。
124,14,obstacle_avoidance,static_obstacle_blocking_lane,3,missing_factor,,[0.75],1.0,1.0,1.0,0.9375,自车当前在原车道正常行驶，对向车道有三轮骑行者和黑色小汽车占道行驶，自车应向右避障。,对向车道有三轮骑行者和黑色小汽车占道行驶，自车应向右避障。
125,14,obstacle_avoidance,static_obstacle_blocking_lane,2.3,wrong_factor,same_category_subtype_swap,[0.75],1.0,1.0,1.0,0.9375,自车当前在原车道正常行驶，对向车道有三轮骑行者和黑色小汽车占道行驶，自车应向右避障。,自车当前在原车道正常行驶，对向车道有两轮骑行者和黑色小汽车占道行驶，自车应向右避障。
126,14,obstacle_avoidance,static_obstacle_blocking_lane,2.3,wrong_factor,same_category_subtype_swap,[0.75],1.0,1.0,1.0,0.9375,自车当前在原车道正常行驶，对向车道有三轮骑行者和黑色小汽车占道行驶，自车应向右避障。,自车当前在原车道正常行驶，对向车道有三轮骑行者和黑色货车占道行驶，自车应向右避障。
127,14,obstacle_avoidance,static_obstacle_blocking_lane,1.7,wrong_factor,cross_category_swap,[0.0],1.0,1.0,1.0,0.75,自车当前在原车道正常行驶，对向车道有三轮骑行者和黑色小汽车占道行驶，自车应向右避障。,前方存在车辆遮挡盲区，自车应向右避障。
128,14,obstacle_avoidance,static_obstacle_blocking_lane,1,unsafe_action,,[0.75],1.0,1.0,1.0,0.9375,自车当前在原车道正常行驶，对向车道有三轮骑行者和黑色小汽车占道行驶，自车应向右避障。,自车当前在原车道正常行驶，对向车道有三轮骑行者和黑色小汽车占道行驶，自车应向左避障。
129,15,blind_spot,single_blind_spot,5,complete,,[1.0],1.0,1.0,1.0,1.0,左边存在无灯路口盲区，右边存在无灯路口盲区，自车应减速行驶通过。,左边存在无灯路口盲区，右边存在无灯路口盲区，自车应减速行驶通过。
130,15,blind_spot,single_blind_spot,4,generalized,,[0.5],1.0,1.0,1.0,0.875,左边存在无灯路口盲区，右边存在无灯路口盲区，自车应减速行驶通过。,前方存在盲区风险，自车应减速行驶通过。
131,15,blind_spot,single_blind_spot,3,missing_factor,,[0.75],1.0,1.0,1.0,0.9375,左边存在无灯路口盲区，右边存在无灯路口盲区，自车应减速行驶通过。,左边存在无灯路口盲区，自车应减速行驶通过。
132,15,blind_spot,single_blind_spot,3,missing_factor,,[0.75],1.0,1.0,1.0,0.9375,左边存在无灯路口盲区，右边存在无灯路口盲区，自车应减速行驶通过。,右边存在无灯路口盲区，自车应减速行驶通过。
133,15,blind_spot,single_blind_spot,3,missing_factor,,[0.75],1.0,1.0,1.0,0.9375,左边存在无灯路口盲区，右边存在无灯路口盲区，自车应减速行驶通过。,左边存在盲区，自车应减速行驶通过。
134,15,blind_spot,single_blind_spot,2.3,wrong_factor,same_category_subtype_swap,[0.75],1.0,1.0,1.0,0.9375,左边存在无灯路口盲区，右边存在无灯路口盲区，自车应减速行驶通过。,左边存在弯道盲区，右边存在无灯路口盲区，自车应减速行驶通过。
135,15,blind_spot,single_blind_spot,1.7,wrong_factor,cross_category_swap,[0.75],1.0,1.0,1.0,0.9375,左边存在无灯路口盲区，右边存在无灯路口盲区，自车应减速行驶通过。,左边存在锥桶占道，右边存在无灯路口盲区，自车应减速行驶通过。
136,15,blind_spot,single_blind_spot,1.7,wrong_factor,cross_category_swap,[0.0],1.0,1.0,1.0,0.75,左边存在无灯路口盲区，右边存在无灯路口盲区，自车应减速行驶通过。,前方存在锥桶占道，影响自车通行，自车应减速行驶通过。
137,15,blind_spot,single_blind_spot,1,unsafe_action,,[1.0],1.0,0.0,1.0,0.75,左边存在无灯路口盲区，右边存在无灯路口盲区，自车应减速行驶通过。,左边存在无灯路口盲区，右边存在无灯路口盲区，自车应加速通过。
138,16,obstacle_avoidance,dynamic_obstacle,5,complete,,[1.0],1.0,1.0,1.0,1.0,自车当前在原车道正常行驶，前方行人正缓速行走，自车应向左避障。,自车当前在原车道正常行驶，前方行人正缓速行走，自车应向左避障。
139,16,obstacle_avoidance,dynamic_obstacle,4,generalized,,[0.0],1.0,1.0,0.0,0.5,自车当前在原车道正常行驶，前方行人正缓速行走，自车应向左避障。,前方存在障碍物影响通行，自车应向左避障。
140,16,obstacle_avoidance,dynamic_obstacle,3,missing_factor,,[0.5],1.0,1.0,0.0,0.625,自车当前在原车道正常行驶，前方行人正缓速行走，自车应向左避障。,自车当前在原车道正常行驶，自车应向左避障。
141,16,obstacle_avoidance,dynamic_obstacle,3,missing_factor,,[1.0],1.0,1.0,1.0,1.0,自车当前在原车道正常行驶，前方行人正缓速行走，自车应向左避障。,前方行人正缓速行走，自车应向左避障。
142,16,obstacle_avoidance,dynamic_obstacle,2.3,wrong_factor,same_category_subtype_swap,[0.75],1.0,1.0,0.0,0.6875,自车当前在原车道正常行驶，前方行人正缓速行走，自车应向左避障。,自车当前在原车道正常行驶，前方两轮骑行者正缓速行走，自车应向左避障。
143,16,obstacle_avoidance,dynamic_obstacle,1.7,wrong_factor,cross_category_swap,[0.0],1.0,1.0,0.0,0.5,自车当前在原车道正常行驶，前方行人正缓速行走，自车应向左避障。,前方存在车辆遮挡盲区，自车应向左避障。
144,16,obstacle_avoidance,dynamic_obstacle,1,unsafe_action,,[1.0],1.0,1.0,1.0,1.0,自车当前在原车道正常行驶，前方行人正缓速行走，自车应向左避障。,自车当前在原车道正常行驶，前方行人正缓速行走，自车应向右避障。
145,17,obstacle_avoidance,static_obstacle_blocking_lane,5,complete,,[1.0],1.0,1.0,1.0,1.0,自车当前在原车道正常行驶，右前方有黑色面包车占道停靠，自车应向左避障。,自车当前在原车道正常行驶，右前方有黑色面包车占道停靠，自车应向左避障。
146,17,obstacle_avoidance,static_obstacle_blocking_lane,4,generalized,,[0.25],1.0,1.0,1.0,0.8125,自车当前在原车道正常行驶，右前方有黑色面包车占道停靠，自车应向左避障。,前方存在障碍物影响通行，自车应向左避障。
147,17,obstacle_avoidance,static_obstacle_blocking_lane,3,missing_factor,,[0.0],1.0,1.0,1.0,0.75,自车当前在原车道正常行驶，右前方有黑色面包车占道停靠，自车应向左避障。,自车当前在原车道正常行驶，自车应向左避障。
148,17,obstacle_avoidance,static_obstacle_blocking_lane,3,missing_factor,,[1.0],1.0,1.0,1.0,1.0,自车当前在原车道正常行驶，右前方有黑色面包车占道停靠，自车应向左避障。,右前方有黑色面包车占道停靠，自车应向左避障。
149,17,obstacle_avoidance,static_obstacle_blocking_lane,2.8,wrong_factor,direction_swap,[0.75],1.0,1.0,1.0,0.9375,自车当前在原车道正常行驶，右前方有黑色面包车占道停靠，自车应向左避障。,自车当前在原车道正常行驶，左前方有黑色面包车占道停靠，自车应向左避障。
150,17,obstacle_avoidance,static_obstacle_blocking_lane,2.3,wrong_factor,same_category_subtype_swap,[0.75],1.0,1.0,1.0,0.9375,自车当前在原车道正常行驶，右前方有黑色面包车占道停靠，自车应向左避障。,自车当前在原车道正常行驶，右前方有黑色公交车占道停靠，自车应向左避障。
151,17,obstacle_avoidance,static_obstacle_blocking_lane,1.7,wrong_factor,cross_category_swap,[0.0],1.0,1.0,1.0,0.75,自车当前在原车道正常行驶，右前方有黑色面包车占道停靠，自车应向左避障。,前方存在车辆遮挡盲区，自车应向左避障。
152,17,obstacle_avoidance,static_obstacle_blocking_lane,1,unsafe_action,,[1.0],1.0,1.0,1.0,1.0,自车当前在原车道正常行驶，右前方有黑色面包车占道停靠，自车应向左避障。,自车当前在原车道正常行驶，右前方有黑色面包车占道停靠，自车应向右避障。
153,18,blind_spot,single_blind_spot,5,complete,,[1.0],1.0,1.0,1.0,1.0,左前方存在豁口盲区，自车应减速慢行。,左前方存在豁口盲区，自车应减速慢行。
154,18,blind_spot,single_blind_spot,4,generalized,,[0.25],1.0,1.0,1.0,0.8125,左前方存在豁口盲区，自车应减速慢行。,前方存在盲区风险，自车应减速行驶通过。
155,18,blind_spot,single_blind_spot,3,missing_factor,,[0.5],1.0,1.0,1.0,0.875,左前方存在豁口盲区，自车应减速慢行。,前方存在盲区，自车应减速行驶通过。
156,18,blind_spot,single_blind_spot,2.8,wrong_factor,direction_swap,[0.75],1.0,1.0,1.0,0.9375,左前方存在豁口盲区，自车应减速慢行。,右前方存在豁口盲区，自车应减速慢行。
157,18,blind_spot,single_blind_spot,2.3,wrong_factor,same_category_subtype_swap,[0.5],1.0,1.0,1.0,0.875,左前方存在豁口盲区，自车应减速慢行。,左前方存在车辆遮挡盲区，自车应减速慢行。
158,18,blind_spot,single_blind_spot,1.7,wrong_factor,cross_category_swap,[0.0],1.0,0.5,1.0,0.625,左前方存在豁口盲区，自车应减速慢行。,左前方存在车辆占道停车，自车应减速慢行。
159,18,blind_spot,single_blind_spot,1.7,wrong_factor,cross_category_swap,[0.0],1.0,1.0,1.0,0.75,左前方存在豁口盲区，自车应减速慢行。,前方存在锥桶占道，影响自车通行，自车应减速行驶通过。
160,18,blind_spot,single_blind_spot,1,unsafe_action,,[1.0],1.0,0.0,1.0,0.75,左前方存在豁口盲区，自车应减速慢行。,左前方存在豁口盲区，自车应加速通过。
161,19,lane_change,must_wait,5,complete,,"[1.0, 1.0]",1.0,1.0,1.0,1.0,自车道前方有锥桶阻挡自车车道，影响自车通行，左侧车道正常通行，但左侧车道有多辆小汽车速度较快，自车应等待其通过后向左变更车道。,自车道前方有锥桶阻挡自车车道，影响自车通行，左侧车道正常通行，但左侧车道有多辆小汽车速度较快，自车应等待其通过后向左变更车道。
162,19,lane_change,must_wait,4,generalized,,"[0.5, 0.0]",0.0,1.0,1.0,0.5,自车道前方有锥桶阻挡自车车道，影响自车通行，左侧车道正常通行，但左侧车道有多辆小汽车速度较快，自车应等待其通过后向左变更车道。,前方通行受阻，左侧车道具备换道条件，自车应向左变更车道。
163,19,lane_change,must_wait,3,missing_factor,,"[1.0, 0.0]",1.0,1.0,0.0,0.6,自车道前方有锥桶阻挡自车车道，影响自车通行，左侧车道正常通行，但左侧车道有多辆小汽车速度较快，自车应等待其通过后向左变更车道。,自车道前方有锥桶阻挡自车车道，影响自车通行，左侧车道正常通行，自车应向左变更车道。
164,19,lane_change,must_wait,3,missing_factor,,"[1.0, 1.0]",1.0,1.0,0.0,0.8,自车道前方有锥桶阻挡自车车道，影响自车通行，左侧车道正常通行，但左侧车道有多辆小汽车速度较快，自车应等待其通过后向左变更车道。,影响自车通行，左侧车道正常通行，但左侧车道有多辆小汽车速度较快，自车应向左变更车道。
165,19,lane_change,must_wait,3,missing_factor,,"[0.0, 1.0]",1.0,1.0,0.0,0.6,自车道前方有锥桶阻挡自车车道，影响自车通行，左侧车道正常通行，但左侧车道有多辆小汽车速度较快，自车应等待其通过后向左变更车道。,自车道前方有锥桶阻挡自车车道，但左侧车道有多辆小汽车速度较快，自车应向左变更车道。
166,19,lane_change,must_wait,2.8,wrong_factor,direction_swap,"[0.0, 1.0]",1.0,1.0,1.0,0.8,自车道前方有锥桶阻挡自车车道，影响自车通行，左侧车道正常通行，但左侧车道有多辆小汽车速度较快，自车应等待其通过后向左变更车道。,自车道前方有锥桶阻挡自车车道，影响自车通行，右侧车道正常通行，但左侧车道有多辆小汽车速度较快，自车应等待其通过后向左变更车道。
167,19,lane_change,must_wait,2.3,wrong_factor,same_category_subtype_swap,"[0.75, 1.0]",1.0,1.0,1.0,0.95,自车道前方有锥桶阻挡自车车道，影响自车通行，左侧车道正常通行，但左侧车道有多辆小汽车速度较快，自车应等待其通过后向左变更车道。,自车道前方有锥桶阻挡自车车道，影响自车通行，左侧车道通行效率较低，但左侧车道有多辆小汽车速度较快，自车应等待其通过后向左变更车道。
168,19,lane_change,must_wait,2.3,wrong_factor,same_category_subtype_swap,"[1.0, 0.75]",1.0,1.0,1.0,0.95,自车道前方有锥桶阻挡自车车道，影响自车通行，左侧车道正常通行，但左侧车道有多辆小汽车速度较快，自车应等待其通过后向左变更车道。,自车道前方有锥桶阻挡自车车道，影响自车通行，左侧车道正常通行，但左侧车道有多辆小汽车速度较慢，自车应等待其通过后向左变更车道。
169,19,lane_change,must_wait,1.7,wrong_factor,cross_category_swap,"[1.0, 1.0]",1.0,1.0,1.0,1.0,自车道前方有锥桶阻挡自车车道，影响自车通行，左侧车道正常通行，但左侧车道有多辆小汽车速度较快，自车应等待其通过后向左变更车道。,自车道前方有豁口盲区阻挡自车车道，影响自车通行，左侧车道正常通行，但左侧车道有多辆小汽车速度较快，自车应等待其通过后向左变更车道。
170,19,lane_change,must_wait,1.7,wrong_factor,cross_category_swap,"[0.0, 0.0]",1.0,1.0,0.0,0.4,自车道前方有锥桶阻挡自车车道，影响自车通行，左侧车道正常通行，但左侧车道有多辆小汽车速度较快，自车应等待其通过后向左变更车道。,前方存在车辆遮挡盲区，自车应向左变更车道。
171,19,lane_change,must_wait,1,unsafe_action,,"[1.0, 1.0]",1.0,1.0,0.0,0.8,自车道前方有锥桶阻挡自车车道，影响自车通行，左侧车道正常通行，但左侧车道有多辆小汽车速度较快，自车应等待其通过后向左变更车道。,自车道前方有锥桶阻挡自车车道，影响自车通行，左侧车道正常通行，但左侧车道有多辆小汽车速度较快，自车应向右变更车道。
172,20,traffic_signal,green_light_go,5,complete,,[1.0],1.0,1.0,1.0,1.0,自车当前在原车道正常行驶，自车道前方有较多车辆等红绿灯，影响自车通行效率，右侧车道较为空闲且右后方有多辆电动车，速度较慢与自车保持安全距离，自车应向右变更车道。,自车当前在原车道正常行驶，自车道前方有较多车辆等红绿灯，影响自车通行效率，右侧车道较为空闲且右后方有多辆电动车，速度较慢与自车保持安全距离，自车应向右变更车道。
173,20,traffic_signal,green_light_go,4,generalized,,[0.0],1.0,1.0,1.0,0.75,自车当前在原车道正常行驶，自车道前方有较多车辆等红绿灯，影响自车通行效率，右侧车道较为空闲且右后方有多辆电动车，速度较慢与自车保持安全距离，自车应向右变更车道。,当前路口信号允许通行，自车应向右变更车道。
174,20,traffic_signal,green_light_go,3,missing_factor,,[1.0],1.0,1.0,0.0,0.75,自车当前在原车道正常行驶，自车道前方有较多车辆等红绿灯，影响自车通行效率，右侧车道较为空闲且右后方有多辆电动车，速度较慢与自车保持安全距离，自车应向右变更车道。,自车当前在原车道正常行驶，自车道前方有较多车辆等红绿灯，影响自车通行效率，右侧车道较为空闲且右后方有多辆电动车，自车应向右变更车道。
175,20,traffic_signal,green_light_go,3,missing_factor,,[1.0],1.0,1.0,1.0,1.0,自车当前在原车道正常行驶，自车道前方有较多车辆等红绿灯，影响自车通行效率，右侧车道较为空闲且右后方有多辆电动车，速度较慢与自车保持安全距离，自车应向右变更车道。,自车道前方有较多车辆等红绿灯，影响自车通行效率，右侧车道较为空闲且右后方有多辆电动车，速度较慢与自车保持安全距离，自车应向右变更车道。
176,20,traffic_signal,green_light_go,3,missing_factor,,[0.0],1.0,1.0,1.0,0.75,自车当前在原车道正常行驶，自车道前方有较多车辆等红绿灯，影响自车通行效率，右侧车道较为空闲且右后方有多辆电动车，速度较慢与自车保持安全距离，自车应向右变更车道。,自车当前在原车道正常行驶，速度较慢与自车保持安全距离，自车应向右变更车道。
177,20,traffic_signal,green_light_go,2.8,wrong_factor,direction_swap,[0.0],1.0,1.0,1.0,0.75,自车当前在原车道正常行驶，自车道前方有较多车辆等红绿灯，影响自车通行效率，右侧车道较为空闲且右后方有多辆电动车，速度较慢与自车保持安全距离，自车应向右变更车道。,自车当前在原车道正常行驶，自车道前方有较多车辆等红绿灯，影响自车通行效率，左侧车道较为空闲且右后方有多辆电动车，速度较慢与自车保持安全距离，自车应向右变更车道。
178,20,traffic_signal,green_light_go,2.8,wrong_factor,direction_swap,[0.75],1.0,1.0,1.0,0.9375,自车当前在原车道正常行驶，自车道前方有较多车辆等红绿灯，影响自车通行效率，右侧车道较为空闲且右后方有多辆电动车，速度较慢与自车保持安全距离，自车应向右变更车道。,自车当前在原车道正常行驶，自车道前方有较多车辆等红绿灯，影响自车通行效率，右侧车道较为空闲且左后方有多辆电动车，速度较慢与自车保持安全距离，自车应向右变更车道。
179,20,traffic_signal,green_light_go,2.3,wrong_factor,same_category_subtype_swap,[1.0],1.0,1.0,1.0,1.0,自车当前在原车道正常行驶，自车道前方有较多车辆等红绿灯，影响自车通行效率，右侧车道较为空闲且右后方有多辆电动车，速度较慢与自车保持安全距离，自车应向右变更车道。,自车当前在原车道正常行驶，自车道前方有较多车辆等红红灯，影响自车通行效率，右侧车道较为空闲且右后方有多辆电动车，速度较慢与自车保持安全距离，自车应向右变更车道。
180,20,traffic_signal,green_light_go,1.7,wrong_factor,cross_category_swap,[0.0],1.0,1.0,0.0,0.5,自车当前在原车道正常行驶，自车道前方有较多车辆等红绿灯，影响自车通行效率，右侧车道较为空闲且右后方有多辆电动车，速度较慢与自车保持安全距离，自车应向右变更车道。,前方存在施工区域占道，自车应向右变更车道。
181,20,traffic_signal,green_light_go,1,unsafe_action,,[1.0],1.0,1.0,1.0,1.0,自车当前在原车道正常行驶，自车道前方有较多车辆等红绿灯，影响自车通行效率，右侧车道较为空闲且右后方有多辆电动车，速度较慢与自车保持安全距离，自车应向右变更车道。,自车当前在原车道正常行驶，自车道前方有较多车辆等红绿灯，影响自车通行效率，右侧车道较为空闲且右后方有多辆电动车，速度较慢与自车保持安全距离，自车应向左变更车道。
182,21,obstacle_avoidance,dynamic_obstacle,5,complete,,[1.0],1.0,1.0,1.0,1.0,自车当前在原车道正常行驶，前方白色货车正停靠在路边，多名行人正站在路边，自车应向左避障。,自车当前在原车道正常行驶，前方白色货车正停靠在路边，多名行人正站在路边，自车应向左避障。
183,21,obstacle_avoidance,dynamic_obstacle,4,generalized,,[0.0],1.0,1.0,0.0,0.5,自车当前在原车道正常行驶，前方白色货车正停靠在路边，多名行人正站在路边，自车应向左避障。,前方存在障碍物影响通行，自车应向左避障。
184,21,obstacle_avoidance,dynamic_obstacle,3,missing_factor,,[1.0],1.0,1.0,0.0,0.75,自车当前在原车道正常行驶，前方白色货车正停靠在路边，多名行人正站在路边，自车应向左避障。,自车当前在原车道正常行驶，前方白色货车正停靠在路边，自车应向左避障。
185,21,obstacle_avoidance,dynamic_obstacle,3,missing_factor,,[1.0],1.0,1.0,1.0,1.0,自车当前在原车道正常行驶，前方白色货车正停靠在路边，多名行人正站在路边，自车应向左避障。,前方白色货车正停靠在路边，多名行人正站在路边，自车应向左避障。
186,21,obstacle_avoidance,dynamic_obstacle,3,missing_factor,,[0.5],1.0,1.0,1.0,0.875,自车当前在原车道正常行驶，前方白色货车正停靠在路边，多名行人正站在路边，自车应向左避障。,自车当前在原车道正常行驶，多名行人正站在路边，自车应向左避障。
187,21,obstacle_avoidance,dynamic_obstacle,2.3,wrong_factor,same_category_subtype_swap,[1.0],1.0,1.0,0.0,0.75,自车当前在原车道正常行驶，前方白色货车正停靠在路边，多名行人正站在路边，自车应向左避障。,自车当前在原车道正常行驶，前方白色货车正停靠在路边，多名两轮骑行者正站在路边，自车应向左避障。
188,21,obstacle_avoidance,dynamic_obstacle,2.3,wrong_factor,same_category_subtype_swap,[0.75],1.0,1.0,1.0,0.9375,自车当前在原车道正常行驶，前方白色货车正停靠在路边，多名行人正站在路边，自车应向左避障。,自车当前在原车道正常行驶，前方白色小汽车正停靠在路边，多名行人正站在路边，自车应向左避障。
189,21,obstacle_avoidance,dynamic_obstacle,1.7,wrong_factor,cross_category_swap,[0.0],1.0,1.0,0.0,0.5,自车当前在原车道正常行驶，前方白色货车正停靠在路边，多名行人正站在路边，自车应向左避障。,前方存在车辆遮挡盲区，自车应向左避障。
190,21,obstacle_avoidance,dynamic_obstacle,1,unsafe_action,,[1.0],1.0,1.0,1.0,1.0,自车当前在原车道正常行驶，前方白色货车正停靠在路边，多名行人正站在路边，自车应向左避障。,自车当前在原车道正常行驶，前方白色货车正停靠在路边，多名行人正站在路边，自车应向右避障。
191,22,road_condition,road_surface,5,complete,,[1.0],1.0,1.0,1.0,1.0,正前方存在减速带，自车应减速行驶通过。,正前方存在减速带，自车应减速行驶通过。
192,22,road_condition,road_surface,4,generalized,,[0.0],1.0,1.0,1.0,0.75,正前方存在减速带，自车应减速行驶通过。,前方存在异常路面，自车应减速行驶通过。
193,22,road_condition,road_surface,3,missing_factor,,[1.0],1.0,1.0,1.0,1.0,正前方存在减速带，自车应减速行驶通过。,正前方存在减速带，自车应减速行驶通过。
194,22,road_condition,road_surface,2.3,wrong_factor,same_category_subtype_swap,[0.0],1.0,1.0,1.0,0.75,正前方存在减速带，自车应减速行驶通过。,正前方存在坑洼路面，自车应减速行驶通过。
195,22,road_condition,road_surface,1.7,wrong_factor,cross_category_swap,[0.0],1.0,0.5,1.0,0.625,正前方存在减速带，自车应减速行驶通过。,正前方存在车辆占道停车，自车应减速行驶通过。
196,22,road_condition,road_surface,1.7,wrong_factor,cross_category_swap,[0.5],1.0,1.0,0.0,0.625,正前方存在减速带，自车应减速行驶通过。,右前方有车辆意图切入自车道，自车应减速行驶通过。
197,22,road_condition,road_surface,1,unsafe_action,,[1.0],1.0,0.5,1.0,0.875,正前方存在减速带，自车应减速行驶通过。,正前方存在减速带，自车应加速通过。
198,23,yielding,decelerate_to_yield,5,complete,,[1.0],1.0,1.0,1.0,1.0,左前方一辆白色栏板货车正切入自车道，自车应减速让行。,左前方一辆白色栏板货车正切入自车道，自车应减速让行。
199,23,yielding,decelerate_to_yield,4,generalized,,[0.5],1.0,1.0,1.0,0.875,左前方一辆白色栏板货车正切入自车道，自车应减速让行。,前方有交通参与者影响自车通行，自车应减速让行。
200,23,yielding,decelerate_to_yield,3,missing_factor,,[0.75],1.0,1.0,1.0,0.9375,左前方一辆白色栏板货车正切入自车道，自车应减速让行。,前方一辆栏板货车正切入自车道，自车应减速让行。
201,23,yielding,decelerate_to_yield,2.8,wrong_factor,direction_swap,[0.75],1.0,1.0,1.0,0.9375,左前方一辆白色栏板货车正切入自车道，自车应减速让行。,右前方一辆白色栏板货车正切入自车道，自车应减速让行。
202,23,yielding,decelerate_to_yield,2.3,wrong_factor,same_category_subtype_swap,[0.75],1.0,1.0,1.0,0.9375,左前方一辆白色栏板货车正切入自车道，自车应减速让行。,左前方一辆白色栏板小汽车正切入自车道，自车应减速让行。
203,23,yielding,decelerate_to_yield,1.7,wrong_factor,cross_category_swap,[0.0],1.0,1.0,1.0,0.75,左前方一辆白色栏板货车正切入自车道，自车应减速让行。,前方存在坑洼路面，自车应减速让行。
204,23,yielding,decelerate_to_yield,1,unsafe_action,,[1.0],1.0,0.0,1.0,0.75,左前方一辆白色栏板货车正切入自车道，自车应减速让行。,左前方一辆白色栏板货车正切入自车道，自车应加速通过。
205,24,lane_change,proactive_slow_ahead,5,complete,,[1.0],1.0,1.0,1.0,1.0,自车当前正在顺行，自车道前方有较多车辆行驶缓慢，影响自车通行效率，右侧车道空闲且右后方无来车，自车应向右换道。,自车当前正在顺行，自车道前方有较多车辆行驶缓慢，影响自车通行效率，右侧车道空闲且右后方无来车，自车应向右换道。
206,24,lane_change,proactive_slow_ahead,4,generalized,,[0.5],1.0,1.0,0.0,0.625,自车当前正在顺行，自车道前方有较多车辆行驶缓慢，影响自车通行效率，右侧车道空闲且右后方无来车，自车应向右换道。,前方通行受阻，右侧车道具备换道条件，自车应向右变更车道。
207,24,lane_change,proactive_slow_ahead,3,missing_factor,,[0.0],0.0,1.0,1.0,0.5,自车当前正在顺行，自车道前方有较多车辆行驶缓慢，影响自车通行效率，右侧车道空闲且右后方无来车，自车应向右换道。,自车当前正在顺行，自车道前方有较多车辆行驶缓慢，影响自车通行效率，自车应向右变更车道。
208,24,lane_change,proactive_slow_ahead,3,missing_factor,,[1.0],0.0,1.0,1.0,0.75,自车当前正在顺行，自车道前方有较多车辆行驶缓慢，影响自车通行效率，右侧车道空闲且右后方无来车，自车应向右换道。,自车道前方有较多车辆行驶缓慢，影响自车通行效率，右侧车道空闲且右后方无来车，自车应向右变更车道。
209,24,lane_change,proactive_slow_ahead,3,missing_factor,,[1.0],0.0,1.0,1.0,0.75,自车当前正在顺行，自车道前方有较多车辆行驶缓慢，影响自车通行效率，右侧车道空闲且右后方无来车，自车应向右换道。,自车当前正在顺行，右侧车道空闲且右后方无来车，自车应向右变更车道。
210,24,lane_change,proactive_slow_ahead,2.8,wrong_factor,direction_swap,[0.0],1.0,1.0,1.0,0.75,自车当前正在顺行，自车道前方有较多车辆行驶缓慢，影响自车通行效率，右侧车道空闲且右后方无来车，自车应向右换道。,自车当前正在顺行，自车道前方有较多车辆行驶缓慢，影响自车通行效率，左侧车道空闲且右后方无来车，自车应向右换道。
211,24,lane_change,proactive_slow_ahead,2.8,wrong_factor,direction_swap,[0.75],1.0,1.0,1.0,0.9375,自车当前正在顺行，自车道前方有较多车辆行驶缓慢，影响自车通行效率，右侧车道空闲且右后方无来车，自车应向右换道。,自车当前正在顺行，自车道前方有较多车辆行驶缓慢，影响自车通行效率，右侧车道空闲且左后方无来车，自车应向右换道。
212,24,lane_change,proactive_slow_ahead,2.3,wrong_factor,same_category_subtype_swap,[0.75],1.0,1.0,1.0,0.9375,自车当前正在顺行，自车道前方有较多车辆行驶缓慢，影响自车通行效率，右侧车道空闲且右后方无来车，自车应向右换道。,自车当前正在顺行，自车道前方有较多车辆行驶缓慢，影响自车通行效率，右侧车道拥堵且右后方无来车，自车应向右换道。
213,24,lane_change,proactive_slow_ahead,2.3,wrong_factor,same_category_subtype_swap,[0.75],1.0,1.0,1.0,0.9375,自车当前正在顺行，自车道前方有较多车辆行驶缓慢，影响自车通行效率，右侧车道空闲且右后方无来车，自车应向右换道。,自车当前正在顺行，自车道前方有较多车辆行驶缓慢，影响自车通行效率，右侧车道空闲且右后方有快速来车，自车应向右换道。
214,24,lane_change,proactive_slow_ahead,1.7,wrong_factor,cross_category_swap,[0.0],0.0,1.0,1.0,0.5,自车当前正在顺行，自车道前方有较多车辆行驶缓慢，影响自车通行效率，右侧车道空闲且右后方无来车，自车应向右换道。,前方存在车辆遮挡盲区，自车应向右变更车道。
215,24,lane_change,proactive_slow_ahead,1,unsafe_action,,[1.0],0.0,1.0,1.0,0.75,自车当前正在顺行，自车道前方有较多车辆行驶缓慢，影响自车通行效率，右侧车道空闲且右后方无来车，自车应向右换道。,自车当前正在顺行，自车道前方有较多车辆行驶缓慢，影响自车通行效率，右侧车道空闲且右后方无来车，自车应向左变更车道。
216,25,traffic_signal,red_light_stop,5,complete,,[1.0],1.0,1.0,1.0,1.0,自车当前实际行驶方向为直行，箭头灯为红色，自车应刹停在路口停止线前。,自车当前实际行驶方向为直行，箭头灯为红色，自车应刹停在路口停止线前。
217,25,traffic_signal,red_light_stop,4,generalized,,[0.5],1.0,1.0,0.0,0.625,自车当前实际行驶方向为直行，箭头灯为红色，自车应刹停在路口停止线前。,当前路口信号不允许通行，自车应刹停在路口停止线前。
218,25,traffic_signal,red_light_stop,3,missing_factor,,[0.75],1.0,1.0,1.0,0.9375,自车当前实际行驶方向为直行，箭头灯为红色，自车应刹停在路口停止线前。,自车当前实际行驶方向为直行，自车应刹停在路口停止线前。
219,25,traffic_signal,red_light_stop,3,missing_factor,,[0.75],1.0,1.0,1.0,0.9375,自车当前实际行驶方向为直行，箭头灯为红色，自车应刹停在路口停止线前。,箭头灯为红色，自车应刹停在路口停止线前。
220,25,traffic_signal,red_light_stop,2.3,wrong_factor,same_category_subtype_swap,[0.75],1.0,1.0,1.0,0.9375,自车当前实际行驶方向为直行，箭头灯为红色，自车应刹停在路口停止线前。,自车当前实际行驶方向为直行，箭头灯为绿色，自车应刹停在路口停止线前。
221,25,traffic_signal,red_light_stop,1.7,wrong_factor,cross_category_swap,[0.0],1.0,1.0,1.0,0.75,自车当前实际行驶方向为直行，箭头灯为红色，自车应刹停在路口停止线前。,前方存在施工区域占道，自车应刹停在路口停止线前。
222,25,traffic_signal,red_light_stop,1,unsafe_action,,[0.75],1.0,0.0,1.0,0.6875,自车当前实际行驶方向为直行，箭头灯为红色，自车应刹停在路口停止线前。,自车当前实际行驶方向为直行，箭头灯为红色，自车应加速通过路口。
223,26,lane_change,proactive_slow_ahead,5,complete,,[1.0],1.0,1.0,1.0,1.0,自车当前在原车道跟车行驶，自车道前方较多车辆行驶缓慢，通行效率低，左侧车道通行效率较高且左后方无来车，自车应向左变更车道。,自车当前在原车道跟车行驶，自车道前方较多车辆行驶缓慢，通行效率低，左侧车道通行效率较高且左后方无来车，自车应向左变更车道。
224,26,lane_change,proactive_slow_ahead,4,generalized,,[0.5],0.0,1.0,0.0,0.375,自车当前在原车道跟车行驶，自车道前方较多车辆行驶缓慢，通行效率低，左侧车道通行效率较高且左后方无来车，自车应向左变更车道。,前方通行受阻，左侧车道具备换道条件，自车应向左变更车道。
225,26,lane_change,proactive_slow_ahead,3,missing_factor,,[0.0],1.0,1.0,1.0,0.75,自车当前在原车道跟车行驶，自车道前方较多车辆行驶缓慢，通行效率低，左侧车道通行效率较高且左后方无来车，自车应向左变更车道。,自车当前在原车道跟车行驶，自车道前方较多车辆行驶缓慢，通行效率低，自车应向左变更车道。
226,26,lane_change,proactive_slow_ahead,3,missing_factor,,[1.0],1.0,1.0,1.0,1.0,自车当前在原车道跟车行驶，自车道前方较多车辆行驶缓慢，通行效率低，左侧车道通行效率较高且左后方无来车，自车应向左变更车道。,自车道前方较多车辆行驶缓慢，通行效率低，左侧车道通行效率较高且左后方无来车，自车应向左变更车道。
227,26,lane_change,proactive_slow_ahead,3,missing_factor,,[1.0],1.0,1.0,1.0,1.0,自车当前在原车道跟车行驶，自车道前方较多车辆行驶缓慢，通行效率低，左侧车道通行效率较高且左后方无来车，自车应向左变更车道。,自车当前在原车道跟车行驶，左侧车道通行效率较高且左后方无来车，自车应向左变更车道。
228,26,lane_change,proactive_slow_ahead,2.8,wrong_factor,direction_swap,[0.0],1.0,1.0,1.0,0.75,自车当前在原车道跟车行驶，自车道前方较多车辆行驶缓慢，通行效率低，左侧车道通行效率较高且左后方无来车，自车应向左变更车道。,自车当前在原车道跟车行驶，自车道前方较多车辆行驶缓慢，通行效率低，右侧车道通行效率较高且左后方无来车，自车应向左变更车道。
229,26,lane_change,proactive_slow_ahead,2.8,wrong_factor,direction_swap,[0.75],1.0,1.0,1.0,0.9375,自车当前在原车道跟车行驶，自车道前方较多车辆行驶缓慢，通行效率低，左侧车道通行效率较高且左后方无来车，自车应向左变更车道。,自车当前在原车道跟车行驶，自车道前方较多车辆行驶缓慢，通行效率低，左侧车道通行效率较高且右后方无来车，自车应向左变更车道。
230,26,lane_change,proactive_slow_ahead,2.3,wrong_factor,same_category_subtype_swap,[0.75],1.0,1.0,1.0,0.9375,自车当前在原车道跟车行驶，自车道前方较多车辆行驶缓慢，通行效率低，左侧车道通行效率较高且左后方无来车，自车应向左变更车道。,自车当前在原车道跟车行驶，自车道前方较多车辆行驶缓慢，通行效率低，左侧车道通行效率较低且左后方无来车，自车应向左变更车道。
231,26,lane_change,proactive_slow_ahead,2.3,wrong_factor,same_category_subtype_swap,[0.75],1.0,1.0,1.0,0.9375,自车当前在原车道跟车行驶，自车道前方较多车辆行驶缓慢，通行效率低，左侧车道通行效率较高且左后方无来车，自车应向左变更车道。,自车当前在原车道跟车行驶，自车道前方较多车辆行驶缓慢，通行效率低，左侧车道通行效率较高且左后方有快速来车，自车应向左变更车道。
232,26,lane_change,proactive_slow_ahead,1.7,wrong_factor,cross_category_swap,[0.0],1.0,1.0,1.0,0.75,自车当前在原车道跟车行驶，自车道前方较多车辆行驶缓慢，通行效率低，左侧车道通行效率较高且左后方无来车，自车应向左变更车道。,前方存在车辆遮挡盲区，自车应向左变更车道。
233,26,lane_change,proactive_slow_ahead,1,unsafe_action,,[1.0],1.0,1.0,1.0,1.0,自车当前在原车道跟车行驶，自车道前方较多车辆行驶缓慢，通行效率低，左侧车道通行效率较高且左后方无来车，自车应向左变更车道。,自车当前在原车道跟车行驶，自车道前方较多车辆行驶缓慢，通行效率低，左侧车道通行效率较高且左后方无来车，自车应向右变更车道。
234,27,lane_change,proactive_slow_ahead,5,complete,,[1.0],1.0,1.0,1.0,1.0,自车当前正在顺行，自车道前方有一辆黑色小汽车辆行驶缓慢影响自车通行效率，左侧车道通行效率较高且左后方无来车，自车应向左变更车道。,自车当前正在顺行，自车道前方有一辆黑色小汽车辆行驶缓慢影响自车通行效率，左侧车道通行效率较高且左后方无来车，自车应向左变更车道。
235,27,lane_change,proactive_slow_ahead,4,generalized,,[0.5],0.0,1.0,0.0,0.375,自车当前正在顺行，自车道前方有一辆黑色小汽车辆行驶缓慢影响自车通行效率，左侧车道通行效率较高且左后方无来车，自车应向左变更车道。,前方通行受阻，左侧车道具备换道条件，自车应向左变更车道。
236,27,lane_change,proactive_slow_ahead,3,missing_factor,,[0.0],1.0,1.0,1.0,0.75,自车当前正在顺行，自车道前方有一辆黑色小汽车辆行驶缓慢影响自车通行效率，左侧车道通行效率较高且左后方无来车，自车应向左变更车道。,自车当前正在顺行，自车道前方有一辆黑色小汽车辆行驶缓慢影响自车通行效率，自车应向左变更车道。
237,27,lane_change,proactive_slow_ahead,3,missing_factor,,[1.0],1.0,1.0,1.0,1.0,自车当前正在顺行，自车道前方有一辆黑色小汽车辆行驶缓慢影响自车通行效率，左侧车道通行效率较高且左后方无来车，自车应向左变更车道。,自车道前方有一辆黑色小汽车辆行驶缓慢影响自车通行效率，左侧车道通行效率较高且左后方无来车，自车应向左变更车道。
238,27,lane_change,proactive_slow_ahead,3,missing_factor,,[1.0],1.0,1.0,1.0,1.0,自车当前正在顺行，自车道前方有一辆黑色小汽车辆行驶缓慢影响自车通行效率，左侧车道通行效率较高且左后方无来车，自车应向左变更车道。,自车当前正在顺行，左侧车道通行效率较高且左后方无来车，自车应向左变更车道。
239,27,lane_change,proactive_slow_ahead,2.8,wrong_factor,direction_swap,[0.0],1.0,1.0,1.0,0.75,自车当前正在顺行，自车道前方有一辆黑色小汽车辆行驶缓慢影响自车通行效率，左侧车道通行效率较高且左后方无来车，自车应向左变更车道。,自车当前正在顺行，自车道前方有一辆黑色小汽车辆行驶缓慢影响自车通行效率，右侧车道通行效率较高且左后方无来车，自车应向左变更车道。
240,27,lane_change,proactive_slow_ahead,2.8,wrong_factor,direction_swap,[0.75],1.0,1.0,1.0,0.9375,自车当前正在顺行，自车道前方有一辆黑色小汽车辆行驶缓慢影响自车通行效率，左侧车道通行效率较高且左后方无来车，自车应向左变更车道。,自车当前正在顺行，自车道前方有一辆黑色小汽车辆行驶缓慢影响自车通行效率，左侧车道通行效率较高且右后方无来车，自车应向左变更车道。
241,27,lane_change,proactive_slow_ahead,2.3,wrong_factor,same_category_subtype_swap,[0.75],1.0,1.0,1.0,0.9375,自车当前正在顺行，自车道前方有一辆黑色小汽车辆行驶缓慢影响自车通行效率，左侧车道通行效率较高且左后方无来车，自车应向左变更车道。,自车当前正在顺行，自车道前方有一辆黑色小汽车辆行驶缓慢影响自车通行效率，左侧车道通行效率较低且左后方无来车，自车应向左变更车道。
242,27,lane_change,proactive_slow_ahead,2.3,wrong_factor,same_category_subtype_swap,[0.75],1.0,1.0,1.0,0.9375,自车当前正在顺行，自车道前方有一辆黑色小汽车辆行驶缓慢影响自车通行效率，左侧车道通行效率较高且左后方无来车，自车应向左变更车道。,自车当前正在顺行，自车道前方有一辆黑色小汽车辆行驶缓慢影响自车通行效率，左侧车道通行效率较高且左后方有快速来车，自车应向左变更车道。
243,27,lane_change,proactive_slow_ahead,1.7,wrong_factor,cross_category_swap,[0.0],1.0,1.0,1.0,0.75,自车当前正在顺行，自车道前方有一辆黑色小汽车辆行驶缓慢影响自车通行效率，左侧车道通行效率较高且左后方无来车，自车应向左变更车道。,前方存在车辆遮挡盲区，自车应向左变更车道。
244,27,lane_change,proactive_slow_ahead,1,unsafe_action,,[1.0],1.0,1.0,1.0,1.0,自车当前正在顺行，自车道前方有一辆黑色小汽车辆行驶缓慢影响自车通行效率，左侧车道通行效率较高且左后方无来车，自车应向左变更车道。,自车当前正在顺行，自车道前方有一辆黑色小汽车辆行驶缓慢影响自车通行效率，左侧车道通行效率较高且左后方无来车，自车应向右变更车道。
245,28,road_condition,road_surface,5,complete,,[1.0],1.0,1.0,1.0,1.0,右前方有坑洼路面，自车应向左避让减速通行。,右前方有坑洼路面，自车应向左避让减速通行。
246,28,road_condition,road_surface,4,generalized,,[0.25],1.0,0.0,1.0,0.5625,右前方有坑洼路面，自车应向左避让减速通行。,前方存在异常路面，自车应向左避障。
247,28,road_condition,road_surface,3,missing_factor,,[0.75],1.0,0.0,1.0,0.6875,右前方有坑洼路面，自车应向左避让减速通行。,前方有坑洼路面，自车应向左避障。
248,28,road_condition,road_surface,2.8,wrong_factor,direction_swap,[0.75],1.0,1.0,1.0,0.9375,右前方有坑洼路面，自车应向左避让减速通行。,左前方有坑洼路面，自车应向左避让减速通行。
249,28,road_condition,road_surface,2.3,wrong_factor,same_category_subtype_swap,[0.5],1.0,1.0,1.0,0.875,右前方有坑洼路面，自车应向左避让减速通行。,右前方有积水路面，自车应向左避让减速通行。
250,28,road_condition,road_surface,1.7,wrong_factor,cross_category_swap,[0.0],1.0,1.0,1.0,0.75,右前方有坑洼路面，自车应向左避让减速通行。,右前方有车辆遮挡盲区，自车应向左避让减速通行。
251,28,road_condition,road_surface,1.7,wrong_factor,cross_category_swap,[0.0],1.0,1.0,1.0,0.75,右前方有坑洼路面，自车应向左避让减速通行。,右前方有车辆遮挡盲区路面，自车应向左避让减速通行。
252,28,road_condition,road_surface,1.7,wrong_factor,cross_category_swap,[0.0],1.0,0.0,0.0,0.25,右前方有坑洼路面，自车应向左避让减速通行。,右前方有车辆意图切入自车道，自车应向左避障。
253,28,road_condition,road_surface,1,unsafe_action,,[1.0],1.0,0.0,1.0,0.75,右前方有坑洼路面，自车应向左避让减速通行。,右前方有坑洼路面，自车应向右避障。
254,29,obstacle_avoidance,dynamic_obstacle,5,complete,,[1.0],1.0,1.0,1.0,1.0,自车当前在原车道正常行驶，自车前方有三轮骑行者缓慢行驶，自车应向左避障。,自车当前在原车道正常行驶，自车前方有三轮骑行者缓慢行驶，自车应向左避障。
255,29,obstacle_avoidance,dynamic_obstacle,4,generalized,,[0.0],1.0,0.0,1.0,0.5,自车当前在原车道正常行驶，自车前方有三轮骑行者缓慢行驶，自车应向左避障。,前方存在障碍物影响通行，自车应向左避障。
256,29,obstacle_avoidance,dynamic_obstacle,3,missing_factor,,[0.75],1.0,0.0,1.0,0.6875,自车当前在原车道正常行驶，自车前方有三轮骑行者缓慢行驶，自车应向左避障。,自车当前在原车道正常行驶，自车应向左避障。
257,29,obstacle_avoidance,dynamic_obstacle,3,missing_factor,,[0.75],1.0,1.0,1.0,0.9375,自车当前在原车道正常行驶，自车前方有三轮骑行者缓慢行驶，自车应向左避障。,自车前方有三轮骑行者缓慢行驶，自车应向左避障。
258,29,obstacle_avoidance,dynamic_obstacle,2.3,wrong_factor,same_category_subtype_swap,[0.75],1.0,1.0,1.0,0.9375,自车当前在原车道正常行驶，自车前方有三轮骑行者缓慢行驶，自车应向左避障。,自车当前在原车道正常行驶，自车前方有两轮骑行者缓慢行驶，自车应向左避障。
259,29,obstacle_avoidance,dynamic_obstacle,1.7,wrong_factor,cross_category_swap,[0.0],1.0,0.0,1.0,0.5,自车当前在原车道正常行驶，自车前方有三轮骑行者缓慢行驶，自车应向左避障。,前方存在车辆遮挡盲区，自车应向左避障。
260,29,obstacle_avoidance,dynamic_obstacle,1,unsafe_action,,[0.75],1.0,1.0,1.0,0.9375,自车当前在原车道正常行驶，自车前方有三轮骑行者缓慢行驶，自车应向左避障。,自车当前在原车道正常行驶，自车前方有三轮骑行者缓慢行驶，自车应向右避障。
261,30,lane_change,proactive_slow_ahead,5,complete,,[1.0],1.0,1.0,1.0,1.0,自车当前在原车道正常行驶，自车道前方有一辆银色MPV速度较慢，影响自车通行效率，左侧车道通行效率较高且左后方无来车，自车应向左变更车道。,自车当前在原车道正常行驶，自车道前方有一辆银色MPV速度较慢，影响自车通行效率，左侧车道通行效率较高且左后方无来车，自车应向左变更车道。
262,30,lane_change,proactive_slow_ahead,4,generalized,,[0.5],0.0,1.0,0.0,0.375,自车当前在原车道正常行驶，自车道前方有一辆银色MPV速度较慢，影响自车通行效率，左侧车道通行效率较高且左后方无来车，自车应向左变更车道。,前方通行受阻，左侧车道具备换道条件，自车应向左变更车道。
263,30,lane_change,proactive_slow_ahead,3,missing_factor,,[0.0],1.0,1.0,1.0,0.75,自车当前在原车道正常行驶，自车道前方有一辆银色MPV速度较慢，影响自车通行效率，左侧车道通行效率较高且左后方无来车，自车应向左变更车道。,自车当前在原车道正常行驶，自车道前方有一辆银色MPV速度较慢，影响自车通行效率，自车应向左变更车道。
264,30,lane_change,proactive_slow_ahead,3,missing_factor,,[1.0],1.0,1.0,1.0,1.0,自车当前在原车道正常行驶，自车道前方有一辆银色MPV速度较慢，影响自车通行效率，左侧车道通行效率较高且左后方无来车，自车应向左变更车道。,自车道前方有一辆银色MPV速度较慢，影响自车通行效率，左侧车道通行效率较高且左后方无来车，自车应向左变更车道。
265,30,lane_change,proactive_slow_ahead,3,missing_factor,,[1.0],1.0,1.0,1.0,1.0,自车当前在原车道正常行驶，自车道前方有一辆银色MPV速度较慢，影响自车通行效率，左侧车道通行效率较高且左后方无来车，自车应向左变更车道。,自车当前在原车道正常行驶，左侧车道通行效率较高且左后方无来车，自车应向左变更车道。
266,30,lane_change,proactive_slow_ahead,2.8,wrong_factor,direction_swap,[0.0],1.0,1.0,1.0,0.75,自车当前在原车道正常行驶，自车道前方有一辆银色MPV速度较慢，影响自车通行效率，左侧车道通行效率较高且左后方无来车，自车应向左变更车道。,自车当前在原车道正常行驶，自车道前方有一辆银色MPV速度较慢，影响自车通行效率，右侧车道通行效率较高且左后方无来车，自车应向左变更车道。
267,30,lane_change,proactive_slow_ahead,2.8,wrong_factor,direction_swap,[0.75],1.0,1.0,1.0,0.9375,自车当前在原车道正常行驶，自车道前方有一辆银色MPV速度较慢，影响自车通行效率，左侧车道通行效率较高且左后方无来车，自车应向左变更车道。,自车当前在原车道正常行驶，自车道前方有一辆银色MPV速度较慢，影响自车通行效率，左侧车道通行效率较高且右后方无来车，自车应向左变更车道。
268,30,lane_change,proactive_slow_ahead,2.3,wrong_factor,same_category_subtype_swap,[0.75],1.0,1.0,1.0,0.9375,自车当前在原车道正常行驶，自车道前方有一辆银色MPV速度较慢，影响自车通行效率，左侧车道通行效率较高且左后方无来车，自车应向左变更车道。,自车当前在原车道正常行驶，自车道前方有一辆银色MPV速度较慢，影响自车通行效率，左侧车道通行效率较低且左后方无来车，自车应向左变更车道。
269,30,lane_change,proactive_slow_ahead,2.3,wrong_factor,same_category_subtype_swap,[0.75],1.0,1.0,1.0,0.9375,自车当前在原车道正常行驶，自车道前方有一辆银色MPV速度较慢，影响自车通行效率，左侧车道通行效率较高且左后方无来车，自车应向左变更车道。,自车当前在原车道正常行驶，自车道前方有一辆银色MPV速度较慢，影响自车通行效率，左侧车道通行效率较高且左后方有快速来车，自车应向左变更车道。
270,30,lane_change,proactive_slow_ahead,2.3,wrong_factor,same_category_subtype_swap,[1.0],1.0,1.0,1.0,1.0,自车当前在原车道正常行驶，自车道前方有一辆银色MPV速度较慢，影响自车通行效率，左侧车道通行效率较高且左后方无来车，自车应向左变更车道。,自车当前在原车道正常行驶，自车道前方有一辆银色MPV速度较快，影响自车通行效率，左侧车道通行效率较高且左后方无来车，自车应向左变更车道。
271,30,lane_change,proactive_slow_ahead,1.7,wrong_factor,cross_category_swap,[0.0],1.0,1.0,1.0,0.75,自车当前在原车道正常行驶，自车道前方有一辆银色MPV速度较慢，影响自车通行效率，左侧车道通行效率较高且左后方无来车，自车应向左变更车道。,前方存在车辆遮挡盲区，自车应向左变更车道。
272,30,lane_change,proactive_slow_ahead,1,unsafe_action,,[1.0],1.0,1.0,1.0,1.0,自车当前在原车道正常行驶，自车道前方有一辆银色MPV速度较慢，影响自车通行效率，左侧车道通行效率较高且左后方无来车，自车应向左变更车道。,自车当前在原车道正常行驶，自车道前方有一辆银色MPV速度较慢，影响自车通行效率，左侧车道通行效率较高且左后方无来车，自车应向右变更车道。
273,31,curve,curve_geometry,5,complete,,[1.0],1.0,1.0,1.0,1.0,前方存在大曲率弯道，自车应减速行驶通过。,前方存在大曲率弯道，自车应减速行驶通过。
274,31,curve,curve_geometry,4,generalized,,[0.5],1.0,1.0,1.0,0.875,前方存在大曲率弯道，自车应减速行驶通过。,前方存在弯道风险，自车应减速行驶通过。
275,31,curve,curve_geometry,3,missing_factor,,[1.0],1.0,1.0,1.0,1.0,前方存在大曲率弯道，自车应减速行驶通过。,前方存在大曲率弯道，自车应减速行驶通过。
276,31,curve,curve_geometry,2.3,wrong_factor,same_category_subtype_swap,[0.0],1.0,1.0,1.0,0.75,前方存在大曲率弯道，自车应减速行驶通过。,前方存在坡道，自车应减速行驶通过。
277,31,curve,curve_geometry,1.7,wrong_factor,cross_category_swap,[0.0],1.0,1.0,0.0,0.5,前方存在大曲率弯道，自车应减速行驶通过。,右前方有车辆意图切入自车道，自车应减速行驶通过。
278,31,curve,curve_geometry,1,unsafe_action,,[1.0],1.0,0.0,1.0,0.75,前方存在大曲率弯道，自车应减速行驶通过。,前方存在大曲率弯道，自车应加速通过。
279,32,obstacle_avoidance,static_obstacle_blocking_lane,5,complete,,[1.0],1.0,1.0,1.0,1.0,自车当前在原车道正常行驶，前方有小汽车占道停靠，自车应向左避障。,自车当前在原车道正常行驶，前方有小汽车占道停靠，自车应向左避障。
280,32,obstacle_avoidance,static_obstacle_blocking_lane,4,generalized,,[0.5],1.0,1.0,1.0,0.875,自车当前在原车道正常行驶，前方有小汽车占道停靠，自车应向左避障。,前方存在障碍物影响通行，自车应向左避障。
281,32,obstacle_avoidance,static_obstacle_blocking_lane,3,missing_factor,,[0.0],1.0,1.0,1.0,0.75,自车当前在原车道正常行驶，前方有小汽车占道停靠，自车应向左避障。,自车当前在原车道正常行驶，自车应向左避障。
282,32,obstacle_avoidance,static_obstacle_blocking_lane,3,missing_factor,,[1.0],1.0,1.0,1.0,1.0,自车当前在原车道正常行驶，前方有小汽车占道停靠，自车应向左避障。,前方有小汽车占道停靠，自车应向左避障。
283,32,obstacle_avoidance,static_obstacle_blocking_lane,2.3,wrong_factor,same_category_subtype_swap,[0.75],1.0,1.0,1.0,0.9375,自车当前在原车道正常行驶，前方有小汽车占道停靠，自车应向左避障。,自车当前在原车道正常行驶，前方有货车占道停靠，自车应向左避障。
284,32,obstacle_avoidance,static_obstacle_blocking_lane,1.7,wrong_factor,cross_category_swap,[0.0],1.0,1.0,1.0,0.75,自车当前在原车道正常行驶，前方有小汽车占道停靠，自车应向左避障。,前方存在车辆遮挡盲区，自车应向左避障。
285,32,obstacle_avoidance,static_obstacle_blocking_lane,1,unsafe_action,,[1.0],1.0,1.0,1.0,1.0,自车当前在原车道正常行驶，前方有小汽车占道停靠，自车应向左避障。,自车当前在原车道正常行驶，前方有小汽车占道停靠，自车应向右避障。
286,33,obstacle_avoidance,dynamic_obstacle,5,complete,,[1.0],1.0,1.0,1.0,1.0,自车当前在原车道正常行驶，前方白色货车正缓速行驶，自车应向左避障。,自车当前在原车道正常行驶，前方白色货车正缓速行驶，自车应向左避障。
287,33,obstacle_avoidance,dynamic_obstacle,4,generalized,,[0.0],1.0,1.0,1.0,0.75,自车当前在原车道正常行驶，前方白色货车正缓速行驶，自车应向左避障。,前方存在障碍物影响通行，自车应向左避障。
288,33,obstacle_avoidance,dynamic_obstacle,3,missing_factor,,[0.5],1.0,1.0,1.0,0.875,自车当前在原车道正常行驶，前方白色货车正缓速行驶，自车应向左避障。,自车当前在原车道正常行驶，自车应向左避障。
289,33,obstacle_avoidance,dynamic_obstacle,3,missing_factor,,[1.0],1.0,1.0,1.0,1.0,自车当前在原车道正常行驶，前方白色货车正缓速行驶，自车应向左避障。,前方白色货车正缓速行驶，自车应向左避障。
290,33,obstacle_avoidance,dynamic_obstacle,2.3,wrong_factor,same_category_subtype_swap,[0.75],1.0,1.0,1.0,0.9375,自车当前在原车道正常行驶，前方白色货车正缓速行驶，自车应向左避障。,自车当前在原车道正常行驶，前方白色小汽车正缓速行驶，自车应向左避障。
291,33,obstacle_avoidance,dynamic_obstacle,1.7,wrong_factor,cross_category_swap,[0.0],1.0,1.0,1.0,0.75,自车当前在原车道正常行驶，前方白色货车正缓速行驶，自车应向左避障。,前方存在车辆遮挡盲区，自车应向左避障。
292,33,obstacle_avoidance,dynamic_obstacle,1,unsafe_action,,[1.0],1.0,1.0,1.0,1.0,自车当前在原车道正常行驶，前方白色货车正缓速行驶，自车应向左避障。,自车当前在原车道正常行驶，前方白色货车正缓速行驶，自车应向右避障。
293,34,lane_change,proactive_slow_ahead,5,complete,,[1.0],1.0,1.0,1.0,1.0,自车当前在原车道行驶，前方红色小汽车速度较慢，且左后方车辆与自车存在安全距离，自车应向左变更车道。,自车当前在原车道行驶，前方红色小汽车速度较慢，且左后方车辆与自车存在安全距离，自车应向左变更车道。
294,34,lane_change,proactive_slow_ahead,4,generalized,,[0.5],0.0,1.0,1.0,0.625,自车当前在原车道行驶，前方红色小汽车速度较慢，且左后方车辆与自车存在安全距离，自车应向左变更车道。,前方通行受阻，左侧车道具备换道条件，自车应向左变更车道。
295,34,lane_change,proactive_slow_ahead,3,missing_factor,,[1.0],1.0,1.0,0.0,0.75,自车当前在原车道行驶，前方红色小汽车速度较慢，且左后方车辆与自车存在安全距离，自车应向左变更车道。,自车当前在原车道行驶，前方红色小汽车速度较慢，自车应向左变更车道。
296,34,lane_change,proactive_slow_ahead,3,missing_factor,,[1.0],1.0,1.0,1.0,1.0,自车当前在原车道行驶，前方红色小汽车速度较慢，且左后方车辆与自车存在安全距离，自车应向左变更车道。,前方红色小汽车速度较慢，且左后方车辆与自车存在安全距离，自车应向左变更车道。
297,34,lane_change,proactive_slow_ahead,3,missing_factor,,[0.5],1.0,1.0,1.0,0.875,自车当前在原车道行驶，前方红色小汽车速度较慢，且左后方车辆与自车存在安全距离，自车应向左变更车道。,自车当前在原车道行驶，且左后方车辆与自车存在安全距离，自车应向左变更车道。
298,34,lane_change,proactive_slow_ahead,2.8,wrong_factor,direction_swap,[1.0],1.0,1.0,1.0,1.0,自车当前在原车道行驶，前方红色小汽车速度较慢，且左后方车辆与自车存在安全距离，自车应向左变更车道。,自车当前在原车道行驶，前方红色小汽车速度较慢，且右后方车辆与自车存在安全距离，自车应向左变更车道。
299,34,lane_change,proactive_slow_ahead,2.3,wrong_factor,same_category_subtype_swap,[1.0],1.0,1.0,0.0,0.75,自车当前在原车道行驶，前方红色小汽车速度较慢，且左后方车辆与自车存在安全距离，自车应向左变更车道。,自车当前在原车道行驶，前方红色小汽车速度较慢，且左后方车辆与自车存在距离较近，自车应向左变更车道。
300,34,lane_change,proactive_slow_ahead,2.3,wrong_factor,same_category_subtype_swap,[0.75],1.0,1.0,1.0,0.9375,自车当前在原车道行驶，前方红色小汽车速度较慢，且左后方车辆与自车存在安全距离，自车应向左变更车道。,自车当前在原车道行驶，前方红色小汽车速度较快，且左后方车辆与自车存在安全距离，自车应向左变更车道。
301,34,lane_change,proactive_slow_ahead,1.7,wrong_factor,cross_category_swap,[0.0],1.0,1.0,0.0,0.5,自车当前在原车道行驶，前方红色小汽车速度较慢，且左后方车辆与自车存在安全距离，自车应向左变更车道。,前方存在车辆遮挡盲区，自车应向左变更车道。
302,34,lane_change,proactive_slow_ahead,1,unsafe_action,,[1.0],1.0,1.0,1.0,1.0,自车当前在原车道行驶，前方红色小汽车速度较慢，且左后方车辆与自车存在安全距离，自车应向左变更车道。,自车当前在原车道行驶，前方红色小汽车速度较慢，且左后方车辆与自车存在安全距离，自车应向右变更车道。
303,35,obstacle_avoidance,dynamic_obstacle,5,complete,,[1.0],1.0,1.0,1.0,1.0,自车当前在原车道正常行驶，前方有小汽车和电动车停靠，自车应向左避障。,自车当前在原车道正常行驶，前方有小汽车和电动车停靠，自车应向左避障。
304,35,obstacle_avoidance,dynamic_obstacle,4,generalized,,[0.0],1.0,1.0,1.0,0.75,自车当前在原车道正常行驶，前方有小汽车和电动车停靠，自车应向左避障。,前方存在障碍物影响通行，自车应向左避障。
305,35,obstacle_avoidance,dynamic_obstacle,3,missing_factor,,[0.5],1.0,1.0,1.0,0.875,自车当前在原车道正常行驶，前方有小汽车和电动车停靠，自车应向左避障。,自车当前在原车道正常行驶，自车应向左避障。
306,35,obstacle_avoidance,dynamic_obstacle,3,missing_factor,,[1.0],1.0,1.0,1.0,1.0,自车当前在原车道正常行驶，前方有小汽车和电动车停靠，自车应向左避障。,前方有小汽车和电动车停靠，自车应向左避障。
307,35,obstacle_avoidance,dynamic_obstacle,2.3,wrong_factor,same_category_subtype_swap,[0.75],1.0,1.0,1.0,0.9375,自车当前在原车道正常行驶，前方有小汽车和电动车停靠，自车应向左避障。,自车当前在原车道正常行驶，前方有货车和电动车停靠，自车应向左避障。
308,35,obstacle_avoidance,dynamic_obstacle,1.7,wrong_factor,cross_category_swap,[0.0],1.0,1.0,1.0,0.75,自车当前在原车道正常行驶，前方有小汽车和电动车停靠，自车应向左避障。,前方存在车辆遮挡盲区，自车应向左避障。
309,35,obstacle_avoidance,dynamic_obstacle,1,unsafe_action,,[1.0],1.0,1.0,1.0,1.0,自车当前在原车道正常行驶，前方有小汽车和电动车停靠，自车应向左避障。,自车当前在原车道正常行驶，前方有小汽车和电动车停靠，自车应向右避障。
310,36,blind_spot,single_blind_spot,5,complete,,[1.0],1.0,1.0,1.0,1.0,道路左前方和右前方均存在车辆遮挡盲区，自车应减速行驶通过。,道路左前方和右前方均存在车辆遮挡盲区，自车应减速行驶通过。
311,36,blind_spot,single_blind_spot,4,generalized,,[0.25],1.0,1.0,1.0,0.8125,道路左前方和右前方均存在车辆遮挡盲区，自车应减速行驶通过。,前方存在盲区风险，自车应减速行驶通过。
312,36,blind_spot,single_blind_spot,3,missing_factor,,[0.5],1.0,1.0,1.0,0.875,道路左前方和右前方均存在车辆遮挡盲区，自车应减速行驶通过。,道路前方和前方均存在盲区，自车应减速行驶通过。
313,36,blind_spot,single_blind_spot,2.8,wrong_factor,direction_swap,[0.75],1.0,1.0,1.0,0.9375,道路左前方和右前方均存在车辆遮挡盲区，自车应减速行驶通过。,道路右前方和右前方均存在车辆遮挡盲区，自车应减速行驶通过。
314,36,blind_spot,single_blind_spot,2.8,wrong_factor,direction_swap,[0.75],1.0,1.0,1.0,0.9375,道路左前方和右前方均存在车辆遮挡盲区，自车应减速行驶通过。,道路左前方和左前方均存在车辆遮挡盲区，自车应减速行驶通过。
315,36,blind_spot,single_blind_spot,2.3,wrong_factor,same_category_subtype_swap,[0.75],1.0,1.0,1.0,0.9375,道路左前方和右前方均存在车辆遮挡盲区，自车应减速行驶通过。,道路左前方和右前方均存在豁口盲区，自车应减速行驶通过。
316,36,blind_spot,single_blind_spot,1.7,wrong_factor,cross_category_swap,[0.0],1.0,1.0,1.0,0.75,道路左前方和右前方均存在车辆遮挡盲区，自车应减速行驶通过。,道路左前方和右前方均存在施工区域占道，自车应减速行驶通过。
317,36,blind_spot,single_blind_spot,1.7,wrong_factor,cross_category_swap,[0.0],1.0,1.0,1.0,0.75,道路左前方和右前方均存在车辆遮挡盲区，自车应减速行驶通过。,前方存在锥桶占道，影响自车通行，自车应减速行驶通过。
318,36,blind_spot,single_blind_spot,1,unsafe_action,,[1.0],1.0,0.0,1.0,0.75,道路左前方和右前方均存在车辆遮挡盲区，自车应减速行驶通过。,道路左前方和右前方均存在车辆遮挡盲区，自车应加速通过。
319,37,yielding,decelerate_to_yield,5,complete,,[1.0],1.0,1.0,1.0,1.0,自车当前在原车道正常行驶，前方有黑色车辆停靠，对向车道有白色车辆正在直行，自车应减速让行后向左避障。,自车当前在原车道正常行驶，前方有黑色车辆停靠，对向车道有白色车辆正在直行，自车应减速让行后向左避障。
320,37,yielding,decelerate_to_yield,4,generalized,,[0.5],0.0,1.0,1.0,0.625,自车当前在原车道正常行驶，前方有黑色车辆停靠，对向车道有白色车辆正在直行，自车应减速让行后向左避障。,前方有交通参与者影响自车通行，自车应减速让行。
321,37,yielding,decelerate_to_yield,3,missing_factor,,[1.0],0.0,1.0,1.0,0.75,自车当前在原车道正常行驶，前方有黑色车辆停靠，对向车道有白色车辆正在直行，自车应减速让行后向左避障。,自车当前在原车道正常行驶，前方有黑色车辆停靠，自车应减速让行。
322,37,yielding,decelerate_to_yield,3,missing_factor,,[1.0],0.0,1.0,1.0,0.75,自车当前在原车道正常行驶，前方有黑色车辆停靠，对向车道有白色车辆正在直行，自车应减速让行后向左避障。,前方有黑色车辆停靠，对向车道有白色车辆正在直行，自车应减速让行。
323,37,yielding,decelerate_to_yield,3,missing_factor,,[0.5],0.0,1.0,1.0,0.625,自车当前在原车道正常行驶，前方有黑色车辆停靠，对向车道有白色车辆正在直行，自车应减速让行后向左避障。,自车当前在原车道正常行驶，对向车道有白色车辆正在直行，自车应减速让行。
324,37,yielding,decelerate_to_yield,1.7,wrong_factor,cross_category_swap,[0.0],0.0,1.0,1.0,0.5,自车当前在原车道正常行驶，前方有黑色车辆停靠，对向车道有白色车辆正在直行，自车应减速让行后向左避障。,前方存在坑洼路面，自车应减速让行。
325,37,yielding,decelerate_to_yield,1,unsafe_action,,[1.0],0.0,0.0,0.0,0.25,自车当前在原车道正常行驶，前方有黑色车辆停靠，对向车道有白色车辆正在直行，自车应减速让行后向左避障。,自车当前在原车道正常行驶，前方有黑色车辆停靠，对向车道有白色车辆正在直行，自车应加速通过。
326,38,special,unclassified,5,complete,,[1.0],1.0,1.0,1.0,1.0,左前方黑色小汽车向右变道，入侵自车道。,左前方黑色小汽车向右变道，入侵自车道，自车应谨慎通行。
327,38,special,unclassified,4,generalized,,[0.25],0.0,1.0,0.0,0.3125,左前方黑色小汽车向右变道，入侵自车道。,前方存在通行风险，自车应谨慎通行。
328,38,special,unclassified,3,missing_factor,,[1.0],1.0,1.0,1.0,1.0,左前方黑色小汽车向右变道，入侵自车道。,左前方黑色小汽车向右变道，自车应谨慎通行。
329,38,special,unclassified,3,missing_factor,,[0.25],0.0,1.0,0.0,0.3125,左前方黑色小汽车向右变道，入侵自车道。,入侵自车道，自车应谨慎通行。
330,38,special,unclassified,3,missing_factor,,[0.5],1.0,1.0,1.0,0.875,左前方黑色小汽车向右变道，入侵自车道。,前方小汽车向右变道，自车应谨慎通行。
331,38,special,unclassified,2.8,wrong_factor,direction_swap,[0.75],1.0,1.0,1.0,0.9375,左前方黑色小汽车向右变道，入侵自车道。,右前方黑色小汽车向右变道，入侵自车道，自车应谨慎通行。
332,38,special,unclassified,1.7,wrong_factor,cross_category_swap,[0.0],0.0,1.0,0.0,0.25,左前方黑色小汽车向右变道，入侵自车道。,前方存在无灯路口盲区，自车应谨慎通行。
333,38,special,unclassified,1,unsafe_action,,[1.0],1.0,0.0,1.0,0.75,左前方黑色小汽车向右变道，入侵自车道。,左前方黑色小汽车向右变道，入侵自车道，自车应加速通过。
334,39,special,unclassified,5,complete,,[1.0],1.0,1.0,1.0,1.0,自车应减速行驶。,自车应减速行驶。
335,39,special,unclassified,4,generalized,,[0.5],1.0,1.0,1.0,0.875,自车应减速行驶。,前方存在通行风险，自车应减速行驶通过。
336,39,special,unclassified,1.7,wrong_factor,cross_category_swap,[0.0],1.0,1.0,1.0,0.75,自车应减速行驶。,前方存在无灯路口盲区，自车应减速行驶通过。
337,39,special,unclassified,1,unsafe_action,,[0.75],1.0,0.0,1.0,0.6875,自车应减速行驶。,自车应加速通过。
338,40,obstacle_avoidance,static_obstacle_blocking_lane,5,complete,,[1.0],1.0,1.0,1.0,1.0,自车当前在原车道正常行驶，右前方有行人下车、白色SUV占道停靠，自车应向左避障。,自车当前在原车道正常行驶，右前方有行人下车、白色SUV占道停靠，自车应向左避障。
339,40,obstacle_avoidance,static_obstacle_blocking_lane,4,generalized,,[0.25],1.0,1.0,0.0,0.5625,自车当前在原车道正常行驶，右前方有行人下车、白色SUV占道停靠，自车应向左避障。,前方存在障碍物影响通行，自车应向左避障。
340,40,obstacle_avoidance,static_obstacle_blocking_lane,3,missing_factor,,[0.0],1.0,1.0,0.0,0.5,自车当前在原车道正常行驶，右前方有行人下车、白色SUV占道停靠，自车应向左避障。,自车当前在原车道正常行驶，自车应向左避障。
341,40,obstacle_avoidance,static_obstacle_blocking_lane,3,missing_factor,,[1.0],1.0,1.0,1.0,1.0,自车当前在原车道正常行驶，右前方有行人下车、白色SUV占道停靠，自车应向左避障。,右前方有行人下车、白色SUV占道停靠，自车应向左避障。
342,40,obstacle_avoidance,static_obstacle_blocking_lane,2.8,wrong_factor,direction_swap,[0.75],1.0,1.0,1.0,0.9375,自车当前在原车道正常行驶，右前方有行人下车、白色SUV占道停靠，自车应向左避障。,自车当前在原车道正常行驶，左前方有行人下车、白色SUV占道停靠，自车应向左避障。
343,40,obstacle_avoidance,static_obstacle_blocking_lane,2.3,wrong_factor,same_category_subtype_swap,[0.75],1.0,1.0,0.0,0.6875,自车当前在原车道正常行驶，右前方有行人下车、白色SUV占道停靠，自车应向左避障。,自车当前在原车道正常行驶，右前方有两轮骑行者下车、白色SUV占道停靠，自车应向左避障。
344,40,obstacle_avoidance,static_obstacle_blocking_lane,2.3,wrong_factor,same_category_subtype_swap,[0.75],1.0,1.0,1.0,0.9375,自车当前在原车道正常行驶，右前方有行人下车、白色SUV占道停靠，自车应向左避障。,自车当前在原车道正常行驶，右前方有行人下车、白色面包车占道停靠，自车应向左避障。
345,40,obstacle_avoidance,static_obstacle_blocking_lane,1.7,wrong_factor,cross_category_swap,[0.0],1.0,1.0,0.0,0.5,自车当前在原车道正常行驶，右前方有行人下车、白色SUV占道停靠，自车应向左避障。,前方存在车辆遮挡盲区，自车应向左避障。
346,40,obstacle_avoidance,static_obstacle_blocking_lane,1,unsafe_action,,[1.0],1.0,1.0,1.0,1.0,自车当前在原车道正常行驶，右前方有行人下车、白色SUV占道停靠，自车应向左避障。,自车当前在原车道正常行驶，右前方有行人下车、白色SUV占道停靠，自车应向右避障。
347,41,lane_change,proactive_slow_ahead,5,complete,,[1.0],1.0,1.0,1.0,1.0,自车道前方一辆白色小轿车速度较慢，右侧车道空闲且右后方一辆灰色小轿车与自车存在安全距离，自车应向右变更车道。,自车道前方一辆白色小轿车速度较慢，右侧车道空闲且右后方一辆灰色小轿车与自车存在安全距离，自车应向右变更车道。
348,41,lane_change,proactive_slow_ahead,4,generalized,,[0.5],0.0,1.0,1.0,0.625,自车道前方一辆白色小轿车速度较慢，右侧车道空闲且右后方一辆灰色小轿车与自车存在安全距离，自车应向右变更车道。,前方通行受阻，右侧车道具备换道条件，自车应向右变更车道。
349,41,lane_change,proactive_slow_ahead,3,missing_factor,,[0.75],1.0,1.0,0.0,0.6875,自车道前方一辆白色小轿车速度较慢，右侧车道空闲且右后方一辆灰色小轿车与自车存在安全距离，自车应向右变更车道。,自车道前方一辆白色小轿车速度较慢，自车应向右变更车道。
350,41,lane_change,proactive_slow_ahead,3,missing_factor,,[0.75],1.0,1.0,1.0,0.9375,自车道前方一辆白色小轿车速度较慢，右侧车道空闲且右后方一辆灰色小轿车与自车存在安全距离，自车应向右变更车道。,右侧车道空闲且右后方一辆灰色小轿车与自车存在安全距离，自车应向右变更车道。
351,41,lane_change,proactive_slow_ahead,3,missing_factor,,[0.75],1.0,1.0,0.0,0.6875,自车道前方一辆白色小轿车速度较慢，右侧车道空闲且右后方一辆灰色小轿车与自车存在安全距离，自车应向右变更车道。,自车道前方一辆小轿车速度较慢，自车应向右变更车道。
352,41,lane_change,proactive_slow_ahead,2.8,wrong_factor,direction_swap,[0.75],1.0,1.0,1.0,0.9375,自车道前方一辆白色小轿车速度较慢，右侧车道空闲且右后方一辆灰色小轿车与自车存在安全距离，自车应向右变更车道。,自车道前方一辆白色小轿车速度较慢，左侧车道空闲且右后方一辆灰色小轿车与自车存在安全距离，自车应向右变更车道。
353,41,lane_change,proactive_slow_ahead,2.8,wrong_factor,direction_swap,[0.75],1.0,1.0,1.0,0.9375,自车道前方一辆白色小轿车速度较慢，右侧车道空闲且右后方一辆灰色小轿车与自车存在安全距离，自车应向右变更车道。,自车道前方一辆白色小轿车速度较慢，右侧车道空闲且左后方一辆灰色小轿车与自车存在安全距离，自车应向右变更车道。
354,41,lane_change,proactive_slow_ahead,2.3,wrong_factor,same_category_subtype_swap,[0.75],1.0,1.0,1.0,0.9375,自车道前方一辆白色小轿车速度较慢，右侧车道空闲且右后方一辆灰色小轿车与自车存在安全距离，自车应向右变更车道。,自车道前方一辆白色小轿车速度较慢，右侧车道拥堵且右后方一辆灰色小轿车与自车存在安全距离，自车应向右变更车道。
355,41,lane_change,proactive_slow_ahead,2.3,wrong_factor,same_category_subtype_swap,[0.75],1.0,1.0,0.0,0.6875,自车道前方一辆白色小轿车速度较慢，右侧车道空闲且右后方一辆灰色小轿车与自车存在安全距离，自车应向右变更车道。,自车道前方一辆白色小轿车速度较慢，右侧车道空闲且右后方一辆灰色小轿车与自车存在距离较近，自车应向右变更车道。
356,41,lane_change,proactive_slow_ahead,2.3,wrong_factor,same_category_subtype_swap,[0.75],1.0,1.0,1.0,0.9375,自车道前方一辆白色小轿车速度较慢，右侧车道空闲且右后方一辆灰色小轿车与自车存在安全距离，自车应向右变更车道。,自车道前方一辆白色小轿车速度较快，右侧车道空闲且右后方一辆灰色小轿车与自车存在安全距离，自车应向右变更车道。
357,41,lane_change,proactive_slow_ahead,1.7,wrong_factor,cross_category_swap,[0.0],1.0,1.0,0.0,0.5,自车道前方一辆白色小轿车速度较慢，右侧车道空闲且右后方一辆灰色小轿车与自车存在安全距离，自车应向右变更车道。,前方存在车辆遮挡盲区，自车应向右变更车道。
358,41,lane_change,proactive_slow_ahead,1,unsafe_action,,[0.75],1.0,1.0,1.0,0.9375,自车道前方一辆白色小轿车速度较慢，右侧车道空闲且右后方一辆灰色小轿车与自车存在安全距离，自车应向右变更车道。,自车道前方一辆白色小轿车速度较慢，右侧车道空闲且右后方一辆灰色小轿车与自车存在安全距离，自车应向左变更车道。
359,42,yielding,decelerate_to_yield,5,complete,,[1.0],1.0,1.0,1.0,1.0,右前方一辆白色面包车正切入自车道，自车应减速让行。,右前方一辆白色面包车正切入自车道，自车应减速让行。
360,42,yielding,decelerate_to_yield,4,generalized,,[0.5],1.0,1.0,1.0,0.875,右前方一辆白色面包车正切入自车道，自车应减速让行。,前方有交通参与者影响自车通行，自车应减速让行。
361,42,yielding,decelerate_to_yield,3,missing_factor,,[0.75],1.0,1.0,1.0,0.9375,右前方一辆白色面包车正切入自车道，自车应减速让行。,前方一辆面包车正切入自车道，自车应减速让行。
362,42,yielding,decelerate_to_yield,2.8,wrong_factor,direction_swap,[0.75],1.0,1.0,1.0,0.9375,右前方一辆白色面包车正切入自车道，自车应减速让行。,左前方一辆白色面包车正切入自车道，自车应减速让行。
363,42,yielding,decelerate_to_yield,1.7,wrong_factor,cross_category_swap,[0.0],1.0,1.0,1.0,0.75,右前方一辆白色面包车正切入自车道，自车应减速让行。,前方存在坑洼路面，自车应减速让行。
364,42,yielding,decelerate_to_yield,1,unsafe_action,,[1.0],1.0,0.0,1.0,0.75,右前方一辆白色面包车正切入自车道，自车应减速让行。,右前方一辆白色面包车正切入自车道，自车应加速通过。
365,43,lane_change,reactive_obstacle_blocking,5,complete,,"[1.0, 1.0]",1.0,1.0,1.0,1.0,自车当前在原车道正常行驶，自车道前方有多辆车未行驶占据自车道影响自车通行，左侧车道空闲，左后方有一辆白色货车，速度较慢与自车有安全距离，自车应向左变更车道。,自车当前在原车道正常行驶，自车道前方有多辆车未行驶占据自车道影响自车通行，左侧车道空闲，左后方有一辆白色货车，速度较慢与自车有安全距离，自车应向左变更车道。
366,43,lane_change,reactive_obstacle_blocking,4,generalized,,"[0.5, 0.0]",0.0,1.0,1.0,0.5,自车当前在原车道正常行驶，自车道前方有多辆车未行驶占据自车道影响自车通行，左侧车道空闲，左后方有一辆白色货车，速度较慢与自车有安全距离，自车应向左变更车道。,前方通行受阻，左侧车道具备换道条件，自车应向左变更车道。
367,43,lane_change,reactive_obstacle_blocking,3,missing_factor,,"[1.0, 1.0]",1.0,1.0,0.0,0.8,自车当前在原车道正常行驶，自车道前方有多辆车未行驶占据自车道影响自车通行，左侧车道空闲，左后方有一辆白色货车，速度较慢与自车有安全距离，自车应向左变更车道。,自车当前在原车道正常行驶，自车道前方有多辆车未行驶占据自车道影响自车通行，左侧车道空闲，左后方有一辆白色货车，自车应向左变更车道。
368,43,lane_change,reactive_obstacle_blocking,3,missing_factor,,"[1.0, 1.0]",1.0,1.0,1.0,1.0,自车当前在原车道正常行驶，自车道前方有多辆车未行驶占据自车道影响自车通行，左侧车道空闲，左后方有一辆白色货车，速度较慢与自车有安全距离，自车应向左变更车道。,自车道前方有多辆车未行驶占据自车道影响自车通行，左侧车道空闲，左后方有一辆白色货车，速度较慢与自车有安全距离，自车应向左变更车道。
369,43,lane_change,reactive_obstacle_blocking,3,missing_factor,,"[0.0, 0.0]",1.0,1.0,1.0,0.6,自车当前在原车道正常行驶，自车道前方有多辆车未行驶占据自车道影响自车通行，左侧车道空闲，左后方有一辆白色货车，速度较慢与自车有安全距离，自车应向左变更车道。,自车当前在原车道正常行驶，速度较慢与自车有安全距离，自车应向左变更车道。
370,43,lane_change,reactive_obstacle_blocking,2.8,wrong_factor,direction_swap,"[0.0, 1.0]",1.0,1.0,1.0,0.8,自车当前在原车道正常行驶，自车道前方有多辆车未行驶占据自车道影响自车通行，左侧车道空闲，左后方有一辆白色货车，速度较慢与自车有安全距离，自车应向左变更车道。,自车当前在原车道正常行驶，自车道前方有多辆车未行驶占据自车道影响自车通行，右侧车道空闲，左后方有一辆白色货车，速度较慢与自车有安全距离，自车应向左变更车道。
371,43,lane_change,reactive_obstacle_blocking,2.8,wrong_factor,direction_swap,"[1.0, 0.75]",1.0,1.0,1.0,0.95,自车当前在原车道正常行驶，自车道前方有多辆车未行驶占据自车道影响自车通行，左侧车道空闲，左后方有一辆白色货车，速度较慢与自车有安全距离，自车应向左变更车道。,自车当前在原车道正常行驶，自车道前方有多辆车未行驶占据自车道影响自车通行，左侧车道空闲，右后方有一辆白色货车，速度较慢与自车有安全距离，自车应向左变更车道。
372,43,lane_change,reactive_obstacle_blocking,2.3,wrong_factor,same_category_subtype_swap,"[0.5, 1.0]",1.0,1.0,1.0,0.9,自车当前在原车道正常行驶，自车道前方有多辆车未行驶占据自车道影响自车通行，左侧车道空闲，左后方有一辆白色货车，速度较慢与自车有安全距离，自车应向左变更车道。,自车当前在原车道正常行驶，自车道前方有多辆车未行驶占据自车道影响自车通行，左侧车道拥堵，左后方有一辆白色货车，速度较慢与自车有安全距离，自车应向左变更车道。
373,43,lane_change,reactive_obstacle_blocking,2.3,wrong_factor,same_category_subtype_swap,"[1.0, 1.0]",1.0,1.0,0.0,0.8,自车当前在原车道正常行驶，自车道前方有多辆车未行驶占据自车道影响自车通行，左侧车道空闲，左后方有一辆白色货车，速度较慢与自车有安全距离，自车应向左变更车道。,自车当前在原车道正常行驶，自车道前方有多辆车未行驶占据自车道影响自车通行，左侧车道空闲，左后方有一辆白色货车，速度较慢与自车有距离较近，自车应向左变更车道。
374,43,lane_change,reactive_obstacle_blocking,2.3,wrong_factor,same_category_subtype_swap,"[1.0, 1.0]",1.0,1.0,1.0,1.0,自车当前在原车道正常行驶，自车道前方有多辆车未行驶占据自车道影响自车通行，左侧车道空闲，左后方有一辆白色货车，速度较慢与自车有安全距离，自车应向左变更车道。,自车当前在原车道正常行驶，自车道前方有多辆车未行驶占据自车道影响自车通行，左侧车道空闲，左后方有一辆白色货车，速度较快与自车有安全距离，自车应向左变更车道。
375,43,lane_change,reactive_obstacle_blocking,1.7,wrong_factor,cross_category_swap,"[0.0, 0.0]",1.0,1.0,0.0,0.4,自车当前在原车道正常行驶，自车道前方有多辆车未行驶占据自车道影响自车通行，左侧车道空闲，左后方有一辆白色货车，速度较慢与自车有安全距离，自车应向左变更车道。,前方存在车辆遮挡盲区，自车应向左变更车道。
376,43,lane_change,reactive_obstacle_blocking,1,unsafe_action,,"[1.0, 1.0]",1.0,1.0,1.0,1.0,自车当前在原车道正常行驶，自车道前方有多辆车未行驶占据自车道影响自车通行，左侧车道空闲，左后方有一辆白色货车，速度较慢与自车有安全距离，自车应向左变更车道。,自车当前在原车道正常行驶，自车道前方有多辆车未行驶占据自车道影响自车通行，左侧车道空闲，左后方有一辆白色货车，速度较慢与自车有安全距离，自车应向右变更车道。
377,44,traffic_signal,green_light_go,5,complete,,[1.0],1.0,1.0,1.0,1.0,自车当前在原车道正常行驶，自车道前方有较多车辆等待红绿灯，影响自车通行效率，右侧车道通行效率较高且右前方黄色出租车与右后方车辆存在足够换道空隙，自车应向右变更车道。,自车当前在原车道正常行驶，自车道前方有较多车辆等待红绿灯，影响自车通行效率，右侧车道通行效率较高且右前方黄色出租车与右后方车辆存在足够换道空隙，自车应向右变更车道。
378,44,traffic_signal,green_light_go,4,generalized,,[0.0],0.0,1.0,1.0,0.5,自车当前在原车道正常行驶，自车道前方有较多车辆等待红绿灯，影响自车通行效率，右侧车道通行效率较高且右前方黄色出租车与右后方车辆存在足够换道空隙，自车应向右变更车道。,当前路口信号允许通行，自车应向右变更车道。
379,44,traffic_signal,green_light_go,3,missing_factor,,[0.0],0.0,1.0,1.0,0.5,自车当前在原车道正常行驶，自车道前方有较多车辆等待红绿灯，影响自车通行效率，右侧车道通行效率较高且右前方黄色出租车与右后方车辆存在足够换道空隙，自车应向右变更车道。,自车当前在原车道正常行驶，自车道前方有较多车辆等待红绿灯，影响自车通行效率，自车应向右变更车道。
380,44,traffic_signal,green_light_go,3,missing_factor,,[1.0],1.0,1.0,1.0,1.0,自车当前在原车道正常行驶，自车道前方有较多车辆等待红绿灯，影响自车通行效率，右侧车道通行效率较高且右前方黄色出租车与右后方车辆存在足够换道空隙，自车应向右变更车道。,自车道前方有较多车辆等待红绿灯，影响自车通行效率，右侧车道通行效率较高且右前方黄色出租车与右后方车辆存在足够换道空隙，自车应向右变更车道。
381,44,traffic_signal,green_light_go,3,missing_factor,,[1.0],1.0,1.0,0.0,0.75,自车当前在原车道正常行驶，自车道前方有较多车辆等待红绿灯，影响自车通行效率，右侧车道通行效率较高且右前方黄色出租车与右后方车辆存在足够换道空隙，自车应向右变更车道。,自车当前在原车道正常行驶，右侧车道通行效率较高且右前方黄色出租车与右后方车辆存在足够换道空隙，自车应向右变更车道。
382,44,traffic_signal,green_light_go,2.8,wrong_factor,direction_swap,[0.75],1.0,1.0,1.0,0.9375,自车当前在原车道正常行驶，自车道前方有较多车辆等待红绿灯，影响自车通行效率，右侧车道通行效率较高且右前方黄色出租车与右后方车辆存在足够换道空隙，自车应向右变更车道。,自车当前在原车道正常行驶，自车道前方有较多车辆等待红绿灯，影响自车通行效率，右侧车道通行效率较高且左前方黄色出租车与右后方车辆存在足够换道空隙，自车应向右变更车道。
383,44,traffic_signal,green_light_go,2.8,wrong_factor,direction_swap,[0.0],1.0,1.0,1.0,0.75,自车当前在原车道正常行驶，自车道前方有较多车辆等待红绿灯，影响自车通行效率，右侧车道通行效率较高且右前方黄色出租车与右后方车辆存在足够换道空隙，自车应向右变更车道。,自车当前在原车道正常行驶，自车道前方有较多车辆等待红绿灯，影响自车通行效率，左侧车道通行效率较高且右前方黄色出租车与右后方车辆存在足够换道空隙，自车应向右变更车道。
384,44,traffic_signal,green_light_go,2.3,wrong_factor,same_category_subtype_swap,[0.75],1.0,1.0,1.0,0.9375,自车当前在原车道正常行驶，自车道前方有较多车辆等待红绿灯，影响自车通行效率，右侧车道通行效率较高且右前方黄色出租车与右后方车辆存在足够换道空隙，自车应向右变更车道。,自车当前在原车道正常行驶，自车道前方有较多车辆等待红绿灯，影响自车通行效率，右侧车道通行效率较高且右前方绿色出租车与右后方车辆存在足够换道空隙，自车应向右变更车道。
385,44,traffic_signal,green_light_go,2.3,wrong_factor,same_category_subtype_swap,[1.0],1.0,1.0,1.0,1.0,自车当前在原车道正常行驶，自车道前方有较多车辆等待红绿灯，影响自车通行效率，右侧车道通行效率较高且右前方黄色出租车与右后方车辆存在足够换道空隙，自车应向右变更车道。,自车当前在原车道正常行驶，自车道前方有较多车辆等待红红灯，影响自车通行效率，右侧车道通行效率较高且右前方黄色出租车与右后方车辆存在足够换道空隙，自车应向右变更车道。
386,44,traffic_signal,green_light_go,1.7,wrong_factor,cross_category_swap,[0.0],0.0,1.0,0.0,0.25,自车当前在原车道正常行驶，自车道前方有较多车辆等待红绿灯，影响自车通行效率，右侧车道通行效率较高且右前方黄色出租车与右后方车辆存在足够换道空隙，自车应向右变更车道。,前方存在施工区域占道，自车应向右变更车道。
387,44,traffic_signal,green_light_go,1,unsafe_action,,[1.0],1.0,1.0,1.0,1.0,自车当前在原车道正常行驶，自车道前方有较多车辆等待红绿灯，影响自车通行效率，右侧车道通行效率较高且右前方黄色出租车与右后方车辆存在足够换道空隙，自车应向右变更车道。,自车当前在原车道正常行驶，自车道前方有较多车辆等待红绿灯，影响自车通行效率，右侧车道通行效率较高且右前方黄色出租车与右后方车辆存在足够换道空隙，自车应向左变更车道。
388,45,yielding,decelerate_to_yield,5,complete,,[1.0],1.0,1.0,1.0,1.0,右前方一辆自行车骑行者意图切入自车道，自车应减速让行。,右前方一辆自行车骑行者意图切入自车道，自车应减速让行。
389,45,yielding,decelerate_to_yield,4,generalized,,[0.5],1.0,1.0,1.0,0.875,右前方一辆自行车骑行者意图切入自车道，自车应减速让行。,前方有交通参与者影响自车通行，自车应减速让行。
390,45,yielding,decelerate_to_yield,3,missing_factor,,[0.75],1.0,1.0,1.0,0.9375,右前方一辆自行车骑行者意图切入自车道，自车应减速让行。,前方一辆自行车骑行者意图切入自车道，自车应减速让行。
391,45,yielding,decelerate_to_yield,2.8,wrong_factor,direction_swap,[0.75],1.0,1.0,1.0,0.9375,右前方一辆自行车骑行者意图切入自车道，自车应减速让行。,左前方一辆自行车骑行者意图切入自车道，自车应减速让行。
392,45,yielding,decelerate_to_yield,2.3,wrong_factor,same_category_subtype_swap,[0.75],1.0,1.0,1.0,0.9375,右前方一辆自行车骑行者意图切入自车道，自车应减速让行。,右前方一辆自行车骑行者正常行驶自车道，自车应减速让行。
393,45,yielding,decelerate_to_yield,1.7,wrong_factor,cross_category_swap,[0.0],1.0,1.0,1.0,0.75,右前方一辆自行车骑行者意图切入自车道，自车应减速让行。,前方存在坑洼路面，自车应减速让行。
394,45,yielding,decelerate_to_yield,1,unsafe_action,,[1.0],1.0,0.0,1.0,0.75,右前方一辆自行车骑行者意图切入自车道，自车应减速让行。,右前方一辆自行车骑行者意图切入自车道，自车应加速通过。
395,46,special,unclassified,5,complete,,[1.0],1.0,1.0,1.0,1.0,右前方存在绿色篷布大货车正逐渐切入自车车道，自车应减速避让。,右前方存在绿色篷布大货车正逐渐切入自车车道，自车应减速避让。
396,46,special,unclassified,4,generalized,,[0.0],0.0,1.0,0.0,0.25,右前方存在绿色篷布大货车正逐渐切入自车车道，自车应减速避让。,前方存在通行风险，自车应减速行驶通过。
397,46,special,unclassified,3,missing_factor,,[0.75],0.0,1.0,1.0,0.6875,右前方存在绿色篷布大货车正逐渐切入自车车道，自车应减速避让。,前方存在篷布大货车正逐渐切入自车车道，自车应减速行驶通过。
398,46,special,unclassified,2.8,wrong_factor,direction_swap,[0.75],1.0,1.0,1.0,0.9375,右前方存在绿色篷布大货车正逐渐切入自车车道，自车应减速避让。,左前方存在绿色篷布大货车正逐渐切入自车车道，自车应减速避让。
399,46,special,unclassified,1.7,wrong_factor,cross_category_swap,[0.0],0.0,1.0,0.0,0.25,右前方存在绿色篷布大货车正逐渐切入自车车道，自车应减速避让。,前方存在无灯路口盲区，自车应减速行驶通过。
400,46,special,unclassified,1,unsafe_action,,[1.0],0.0,0.0,1.0,0.5,右前方存在绿色篷布大货车正逐渐切入自车车道，自车应减速避让。,右前方存在绿色篷布大货车正逐渐切入自车车道，自车应加速通过。
401,47,blind_spot,single_blind_spot,5,complete,,[1.0],1.0,1.0,1.0,1.0,右前方存在车辆遮挡盲区，自车应减速行驶通过。,右前方存在车辆遮挡盲区，自车应减速行驶通过。
402,47,blind_spot,single_blind_spot,4,generalized,,[0.25],1.0,1.0,1.0,0.8125,右前方存在车辆遮挡盲区，自车应减速行驶通过。,前方存在盲区风险，自车应减速行驶通过。
403,47,blind_spot,single_blind_spot,3,missing_factor,,[0.5],1.0,1.0,1.0,0.875,右前方存在车辆遮挡盲区，自车应减速行驶通过。,前方存在盲区，自车应减速行驶通过。
404,47,blind_spot,single_blind_spot,2.8,wrong_factor,direction_swap,[0.75],1.0,1.0,1.0,0.9375,右前方存在车辆遮挡盲区，自车应减速行驶通过。,左前方存在车辆遮挡盲区，自车应减速行驶通过。
405,47,blind_spot,single_blind_spot,2.3,wrong_factor,same_category_subtype_swap,[0.5],1.0,1.0,1.0,0.875,右前方存在车辆遮挡盲区，自车应减速行驶通过。,右前方存在豁口盲区，自车应减速行驶通过。
406,47,blind_spot,single_blind_spot,1.7,wrong_factor,cross_category_swap,[0.0],1.0,1.0,1.0,0.75,右前方存在车辆遮挡盲区，自车应减速行驶通过。,右前方存在施工区域占道，自车应减速行驶通过。
407,47,blind_spot,single_blind_spot,1.7,wrong_factor,cross_category_swap,[0.0],1.0,1.0,1.0,0.75,右前方存在车辆遮挡盲区，自车应减速行驶通过。,前方存在锥桶占道，影响自车通行，自车应减速行驶通过。
408,47,blind_spot,single_blind_spot,1,unsafe_action,,[1.0],1.0,0.0,1.0,0.75,右前方存在车辆遮挡盲区，自车应减速行驶通过。,右前方存在车辆遮挡盲区，自车应加速通过。
409,48,traffic_signal,signal_combination,5,complete,,[1.0],1.0,1.0,1.0,1.0,自车当前处于车道排队中，导航指示直行，圆灯直由红变绿，前车开始起步，自车应跟随前车起步。,自车当前处于车道排队中，导航指示直行，圆灯直由红变绿，前车开始起步，自车应跟随前车起步。
410,48,traffic_signal,signal_combination,4,generalized,,[0.5],1.0,1.0,0.0,0.625,自车当前处于车道排队中，导航指示直行，圆灯直由红变绿，前车开始起步，自车应跟随前车起步。,当前路口信号允许通行，自车应跟车起步。
411,48,traffic_signal,signal_combination,3,missing_factor,,[0.75],1.0,1.0,1.0,0.9375,自车当前处于车道排队中，导航指示直行，圆灯直由红变绿，前车开始起步，自车应跟随前车起步。,自车当前处于车道排队中，导航指示直行，圆灯直由红变绿，自车应跟车起步。
412,48,traffic_signal,signal_combination,3,missing_factor,,[0.75],1.0,1.0,1.0,0.9375,自车当前处于车道排队中，导航指示直行，圆灯直由红变绿，前车开始起步，自车应跟随前车起步。,导航指示直行，圆灯直由红变绿，前车开始起步，自车应跟车起步。
413,48,traffic_signal,signal_combination,3,missing_factor,,[0.75],1.0,1.0,1.0,0.9375,自车当前处于车道排队中，导航指示直行，圆灯直由红变绿，前车开始起步，自车应跟随前车起步。,自车当前处于车道排队中，前车开始起步，自车应跟车起步。
414,48,traffic_signal,signal_combination,2.3,wrong_factor,same_category_subtype_swap,[0.0],1.0,1.0,1.0,0.75,自车当前处于车道排队中，导航指示直行，圆灯直由红变绿，前车开始起步，自车应跟随前车起步。,自车当前处于车道排队中，导航指示直行，圆灯直保持红灯，前车开始起步，自车应跟随前车起步。
415,48,traffic_signal,signal_combination,2.3,wrong_factor,same_category_subtype_swap,[0.75],1.0,1.0,0.0,0.6875,自车当前处于车道排队中，导航指示直行，圆灯直由红变绿，前车开始起步，自车应跟随前车起步。,自车当前处于车道排队中，导航指示直行，圆灯直由红变绿，前车仍在等待，自车应跟随前车起步。
416,48,traffic_signal,signal_combination,1.7,wrong_factor,cross_category_swap,[0.0],1.0,1.0,1.0,0.75,自车当前处于车道排队中，导航指示直行，圆灯直由红变绿，前车开始起步，自车应跟随前车起步。,前方存在施工区域占道，自车应跟车起步。
417,48,traffic_signal,signal_combination,1,unsafe_action,,[0.75],1.0,0.5,0.0,0.5625,自车当前处于车道排队中，导航指示直行，圆灯直由红变绿，前车开始起步，自车应跟随前车起步。,自车当前处于车道排队中，导航指示直行，圆灯直由红变绿，前车开始起步，自车应继续停车等待。
418,49,road_condition,road_surface,5,complete,,[1.0],1.0,1.0,1.0,1.0,左前方与右前方有坑洼路面，自车应减速通行。,左前方与右前方有坑洼路面，自车应减速通行。
419,49,road_condition,road_surface,4,generalized,,[0.25],1.0,1.0,1.0,0.8125,左前方与右前方有坑洼路面，自车应减速通行。,前方存在异常路面，自车应减速行驶通过。
420,49,road_condition,road_surface,3,missing_factor,,[0.5],1.0,1.0,1.0,0.875,左前方与右前方有坑洼路面，自车应减速通行。,前方与前方有坑洼路面，自车应减速行驶通过。
421,49,road_condition,road_surface,2.8,wrong_factor,direction_swap,[0.75],1.0,1.0,1.0,0.9375,左前方与右前方有坑洼路面，自车应减速通行。,右前方与右前方有坑洼路面，自车应减速通行。
422,49,road_condition,road_surface,2.8,wrong_factor,direction_swap,[0.75],1.0,1.0,1.0,0.9375,左前方与右前方有坑洼路面，自车应减速通行。,左前方与左前方有坑洼路面，自车应减速通行。
423,49,road_condition,road_surface,2.3,wrong_factor,same_category_subtype_swap,[0.75],1.0,1.0,1.0,0.9375,左前方与右前方有坑洼路面，自车应减速通行。,左前方与右前方有积水路面，自车应减速通行。
424,49,road_condition,road_surface,1.7,wrong_factor,cross_category_swap,[0.0],1.0,1.0,1.0,0.75,左前方与右前方有坑洼路面，自车应减速通行。,左前方与右前方有车辆遮挡盲区，自车应减速通行。
425,49,road_condition,road_surface,1.7,wrong_factor,cross_category_swap,[0.0],1.0,1.0,1.0,0.75,左前方与右前方有坑洼路面，自车应减速通行。,左前方与右前方有车辆遮挡盲区路面，自车应减速通行。
426,49,road_condition,road_surface,1.7,wrong_factor,cross_category_swap,[0.0],1.0,1.0,0.0,0.5,左前方与右前方有坑洼路面，自车应减速通行。,右前方有车辆意图切入自车道，自车应减速行驶通过。
427,49,road_condition,road_surface,1,unsafe_action,,[1.0],1.0,0.0,1.0,0.75,左前方与右前方有坑洼路面，自车应减速通行。,左前方与右前方有坑洼路面，自车应加速通过。
428,50,traffic_signal,red_light_stop,5,complete,,[1.0],1.0,1.0,1.0,1.0,自车当前实际行驶方向为左转或掉头，左转箭头灯为红色，且无掉头灯，自车应刹停在路口停止线前。,自车当前实际行驶方向为左转或掉头，左转箭头灯为红色，且无掉头灯，自车应刹停在路口停止线前。
429,50,traffic_signal,red_light_stop,4,generalized,,[0.5],0.0,1.0,0.0,0.375,自车当前实际行驶方向为左转或掉头，左转箭头灯为红色，且无掉头灯，自车应刹停在路口停止线前。,当前路口信号不允许通行，自车应刹停在路口停止线前。
430,50,traffic_signal,red_light_stop,3,missing_factor,,[0.75],1.0,1.0,1.0,0.9375,自车当前实际行驶方向为左转或掉头，左转箭头灯为红色，且无掉头灯，自车应刹停在路口停止线前。,自车当前实际行驶方向为左转或掉头，左转箭头灯为红色，自车应刹停在路口停止线前。
431,50,traffic_signal,red_light_stop,3,missing_factor,,[0.5],1.0,1.0,1.0,0.875,自车当前实际行驶方向为左转或掉头，左转箭头灯为红色，且无掉头灯，自车应刹停在路口停止线前。,左转箭头灯为红色，且无掉头灯，自车应刹停在路口停止线前。
432,50,traffic_signal,red_light_stop,3,missing_factor,,[0.75],1.0,1.0,1.0,0.9375,自车当前实际行驶方向为左转或掉头，左转箭头灯为红色，且无掉头灯，自车应刹停在路口停止线前。,自车当前实际行驶方向为左转或掉头，且无掉头灯，自车应刹停在路口停止线前。
433,50,traffic_signal,red_light_stop,2.3,wrong_factor,same_category_subtype_swap,[0.75],1.0,1.0,1.0,0.9375,自车当前实际行驶方向为左转或掉头，左转箭头灯为红色，且无掉头灯，自车应刹停在路口停止线前。,自车当前实际行驶方向为左转或掉头，左转箭头灯为绿色，且无掉头灯，自车应刹停在路口停止线前。
434,50,traffic_signal,red_light_stop,1.7,wrong_factor,cross_category_swap,[0.0],0.0,1.0,1.0,0.5,自车当前实际行驶方向为左转或掉头，左转箭头灯为红色，且无掉头灯，自车应刹停在路口停止线前。,前方存在施工区域占道，自车应刹停在路口停止线前。
435,50,traffic_signal,red_light_stop,1,unsafe_action,,[0.75],1.0,0.0,1.0,0.6875,自车当前实际行驶方向为左转或掉头，左转箭头灯为红色，且无掉头灯，自车应刹停在路口停止线前。,自车当前实际行驶方向为左转或掉头，左转箭头灯为红色，且无掉头灯，自车应加速通过路口。
436,51,traffic_signal,red_light_stop,5,complete,,[1.0],1.0,1.0,1.0,1.0,自车当前在原车道正常行驶，自车道前方有多辆车等红绿灯影响自车通行效率，右侧车道空闲且右后方有一辆红色货车，速度较慢与自车有安全距离，自车应向右变更车道。,自车当前在原车道正常行驶，自车道前方有多辆车等红绿灯影响自车通行效率，右侧车道空闲且右后方有一辆红色货车，速度较慢与自车有安全距离，自车应向右变更车道。
437,51,traffic_signal,red_light_stop,4,generalized,,[0.0],1.0,1.0,1.0,0.75,自车当前在原车道正常行驶，自车道前方有多辆车等红绿灯影响自车通行效率，右侧车道空闲且右后方有一辆红色货车，速度较慢与自车有安全距离，自车应向右变更车道。,当前路口信号允许通行，自车应向右变更车道。
438,51,traffic_signal,red_light_stop,3,missing_factor,,[1.0],1.0,1.0,0.0,0.75,自车当前在原车道正常行驶，自车道前方有多辆车等红绿灯影响自车通行效率，右侧车道空闲且右后方有一辆红色货车，速度较慢与自车有安全距离，自车应向右变更车道。,自车当前在原车道正常行驶，自车道前方有多辆车等红绿灯影响自车通行效率，右侧车道空闲且右后方有一辆红色货车，自车应向右变更车道。
439,51,traffic_signal,red_light_stop,3,missing_factor,,[1.0],1.0,1.0,1.0,1.0,自车当前在原车道正常行驶，自车道前方有多辆车等红绿灯影响自车通行效率，右侧车道空闲且右后方有一辆红色货车，速度较慢与自车有安全距离，自车应向右变更车道。,自车道前方有多辆车等红绿灯影响自车通行效率，右侧车道空闲且右后方有一辆红色货车，速度较慢与自车有安全距离，自车应向右变更车道。
440,51,traffic_signal,red_light_stop,3,missing_factor,,[0.0],1.0,1.0,1.0,0.75,自车当前在原车道正常行驶，自车道前方有多辆车等红绿灯影响自车通行效率，右侧车道空闲且右后方有一辆红色货车，速度较慢与自车有安全距离，自车应向右变更车道。,自车当前在原车道正常行驶，速度较慢与自车有安全距离，自车应向右变更车道。
441,51,traffic_signal,red_light_stop,2.8,wrong_factor,direction_swap,[0.0],1.0,1.0,1.0,0.75,自车当前在原车道正常行驶，自车道前方有多辆车等红绿灯影响自车通行效率，右侧车道空闲且右后方有一辆红色货车，速度较慢与自车有安全距离，自车应向右变更车道。,自车当前在原车道正常行驶，自车道前方有多辆车等红绿灯影响自车通行效率，左侧车道空闲且右后方有一辆红色货车，速度较慢与自车有安全距离，自车应向右变更车道。
442,51,traffic_signal,red_light_stop,2.8,wrong_factor,direction_swap,[0.75],1.0,1.0,1.0,0.9375,自车当前在原车道正常行驶，自车道前方有多辆车等红绿灯影响自车通行效率，右侧车道空闲且右后方有一辆红色货车，速度较慢与自车有安全距离，自车应向右变更车道。,自车当前在原车道正常行驶，自车道前方有多辆车等红绿灯影响自车通行效率，右侧车道空闲且左后方有一辆红色货车，速度较慢与自车有安全距离，自车应向右变更车道。
443,51,traffic_signal,red_light_stop,2.3,wrong_factor,same_category_subtype_swap,[0.75],1.0,1.0,1.0,0.9375,自车当前在原车道正常行驶，自车道前方有多辆车等红绿灯影响自车通行效率，右侧车道空闲且右后方有一辆红色货车，速度较慢与自车有安全距离，自车应向右变更车道。,自车当前在原车道正常行驶，自车道前方有多辆车等红绿灯影响自车通行效率，右侧车道空闲且右后方有一辆绿色货车，速度较慢与自车有安全距离，自车应向右变更车道。
444,51,traffic_signal,red_light_stop,2.3,wrong_factor,same_category_subtype_swap,[1.0],1.0,1.0,1.0,1.0,自车当前在原车道正常行驶，自车道前方有多辆车等红绿灯影响自车通行效率，右侧车道空闲且右后方有一辆红色货车，速度较慢与自车有安全距离，自车应向右变更车道。,自车当前在原车道正常行驶，自车道前方有多辆车等红红灯影响自车通行效率，右侧车道空闲且右后方有一辆红色货车，速度较慢与自车有安全距离，自车应向右变更车道。
445,51,traffic_signal,red_light_stop,1.7,wrong_factor,cross_category_swap,[0.0],1.0,1.0,0.0,0.5,自车当前在原车道正常行驶，自车道前方有多辆车等红绿灯影响自车通行效率，右侧车道空闲且右后方有一辆红色货车，速度较慢与自车有安全距离，自车应向右变更车道。,前方存在施工区域占道，自车应向右变更车道。
446,51,traffic_signal,red_light_stop,1,unsafe_action,,[1.0],1.0,1.0,1.0,1.0,自车当前在原车道正常行驶，自车道前方有多辆车等红绿灯影响自车通行效率，右侧车道空闲且右后方有一辆红色货车，速度较慢与自车有安全距离，自车应向右变更车道。,自车当前在原车道正常行驶，自车道前方有多辆车等红绿灯影响自车通行效率，右侧车道空闲且右后方有一辆红色货车，速度较慢与自车有安全距离，自车应向左变更车道。
447,52,yielding,decelerate_to_yield,5,complete,,[1.0],1.0,1.0,1.0,1.0,左前方一辆白色面包车意图切入自车道，自车应减速让行。,左前方一辆白色面包车意图切入自车道，自车应减速让行。
448,52,yielding,decelerate_to_yield,4,generalized,,[0.5],1.0,1.0,1.0,0.875,左前方一辆白色面包车意图切入自车道，自车应减速让行。,前方有交通参与者影响自车通行，自车应减速让行。
449,52,yielding,decelerate_to_yield,3,missing_factor,,[0.75],1.0,1.0,1.0,0.9375,左前方一辆白色面包车意图切入自车道，自车应减速让行。,前方一辆面包车意图切入自车道，自车应减速让行。
450,52,yielding,decelerate_to_yield,2.8,wrong_factor,direction_swap,[0.75],1.0,1.0,1.0,0.9375,左前方一辆白色面包车意图切入自车道，自车应减速让行。,右前方一辆白色面包车意图切入自车道，自车应减速让行。
451,52,yielding,decelerate_to_yield,2.3,wrong_factor,same_category_subtype_swap,[0.75],1.0,1.0,1.0,0.9375,左前方一辆白色面包车意图切入自车道，自车应减速让行。,左前方一辆白色面包车正常行驶自车道，自车应减速让行。
452,52,yielding,decelerate_to_yield,1.7,wrong_factor,cross_category_swap,[0.0],1.0,1.0,1.0,0.75,左前方一辆白色面包车意图切入自车道，自车应减速让行。,前方存在坑洼路面，自车应减速让行。
453,52,yielding,decelerate_to_yield,1,unsafe_action,,[1.0],1.0,0.0,1.0,0.75,左前方一辆白色面包车意图切入自车道，自车应减速让行。,左前方一辆白色面包车意图切入自车道，自车应加速通过。
454,53,yielding,decelerate_to_yield,5,complete,,[1.0],1.0,1.0,1.0,1.0,右前方一辆两轮骑行者意图切入自车道，自车应减速让行。,右前方一辆两轮骑行者意图切入自车道，自车应减速让行。
455,53,yielding,decelerate_to_yield,4,generalized,,[0.5],1.0,1.0,1.0,0.875,右前方一辆两轮骑行者意图切入自车道，自车应减速让行。,前方有交通参与者影响自车通行，自车应减速让行。
456,53,yielding,decelerate_to_yield,3,missing_factor,,[0.75],1.0,1.0,1.0,0.9375,右前方一辆两轮骑行者意图切入自车道，自车应减速让行。,前方一辆两轮骑行者意图切入自车道，自车应减速让行。
457,53,yielding,decelerate_to_yield,2.8,wrong_factor,direction_swap,[0.75],1.0,1.0,1.0,0.9375,右前方一辆两轮骑行者意图切入自车道，自车应减速让行。,左前方一辆两轮骑行者意图切入自车道，自车应减速让行。
458,53,yielding,decelerate_to_yield,2.3,wrong_factor,same_category_subtype_swap,[0.75],1.0,1.0,1.0,0.9375,右前方一辆两轮骑行者意图切入自车道，自车应减速让行。,右前方一辆三轮骑行者意图切入自车道，自车应减速让行。
459,53,yielding,decelerate_to_yield,2.3,wrong_factor,same_category_subtype_swap,[0.75],1.0,1.0,1.0,0.9375,右前方一辆两轮骑行者意图切入自车道，自车应减速让行。,右前方一辆两轮骑行者正常行驶自车道，自车应减速让行。
460,53,yielding,decelerate_to_yield,1.7,wrong_factor,cross_category_swap,[0.0],1.0,1.0,1.0,0.75,右前方一辆两轮骑行者意图切入自车道，自车应减速让行。,前方存在坑洼路面，自车应减速让行。
461,53,yielding,decelerate_to_yield,1,unsafe_action,,[1.0],1.0,0.0,1.0,0.75,右前方一辆两轮骑行者意图切入自车道，自车应减速让行。,右前方一辆两轮骑行者意图切入自车道，自车应加速通过。
462,54,blind_spot,combined_blind_spots,5,complete,,"[1.0, 1.0]",1.0,1.0,1.0,1.0,左前方存在弯道盲区和豁口盲区，右前方存在无灯路口盲区，自车应减速行驶通过。,左前方存在弯道盲区和豁口盲区，右前方存在无灯路口盲区，自车应减速行驶通过。
463,54,blind_spot,combined_blind_spots,4,generalized,,"[0.25, 0.0]",1.0,1.0,1.0,0.65,左前方存在弯道盲区和豁口盲区，右前方存在无灯路口盲区，自车应减速行驶通过。,前方存在盲区风险，自车应减速行驶通过。
464,54,blind_spot,combined_blind_spots,3,missing_factor,,"[1.0, 0.0]",1.0,1.0,1.0,0.8,左前方存在弯道盲区和豁口盲区，右前方存在无灯路口盲区，自车应减速行驶通过。,左前方存在弯道盲区和豁口盲区，自车应减速行驶通过。
465,54,blind_spot,combined_blind_spots,3,missing_factor,,"[0.0, 1.0]",1.0,1.0,1.0,0.8,左前方存在弯道盲区和豁口盲区，右前方存在无灯路口盲区，自车应减速行驶通过。,右前方存在无灯路口盲区，自车应减速行驶通过。
466,54,blind_spot,combined_blind_spots,3,missing_factor,,"[0.5, 0.0]",1.0,1.0,1.0,0.7,左前方存在弯道盲区和豁口盲区，右前方存在无灯路口盲区，自车应减速行驶通过。,前方存在盲区和盲区，自车应减速行驶通过。
467,54,blind_spot,combined_blind_spots,2.8,wrong_factor,direction_swap,"[0.75, 1.0]",1.0,1.0,1.0,0.95,左前方存在弯道盲区和豁口盲区，右前方存在无灯路口盲区，自车应减速行驶通过。,右前方存在弯道盲区和豁口盲区，右前方存在无灯路口盲区，自车应减速行驶通过。
468,54,blind_spot,combined_blind_spots,2.8,wrong_factor,direction_swap,"[1.0, 0.75]",1.0,1.0,1.0,0.95,左前方存在弯道盲区和豁口盲区，右前方存在无灯路口盲区，自车应减速行驶通过。,左前方存在弯道盲区和豁口盲区，左前方存在无灯路口盲区，自车应减速行驶通过。
469,54,blind_spot,combined_blind_spots,2.3,wrong_factor,same_category_subtype_swap,"[0.75, 1.0]",1.0,1.0,1.0,0.95,左前方存在弯道盲区和豁口盲区，右前方存在无灯路口盲区，自车应减速行驶通过。,左前方存在弯道盲区和车辆遮挡盲区，右前方存在无灯路口盲区，自车应减速行驶通过。
470,54,blind_spot,combined_blind_spots,2.3,wrong_factor,same_category_subtype_swap,"[0.75, 1.0]",1.0,1.0,1.0,0.95,左前方存在弯道盲区和豁口盲区，右前方存在无灯路口盲区，自车应减速行驶通过。,左前方存在无灯路口盲区和豁口盲区，右前方存在无灯路口盲区，自车应减速行驶通过。
471,54,blind_spot,combined_blind_spots,2.3,wrong_factor,same_category_subtype_swap,"[1.0, 0.5]",1.0,1.0,1.0,0.9,左前方存在弯道盲区和豁口盲区，右前方存在无灯路口盲区，自车应减速行驶通过。,左前方存在弯道盲区和豁口盲区，右前方存在弯道盲区，自车应减速行驶通过。
472,54,blind_spot,combined_blind_spots,1.7,wrong_factor,cross_category_swap,"[0.75, 1.0]",1.0,0.5,1.0,0.85,左前方存在弯道盲区和豁口盲区，右前方存在无灯路口盲区，自车应减速行驶通过。,左前方存在弯道盲区和车辆占道停车，右前方存在无灯路口盲区，自车应减速行驶通过。
473,54,blind_spot,combined_blind_spots,1.7,wrong_factor,cross_category_swap,"[0.75, 1.0]",1.0,1.0,1.0,0.95,左前方存在弯道盲区和豁口盲区，右前方存在无灯路口盲区，自车应减速行驶通过。,左前方存在减速带和豁口盲区，右前方存在无灯路口盲区，自车应减速行驶通过。
474,54,blind_spot,combined_blind_spots,1.7,wrong_factor,cross_category_swap,"[0.0, 0.0]",1.0,1.0,1.0,0.6,左前方存在弯道盲区和豁口盲区，右前方存在无灯路口盲区，自车应减速行驶通过。,前方存在锥桶占道，影响自车通行，自车应减速行驶通过。
475,54,blind_spot,combined_blind_spots,1,unsafe_action,,"[1.0, 1.0]",1.0,0.0,1.0,0.8,左前方存在弯道盲区和豁口盲区，右前方存在无灯路口盲区，自车应减速行驶通过。,左前方存在弯道盲区和豁口盲区，右前方存在无灯路口盲区，自车应加速通过。
476,55,lane_change,reactive_obstacle_blocking,5,complete,,[1.0],1.0,1.0,1.0,1.0,自车当前在原车道正常行驶，自车道前方有一辆白色三轮车未行驶占用自车道，影响自车通行效率，右侧车道空闲且右后方有一辆白色小汽车，速度较慢与自车保持安全距离，自车应向右变更车道。,自车当前在原车道正常行驶，自车道前方有一辆白色三轮车未行驶占用自车道，影响自车通行效率，右侧车道空闲且右后方有一辆白色小汽车，速度较慢与自车保持安全距离，自车应向右变更车道。
477,55,lane_change,reactive_obstacle_blocking,4,generalized,,[0.5],0.0,1.0,1.0,0.625,自车当前在原车道正常行驶，自车道前方有一辆白色三轮车未行驶占用自车道，影响自车通行效率，右侧车道空闲且右后方有一辆白色小汽车，速度较慢与自车保持安全距离，自车应向右变更车道。,前方通行受阻，右侧车道具备换道条件，自车应向右变更车道。
478,55,lane_change,reactive_obstacle_blocking,3,missing_factor,,[1.0],1.0,1.0,0.0,0.75,自车当前在原车道正常行驶，自车道前方有一辆白色三轮车未行驶占用自车道，影响自车通行效率，右侧车道空闲且右后方有一辆白色小汽车，速度较慢与自车保持安全距离，自车应向右变更车道。,自车当前在原车道正常行驶，自车道前方有一辆白色三轮车未行驶占用自车道，影响自车通行效率，右侧车道空闲且右后方有一辆白色小汽车，自车应向右变更车道。
479,55,lane_change,reactive_obstacle_blocking,3,missing_factor,,[1.0],1.0,1.0,1.0,1.0,自车当前在原车道正常行驶，自车道前方有一辆白色三轮车未行驶占用自车道，影响自车通行效率，右侧车道空闲且右后方有一辆白色小汽车，速度较慢与自车保持安全距离，自车应向右变更车道。,自车道前方有一辆白色三轮车未行驶占用自车道，影响自车通行效率，右侧车道空闲且右后方有一辆白色小汽车，速度较慢与自车保持安全距离，自车应向右变更车道。
480,55,lane_change,reactive_obstacle_blocking,3,missing_factor,,[0.0],1.0,1.0,1.0,0.75,自车当前在原车道正常行驶，自车道前方有一辆白色三轮车未行驶占用自车道，影响自车通行效率，右侧车道空闲且右后方有一辆白色小汽车，速度较慢与自车保持安全距离，自车应向右变更车道。,自车当前在原车道正常行驶，速度较慢与自车保持安全距离，自车应向右变更车道。
481,55,lane_change,reactive_obstacle_blocking,2.8,wrong_factor,direction_swap,[0.0],1.0,1.0,1.0,0.75,自车当前在原车道正常行驶，自车道前方有一辆白色三轮车未行驶占用自车道，影响自车通行效率，右侧车道空闲且右后方有一辆白色小汽车，速度较慢与自车保持安全距离，自车应向右变更车道。,自车当前在原车道正常行驶，自车道前方有一辆白色三轮车未行驶占用自车道，影响自车通行效率，左侧车道空闲且右后方有一辆白色小汽车，速度较慢与自车保持安全距离，自车应向右变更车道。
482,55,lane_change,reactive_obstacle_blocking,2.8,wrong_factor,direction_swap,[0.75],1.0,1.0,1.0,0.9375,自车当前在原车道正常行驶，自车道前方有一辆白色三轮车未行驶占用自车道，影响自车通行效率，右侧车道空闲且右后方有一辆白色小汽车，速度较慢与自车保持安全距离，自车应向右变更车道。,自车当前在原车道正常行驶，自车道前方有一辆白色三轮车未行驶占用自车道，影响自车通行效率，右侧车道空闲且左后方有一辆白色小汽车，速度较慢与自车保持安全距离，自车应向右变更车道。
483,55,lane_change,reactive_obstacle_blocking,2.3,wrong_factor,same_category_subtype_swap,[0.75],1.0,1.0,1.0,0.9375,自车当前在原车道正常行驶，自车道前方有一辆白色三轮车未行驶占用自车道，影响自车通行效率，右侧车道空闲且右后方有一辆白色小汽车，速度较慢与自车保持安全距离，自车应向右变更车道。,自车当前在原车道正常行驶，自车道前方有一辆白色三轮车未行驶占用自车道，影响自车通行效率，右侧车道拥堵且右后方有一辆白色小汽车，速度较慢与自车保持安全距离，自车应向右变更车道。
484,55,lane_change,reactive_obstacle_blocking,2.3,wrong_factor,same_category_subtype_swap,[1.0],1.0,1.0,0.0,0.75,自车当前在原车道正常行驶，自车道前方有一辆白色三轮车未行驶占用自车道，影响自车通行效率，右侧车道空闲且右后方有一辆白色小汽车，速度较慢与自车保持安全距离，自车应向右变更车道。,自车当前在原车道正常行驶，自车道前方有一辆白色三轮车未行驶占用自车道，影响自车通行效率，右侧车道空闲且右后方有一辆白色小汽车，速度较慢与自车保持距离较近，自车应向右变更车道。
485,55,lane_change,reactive_obstacle_blocking,2.3,wrong_factor,same_category_subtype_swap,[1.0],1.0,1.0,1.0,1.0,自车当前在原车道正常行驶，自车道前方有一辆白色三轮车未行驶占用自车道，影响自车通行效率，右侧车道空闲且右后方有一辆白色小汽车，速度较慢与自车保持安全距离，自车应向右变更车道。,自车当前在原车道正常行驶，自车道前方有一辆白色三轮车未行驶占用自车道，影响自车通行效率，右侧车道空闲且右后方有一辆白色小汽车，速度较快与自车保持安全距离，自车应向右变更车道。
486,55,lane_change,reactive_obstacle_blocking,1.7,wrong_factor,cross_category_swap,[0.0],1.0,1.0,0.0,0.5,自车当前在原车道正常行驶，自车道前方有一辆白色三轮车未行驶占用自车道，影响自车通行效率，右侧车道空闲且右后方有一辆白色小汽车，速度较慢与自车保持安全距离，自车应向右变更车道。,前方存在车辆遮挡盲区，自车应向右变更车道。
487,55,lane_change,reactive_obstacle_blocking,1,unsafe_action,,[1.0],1.0,1.0,1.0,1.0,自车当前在原车道正常行驶，自车道前方有一辆白色三轮车未行驶占用自车道，影响自车通行效率，右侧车道空闲且右后方有一辆白色小汽车，速度较慢与自车保持安全距离，自车应向右变更车道。,自车当前在原车道正常行驶，自车道前方有一辆白色三轮车未行驶占用自车道，影响自车通行效率，右侧车道空闲且右后方有一辆白色小汽车，速度较慢与自车保持安全距离，自车应向左变更车道。
488,56,road_condition,road_surface,5,complete,,[1.0],1.0,1.0,1.0,1.0,前方存在减速带，自车应减速通过。,前方存在减速带，自车应减速通过。
489,56,road_condition,road_surface,4,generalized,,[0.0],1.0,1.0,1.0,0.75,前方存在减速带，自车应减速通过。,前方存在异常路面，自车应减速行驶通过。
490,56,road_condition,road_surface,3,missing_factor,,[1.0],1.0,1.0,1.0,1.0,前方存在减速带，自车应减速通过。,前方存在减速带，自车应减速行驶通过。
491,56,road_condition,road_surface,2.3,wrong_factor,same_category_subtype_swap,[0.0],1.0,1.0,1.0,0.75,前方存在减速带，自车应减速通过。,前方存在坑洼路面，自车应减速通过。
492,56,road_condition,road_surface,1.7,wrong_factor,cross_category_swap,[0.0],1.0,0.5,1.0,0.625,前方存在减速带，自车应减速通过。,前方存在车辆占道停车，自车应减速通过。
493,56,road_condition,road_surface,1.7,wrong_factor,cross_category_swap,[0.5],1.0,1.0,0.0,0.625,前方存在减速带，自车应减速通过。,右前方有车辆意图切入自车道，自车应减速行驶通过。
494,56,road_condition,road_surface,1,unsafe_action,,[1.0],1.0,0.5,1.0,0.875,前方存在减速带，自车应减速通过。,前方存在减速带，自车应加速通过。
495,57,lane_change,must_wait,5,complete,,"[1.0, 1.0, 1.0]",1.0,1.0,1.0,1.0,自车当前在原车道正常行驶，前方一辆白色SUV未行驶占据车道，阻挡自车通行，左侧车道正常通行，左后方一辆白色轿车，速度较快，自车应等待其通过后再向左变更车道。,自车当前在原车道正常行驶，前方一辆白色SUV未行驶占据车道，阻挡自车通行，左侧车道正常通行，左后方一辆白色轿车，速度较快，自车应等待其通过后再向左变更车道。
496,57,lane_change,must_wait,4,generalized,,"[0.5, 0.5, 0.0]",0.0,1.0,1.0,0.5,自车当前在原车道正常行驶，前方一辆白色SUV未行驶占据车道，阻挡自车通行，左侧车道正常通行，左后方一辆白色轿车，速度较快，自车应等待其通过后再向左变更车道。,前方通行受阻，左侧车道具备换道条件，自车应向左变更车道。
497,57,lane_change,must_wait,3,missing_factor,,"[1.0, 1.0, 1.0]",1.0,1.0,0.0,0.8333,自车当前在原车道正常行驶，前方一辆白色SUV未行驶占据车道，阻挡自车通行，左侧车道正常通行，左后方一辆白色轿车，速度较快，自车应等待其通过后再向左变更车道。,自车当前在原车道正常行驶，前方一辆白色SUV未行驶占据车道，阻挡自车通行，左侧车道正常通行，左后方一辆白色轿车，自车应向左变更车道。
498,57,lane_change,must_wait,3,missing_factor,,"[1.0, 1.0, 1.0]",1.0,1.0,0.0,0.8333,自车当前在原车道正常行驶，前方一辆白色SUV未行驶占据车道，阻挡自车通行，左侧车道正常通行，左后方一辆白色轿车，速度较快，自车应等待其通过后再向左变更车道。,前方一辆白色SUV未行驶占据车道，阻挡自车通行，左侧车道正常通行，左后方一辆白色轿车，速度较快，自车应向左变更车道。
499,57,lane_change,must_wait,3,missing_factor,,"[0.5, 0.0, 0.0]",1.0,1.0,0.0,0.4167,自车当前在原车道正常行驶，前方一辆白色SUV未行驶占据车道，阻挡自车通行，左侧车道正常通行，左后方一辆白色轿车，速度较快，自车应等待其通过后再向左变更车道。,自车当前在原车道正常行驶，速度较快，自车应向左变更车道。
500,57,lane_change,must_wait,2.8,wrong_factor,direction_swap,"[1.0, 0.0, 1.0]",1.0,1.0,1.0,0.8333,自车当前在原车道正常行驶，前方一辆白色SUV未行驶占据车道，阻挡自车通行，左侧车道正常通行，左后方一辆白色轿车，速度较快，自车应等待其通过后再向左变更车道。,自车当前在原车道正常行驶，前方一辆白色SUV未行驶占据车道，阻挡自车通行，右侧车道正常通行，左后方一辆白色轿车，速度较快，自车应等待其通过后再向左变更车道。
501,57,lane_change,must_wait,2.8,wrong_factor,direction_swap,"[1.0, 1.0, 0.75]",1.0,1.0,1.0,0.9583,自车当前在原车道正常行驶，前方一辆白色SUV未行驶占据车道，阻挡自车通行，左侧车道正常通行，左后方一辆白色轿车，速度较快，自车应等待其通过后再向左变更车道。,自车当前在原车道正常行驶，前方一辆白色SUV未行驶占据车道，阻挡自车通行，左侧车道正常通行，右后方一辆白色轿车，速度较快，自车应等待其通过后再向左变更车道。
502,57,lane_change,must_wait,2.3,wrong_factor,same_category_subtype_swap,"[1.0, 0.75, 1.0]",1.0,1.0,1.0,0.9583,自车当前在原车道正常行驶，前方一辆白色SUV未行驶占据车道，阻挡自车通行，左侧车道正常通行，左后方一辆白色轿车，速度较快，自车应等待其通过后再向左变更车道。,自车当前在原车道正常行驶，前方一辆白色SUV未行驶占据车道，阻挡自车通行，左侧车道通行效率较低，左后方一辆白色轿车，速度较快，自车应等待其通过后再向左变更车道。
503,57,lane_change,must_wait,2.3,wrong_factor,same_category_subtype_swap,"[1.0, 1.0, 1.0]",1.0,1.0,1.0,1.0,自车当前在原车道正常行驶，前方一辆白色SUV未行驶占据车道，阻挡自车通行，左侧车道正常通行，左后方一辆白色轿车，速度较快，自车应等待其通过后再向左变更车道。,自车当前在原车道正常行驶，前方一辆白色SUV未行驶占据车道，阻挡自车通行，左侧车道正常通行，左后方一辆白色轿车，速度较慢，自车应等待其通过后再向左变更车道。
504,57,lane_change,must_wait,1.7,wrong_factor,cross_category_swap,"[0.0, 0.0, 0.0]",1.0,1.0,0.0,0.3333,自车当前在原车道正常行驶，前方一辆白色SUV未行驶占据车道，阻挡自车通行，左侧车道正常通行，左后方一辆白色轿车，速度较快，自车应等待其通过后再向左变更车道。,前方存在车辆遮挡盲区，自车应向左变更车道。
505,57,lane_change,must_wait,1,unsafe_action,,"[1.0, 1.0, 1.0]",1.0,1.0,0.0,0.8333,自车当前在原车道正常行驶，前方一辆白色SUV未行驶占据车道，阻挡自车通行，左侧车道正常通行，左后方一辆白色轿车，速度较快，自车应等待其通过后再向左变更车道。,自车当前在原车道正常行驶，前方一辆白色SUV未行驶占据车道，阻挡自车通行，左侧车道正常通行，左后方一辆白色轿车，速度较快，自车应向右变更车道。
506,58,road_condition,road_surface,5,complete,,[1.0],1.0,1.0,1.0,1.0,前方存在积水，自车应减速通行。,前方存在积水，自车应减速通行。
507,58,road_condition,road_surface,4,generalized,,[0.5],1.0,1.0,1.0,0.875,前方存在积水，自车应减速通行。,前方存在异常路面，自车应减速行驶通过。
508,58,road_condition,road_surface,3,missing_factor,,[1.0],1.0,1.0,1.0,1.0,前方存在积水，自车应减速通行。,前方存在积水，自车应减速行驶通过。
509,58,road_condition,road_surface,2.3,wrong_factor,same_category_subtype_swap,[0.0],1.0,1.0,1.0,0.75,前方存在积水，自车应减速通行。,前方存在井盖凹陷，自车应减速通行。
510,58,road_condition,road_surface,1.7,wrong_factor,cross_category_swap,[0.0],1.0,1.0,1.0,0.75,前方存在积水，自车应减速通行。,前方存在锥桶占道，自车应减速通行。
511,58,road_condition,road_surface,1.7,wrong_factor,cross_category_swap,[0.0],1.0,1.0,0.0,0.5,前方存在积水，自车应减速通行。,右前方有车辆意图切入自车道，自车应减速行驶通过。
512,58,road_condition,road_surface,1,unsafe_action,,[1.0],1.0,0.0,1.0,0.75,前方存在积水，自车应减速通行。,前方存在积水，自车应加速通过。
513,59,yielding,decelerate_to_yield,5,complete,,[1.0],1.0,1.0,1.0,1.0,自车当前在原车道正常行驶，前方有红色三轮车缓慢行驶，对向车道有红色货车正常行驶，自车应让行后向左避障。,自车当前在原车道正常行驶，前方有红色三轮车缓慢行驶，对向车道有红色货车正常行驶，自车应让行后向左避障。
514,59,yielding,decelerate_to_yield,4,generalized,,[0.5],0.0,1.0,1.0,0.625,自车当前在原车道正常行驶，前方有红色三轮车缓慢行驶，对向车道有红色货车正常行驶，自车应让行后向左避障。,前方有交通参与者影响自车通行，自车应减速让行。
515,59,yielding,decelerate_to_yield,3,missing_factor,,[1.0],0.0,1.0,1.0,0.75,自车当前在原车道正常行驶，前方有红色三轮车缓慢行驶，对向车道有红色货车正常行驶，自车应让行后向左避障。,自车当前在原车道正常行驶，前方有红色三轮车缓慢行驶，自车应减速让行。
516,59,yielding,decelerate_to_yield,3,missing_factor,,[1.0],0.0,1.0,1.0,0.75,自车当前在原车道正常行驶，前方有红色三轮车缓慢行驶，对向车道有红色货车正常行驶，自车应让行后向左避障。,前方有红色三轮车缓慢行驶，对向车道有红色货车正常行驶，自车应减速让行。
517,59,yielding,decelerate_to_yield,3,missing_factor,,[0.5],0.0,1.0,1.0,0.625,自车当前在原车道正常行驶，前方有红色三轮车缓慢行驶，对向车道有红色货车正常行驶，自车应让行后向左避障。,自车当前在原车道正常行驶，对向车道有红色货车正常行驶，自车应减速让行。
518,59,yielding,decelerate_to_yield,2.3,wrong_factor,same_category_subtype_swap,[1.0],1.0,1.0,1.0,1.0,自车当前在原车道正常行驶，前方有红色三轮车缓慢行驶，对向车道有红色货车正常行驶，自车应让行后向左避障。,自车当前在原车道正常行驶，前方有红色三轮车缓慢行驶，对向车道有红色小汽车正常行驶，自车应让行后向左避障。
519,59,yielding,decelerate_to_yield,1.7,wrong_factor,cross_category_swap,[0.0],0.0,1.0,1.0,0.5,自车当前在原车道正常行驶，前方有红色三轮车缓慢行驶，对向车道有红色货车正常行驶，自车应让行后向左避障。,前方存在坑洼路面，自车应减速让行。
520,59,yielding,decelerate_to_yield,1,unsafe_action,,[1.0],0.0,0.5,0.0,0.375,自车当前在原车道正常行驶，前方有红色三轮车缓慢行驶，对向车道有红色货车正常行驶，自车应让行后向左避障。,自车当前在原车道正常行驶，前方有红色三轮车缓慢行驶，对向车道有红色货车正常行驶，自车应加速通过。
521,60,road_condition,road_surface,5,complete,,[1.0],1.0,1.0,1.0,1.0,右前方存在井盖，自车应左避让通过。,右前方存在井盖，自车应左避让通过。
522,60,road_condition,road_surface,4,generalized,,[0.0],1.0,1.0,1.0,0.75,右前方存在井盖，自车应左避让通过。,前方存在异常路面，自车应向左避障。
523,60,road_condition,road_surface,3,missing_factor,,[0.75],1.0,1.0,1.0,0.9375,右前方存在井盖，自车应左避让通过。,前方存在井盖，自车应向左避障。
524,60,road_condition,road_surface,2.8,wrong_factor,direction_swap,[0.75],1.0,1.0,1.0,0.9375,右前方存在井盖，自车应左避让通过。,左前方存在井盖，自车应左避让通过。
525,60,road_condition,road_surface,2.3,wrong_factor,same_category_subtype_swap,[0.5],1.0,0.0,1.0,0.625,右前方存在井盖，自车应左避让通过。,右前方存在减速带，自车应左避让通过。
526,60,road_condition,road_surface,1.7,wrong_factor,cross_category_swap,[0.0],1.0,1.0,1.0,0.75,右前方存在井盖，自车应左避让通过。,右前方存在无灯路口盲区，自车应左避让通过。
527,60,road_condition,road_surface,1.7,wrong_factor,cross_category_swap,[0.25],1.0,1.0,0.0,0.5625,右前方存在井盖，自车应左避让通过。,右前方有车辆意图切入自车道，自车应向左避障。
528,60,road_condition,road_surface,1,unsafe_action,,[1.0],1.0,1.0,1.0,1.0,右前方存在井盖，自车应左避让通过。,右前方存在井盖，自车应向右避障。
529,61,road_condition,road_surface,5,complete,,[1.0],1.0,1.0,1.0,1.0,左前方为坑洼路面，自车应减速行驶。,左前方为坑洼路面，自车应减速行驶。
530,61,road_condition,road_surface,4,generalized,,[0.25],1.0,1.0,1.0,0.8125,左前方为坑洼路面，自车应减速行驶。,前方存在异常路面，自车应减速行驶通过。
531,61,road_condition,road_surface,3,missing_factor,,[0.75],1.0,1.0,1.0,0.9375,左前方为坑洼路面，自车应减速行驶。,前方为坑洼路面，自车应减速行驶通过。
532,61,road_condition,road_surface,2.8,wrong_factor,direction_swap,[0.75],1.0,1.0,1.0,0.9375,左前方为坑洼路面，自车应减速行驶。,右前方为坑洼路面，自车应减速行驶。
533,61,road_condition,road_surface,2.3,wrong_factor,same_category_subtype_swap,[0.75],1.0,1.0,1.0,0.9375,左前方为坑洼路面，自车应减速行驶。,左前方为积水路面，自车应减速行驶。
534,61,road_condition,road_surface,1.7,wrong_factor,cross_category_swap,[0.0],1.0,1.0,1.0,0.75,左前方为坑洼路面，自车应减速行驶。,左前方为车辆遮挡盲区，自车应减速行驶。
535,61,road_condition,road_surface,1.7,wrong_factor,cross_category_swap,[0.0],1.0,1.0,1.0,0.75,左前方为坑洼路面，自车应减速行驶。,左前方为车辆遮挡盲区路面，自车应减速行驶。
536,61,road_condition,road_surface,1.7,wrong_factor,cross_category_swap,[0.0],1.0,1.0,0.0,0.5,左前方为坑洼路面，自车应减速行驶。,右前方有车辆意图切入自车道，自车应减速行驶通过。
537,61,road_condition,road_surface,1,unsafe_action,,[1.0],1.0,0.0,1.0,0.75,左前方为坑洼路面，自车应减速行驶。,左前方为坑洼路面，自车应加速通过。
538,62,lane_change,proactive_slow_ahead,5,complete,,[1.0],1.0,1.0,1.0,1.0,自车当前车道前方一辆货车速度较慢，右侧车道空闲且右后方无来车，自车应向右换道。,自车当前车道前方一辆货车速度较慢，右侧车道空闲且右后方无来车，自车应向右换道。
539,62,lane_change,proactive_slow_ahead,4,generalized,,[0.5],1.0,1.0,0.0,0.625,自车当前车道前方一辆货车速度较慢，右侧车道空闲且右后方无来车，自车应向右换道。,前方通行受阻，右侧车道具备换道条件，自车应向右变更车道。
540,62,lane_change,proactive_slow_ahead,3,missing_factor,,[0.0],0.0,1.0,1.0,0.5,自车当前车道前方一辆货车速度较慢，右侧车道空闲且右后方无来车，自车应向右换道。,自车当前车道前方一辆货车速度较慢，自车应向右变更车道。
541,62,lane_change,proactive_slow_ahead,3,missing_factor,,[1.0],0.0,1.0,1.0,0.75,自车当前车道前方一辆货车速度较慢，右侧车道空闲且右后方无来车，自车应向右换道。,右侧车道空闲且右后方无来车，自车应向右变更车道。
542,62,lane_change,proactive_slow_ahead,2.8,wrong_factor,direction_swap,[0.0],1.0,1.0,1.0,0.75,自车当前车道前方一辆货车速度较慢，右侧车道空闲且右后方无来车，自车应向右换道。,自车当前车道前方一辆货车速度较慢，左侧车道空闲且右后方无来车，自车应向右换道。
543,62,lane_change,proactive_slow_ahead,2.8,wrong_factor,direction_swap,[0.75],1.0,1.0,1.0,0.9375,自车当前车道前方一辆货车速度较慢，右侧车道空闲且右后方无来车，自车应向右换道。,自车当前车道前方一辆货车速度较慢，右侧车道空闲且左后方无来车，自车应向右换道。
544,62,lane_change,proactive_slow_ahead,2.3,wrong_factor,same_category_subtype_swap,[0.75],1.0,1.0,1.0,0.9375,自车当前车道前方一辆货车速度较慢，右侧车道空闲且右后方无来车，自车应向右换道。,自车当前车道前方一辆货车速度较慢，右侧车道拥堵且右后方无来车，自车应向右换道。
545,62,lane_change,proactive_slow_ahead,2.3,wrong_factor,same_category_subtype_swap,[0.75],1.0,1.0,1.0,0.9375,自车当前车道前方一辆货车速度较慢，右侧车道空闲且右后方无来车，自车应向右换道。,自车当前车道前方一辆货车速度较慢，右侧车道空闲且右后方有快速来车，自车应向右换道。
546,62,lane_change,proactive_slow_ahead,2.3,wrong_factor,same_category_subtype_swap,[1.0],1.0,1.0,1.0,1.0,自车当前车道前方一辆货车速度较慢，右侧车道空闲且右后方无来车，自车应向右换道。,自车当前车道前方一辆货车速度较快，右侧车道空闲且右后方无来车，自车应向右换道。
547,62,lane_change,proactive_slow_ahead,1.7,wrong_factor,cross_category_swap,[0.0],0.0,1.0,1.0,0.5,自车当前车道前方一辆货车速度较慢，右侧车道空闲且右后方无来车，自车应向右换道。,前方存在车辆遮挡盲区，自车应向右变更车道。
548,62,lane_change,proactive_slow_ahead,1,unsafe_action,,[1.0],0.0,1.0,1.0,0.75,自车当前车道前方一辆货车速度较慢，右侧车道空闲且右后方无来车，自车应向右换道。,自车当前车道前方一辆货车速度较慢，右侧车道空闲且右后方无来车，自车应向左变更车道。
549,63,yielding,decelerate_to_yield,5,complete,,"[1.0, 1.0]",1.0,1.0,1.0,1.0,自车当前在原车道正常行驶，前方有白色非机动车辆缓速行驶，左前方有三轮骑行者对向行驶，自车应减速让行后向左避障。,自车当前在原车道正常行驶，前方有白色非机动车辆缓速行驶，左前方有三轮骑行者对向行驶，自车应减速让行后向左避障。
550,63,yielding,decelerate_to_yield,4,generalized,,"[0.5, 0.0]",0.0,1.0,1.0,0.5,自车当前在原车道正常行驶，前方有白色非机动车辆缓速行驶，左前方有三轮骑行者对向行驶，自车应减速让行后向左避障。,前方有交通参与者影响自车通行，自车应减速让行。
551,63,yielding,decelerate_to_yield,3,missing_factor,,"[1.0, 0.0]",0.0,1.0,1.0,0.6,自车当前在原车道正常行驶，前方有白色非机动车辆缓速行驶，左前方有三轮骑行者对向行驶，自车应减速让行后向左避障。,自车当前在原车道正常行驶，前方有白色非机动车辆缓速行驶，自车应减速让行。
552,63,yielding,decelerate_to_yield,3,missing_factor,,"[1.0, 1.0]",0.0,1.0,1.0,0.8,自车当前在原车道正常行驶，前方有白色非机动车辆缓速行驶，左前方有三轮骑行者对向行驶，自车应减速让行后向左避障。,前方有白色非机动车辆缓速行驶，左前方有三轮骑行者对向行驶，自车应减速让行。
553,63,yielding,decelerate_to_yield,3,missing_factor,,"[0.0, 1.0]",0.0,1.0,1.0,0.6,自车当前在原车道正常行驶，前方有白色非机动车辆缓速行驶，左前方有三轮骑行者对向行驶，自车应减速让行后向左避障。,自车当前在原车道正常行驶，左前方有三轮骑行者对向行驶，自车应减速让行。
554,63,yielding,decelerate_to_yield,2.8,wrong_factor,direction_swap,"[1.0, 0.75]",1.0,1.0,1.0,0.95,自车当前在原车道正常行驶，前方有白色非机动车辆缓速行驶，左前方有三轮骑行者对向行驶，自车应减速让行后向左避障。,自车当前在原车道正常行驶，前方有白色非机动车辆缓速行驶，右前方有三轮骑行者对向行驶，自车应减速让行后向左避障。
555,63,yielding,decelerate_to_yield,1.7,wrong_factor,cross_category_swap,"[0.0, 0.0]",0.0,1.0,1.0,0.4,自车当前在原车道正常行驶，前方有白色非机动车辆缓速行驶，左前方有三轮骑行者对向行驶，自车应减速让行后向左避障。,前方存在坑洼路面，自车应减速让行。
556,63,yielding,decelerate_to_yield,1,unsafe_action,,"[1.0, 1.0]",0.0,0.0,0.0,0.4,自车当前在原车道正常行驶，前方有白色非机动车辆缓速行驶，左前方有三轮骑行者对向行驶，自车应减速让行后向左避障。,自车当前在原车道正常行驶，前方有白色非机动车辆缓速行驶，左前方有三轮骑行者对向行驶，自车应加速通过。
557,64,lane_change,proactive_slow_ahead,5,complete,,[1.0],1.0,1.0,1.0,1.0,自车前方一辆车停靠路边，阻碍自车行驶，自车左侧车道空闲，且左后方无来车，自车应向左变更车道。,自车前方一辆车停靠路边，阻碍自车行驶，自车左侧车道空闲，且左后方无来车，自车应向左变更车道。
558,64,lane_change,proactive_slow_ahead,4,generalized,,[0.25],0.0,1.0,0.0,0.3125,自车前方一辆车停靠路边，阻碍自车行驶，自车左侧车道空闲，且左后方无来车，自车应向左变更车道。,前方通行受阻，左侧车道具备换道条件，自车应向左变更车道。
559,64,lane_change,proactive_slow_ahead,3,missing_factor,,[0.0],1.0,1.0,1.0,0.75,自车前方一辆车停靠路边，阻碍自车行驶，自车左侧车道空闲，且左后方无来车，自车应向左变更车道。,自车前方一辆车停靠路边，阻碍自车行驶，自车左侧车道空闲，自车应向左变更车道。
560,64,lane_change,proactive_slow_ahead,3,missing_factor,,[1.0],1.0,1.0,1.0,1.0,自车前方一辆车停靠路边，阻碍自车行驶，自车左侧车道空闲，且左后方无来车，自车应向左变更车道。,阻碍自车行驶，自车左侧车道空闲，且左后方无来车，自车应向左变更车道。
561,64,lane_change,proactive_slow_ahead,3,missing_factor,,[1.0],1.0,1.0,1.0,1.0,自车前方一辆车停靠路边，阻碍自车行驶，自车左侧车道空闲，且左后方无来车，自车应向左变更车道。,自车前方一辆车停靠路边，且左后方无来车，自车应向左变更车道。
562,64,lane_change,proactive_slow_ahead,2.8,wrong_factor,direction_swap,[1.0],1.0,1.0,1.0,1.0,自车前方一辆车停靠路边，阻碍自车行驶，自车左侧车道空闲，且左后方无来车，自车应向左变更车道。,自车前方一辆车停靠路边，阻碍自车行驶，自车右侧车道空闲，且左后方无来车，自车应向左变更车道。
563,64,lane_change,proactive_slow_ahead,2.8,wrong_factor,direction_swap,[0.75],1.0,1.0,1.0,0.9375,自车前方一辆车停靠路边，阻碍自车行驶，自车左侧车道空闲，且左后方无来车，自车应向左变更车道。,自车前方一辆车停靠路边，阻碍自车行驶，自车左侧车道空闲，且右后方无来车，自车应向左变更车道。
564,64,lane_change,proactive_slow_ahead,2.3,wrong_factor,same_category_subtype_swap,[1.0],1.0,1.0,1.0,1.0,自车前方一辆车停靠路边，阻碍自车行驶，自车左侧车道空闲，且左后方无来车，自车应向左变更车道。,自车前方一辆车停靠路边，阻碍自车行驶，自车左侧车道拥堵，且左后方无来车，自车应向左变更车道。
565,64,lane_change,proactive_slow_ahead,2.3,wrong_factor,same_category_subtype_swap,[0.75],1.0,1.0,1.0,0.9375,自车前方一辆车停靠路边，阻碍自车行驶，自车左侧车道空闲，且左后方无来车，自车应向左变更车道。,自车前方一辆车停靠路边，阻碍自车行驶，自车左侧车道空闲，且左后方有快速来车，自车应向左变更车道。
566,64,lane_change,proactive_slow_ahead,1.7,wrong_factor,cross_category_swap,[0.0],1.0,1.0,1.0,0.75,自车前方一辆车停靠路边，阻碍自车行驶，自车左侧车道空闲，且左后方无来车，自车应向左变更车道。,前方存在车辆遮挡盲区，自车应向左变更车道。
567,64,lane_change,proactive_slow_ahead,1,unsafe_action,,[1.0],1.0,1.0,1.0,1.0,自车前方一辆车停靠路边，阻碍自车行驶，自车左侧车道空闲，且左后方无来车，自车应向左变更车道。,自车前方一辆车停靠路边，阻碍自车行驶，自车左侧车道空闲，且左后方无来车，自车应向右变更车道。
568,65,lane_change,reactive_obstacle_blocking,5,complete,,[1.0],1.0,1.0,1.0,1.0,自车当前正在顺行，自车道前方存在锥桶，右前方灰色轿车与右后方白色汽车存在足够换道空隙，自车应换道。,自车当前正在顺行，自车道前方存在锥桶，右前方灰色轿车与右后方白色汽车存在足够换道空隙，自车应换道。
569,65,lane_change,reactive_obstacle_blocking,4,generalized,,[0.25],1.0,1.0,0.0,0.5625,自车当前正在顺行，自车道前方存在锥桶，右前方灰色轿车与右后方白色汽车存在足够换道空隙，自车应换道。,前方通行受阻，相邻车道具备换道条件，自车应换道。
570,65,lane_change,reactive_obstacle_blocking,3,missing_factor,,[0.0],1.0,1.0,1.0,0.75,自车当前正在顺行，自车道前方存在锥桶，右前方灰色轿车与右后方白色汽车存在足够换道空隙，自车应换道。,自车当前正在顺行，自车道前方存在锥桶，自车应换道。
571,65,lane_change,reactive_obstacle_blocking,3,missing_factor,,[1.0],1.0,1.0,1.0,1.0,自车当前正在顺行，自车道前方存在锥桶，右前方灰色轿车与右后方白色汽车存在足够换道空隙，自车应换道。,自车道前方存在锥桶，右前方灰色轿车与右后方白色汽车存在足够换道空隙，自车应换道。
572,65,lane_change,reactive_obstacle_blocking,3,missing_factor,,[1.0],1.0,1.0,1.0,1.0,自车当前正在顺行，自车道前方存在锥桶，右前方灰色轿车与右后方白色汽车存在足够换道空隙，自车应换道。,自车当前正在顺行，右前方灰色轿车与右后方白色汽车存在足够换道空隙，自车应换道。
573,65,lane_change,reactive_obstacle_blocking,2.8,wrong_factor,direction_swap,[0.75],1.0,1.0,1.0,0.9375,自车当前正在顺行，自车道前方存在锥桶，右前方灰色轿车与右后方白色汽车存在足够换道空隙，自车应换道。,自车当前正在顺行，自车道前方存在锥桶，左前方灰色轿车与右后方白色汽车存在足够换道空隙，自车应换道。
574,65,lane_change,reactive_obstacle_blocking,2.8,wrong_factor,direction_swap,[0.75],1.0,1.0,1.0,0.9375,自车当前正在顺行，自车道前方存在锥桶，右前方灰色轿车与右后方白色汽车存在足够换道空隙，自车应换道。,自车当前正在顺行，自车道前方存在锥桶，右前方灰色轿车与左后方白色汽车存在足够换道空隙，自车应换道。
575,65,lane_change,reactive_obstacle_blocking,1.7,wrong_factor,cross_category_swap,[1.0],1.0,1.0,1.0,1.0,自车当前正在顺行，自车道前方存在锥桶，右前方灰色轿车与右后方白色汽车存在足够换道空隙，自车应换道。,自车当前正在顺行，自车道前方存在豁口盲区，右前方灰色轿车与右后方白色汽车存在足够换道空隙，自车应换道。
576,65,lane_change,reactive_obstacle_blocking,1.7,wrong_factor,cross_category_swap,[0.0],1.0,1.0,1.0,0.75,自车当前正在顺行，自车道前方存在锥桶，右前方灰色轿车与右后方白色汽车存在足够换道空隙，自车应换道。,前方存在车辆遮挡盲区，自车应换道。
577,65,lane_change,reactive_obstacle_blocking,1,unsafe_action,,[1.0],1.0,0.0,1.0,0.75,自车当前正在顺行，自车道前方存在锥桶，右前方灰色轿车与右后方白色汽车存在足够换道空隙，自车应换道。,自车当前正在顺行，自车道前方存在锥桶，右前方灰色轿车与右后方白色汽车存在足够换道空隙，自车应加速通过。
578,66,obstacle_avoidance,dynamic_obstacle,5,complete,,[1.0],1.0,1.0,1.0,1.0,自车当前在原车道正常行驶，自车前方有小汽车缓速行驶，自车应向左避障。,自车当前在原车道正常行驶，自车前方有小汽车缓速行驶，自车应向左避障。
579,66,obstacle_avoidance,dynamic_obstacle,4,generalized,,[0.0],1.0,1.0,1.0,0.75,自车当前在原车道正常行驶，自车前方有小汽车缓速行驶，自车应向左避障。,前方存在障碍物影响通行，自车应向左避障。
580,66,obstacle_avoidance,dynamic_obstacle,3,missing_factor,,[0.75],1.0,1.0,1.0,0.9375,自车当前在原车道正常行驶，自车前方有小汽车缓速行驶，自车应向左避障。,自车当前在原车道正常行驶，自车应向左避障。
581,66,obstacle_avoidance,dynamic_obstacle,3,missing_factor,,[0.75],1.0,1.0,1.0,0.9375,自车当前在原车道正常行驶，自车前方有小汽车缓速行驶，自车应向左避障。,自车前方有小汽车缓速行驶，自车应向左避障。
582,66,obstacle_avoidance,dynamic_obstacle,2.3,wrong_factor,same_category_subtype_swap,[0.75],1.0,1.0,1.0,0.9375,自车当前在原车道正常行驶，自车前方有小汽车缓速行驶，自车应向左避障。,自车当前在原车道正常行驶，自车前方有货车缓速行驶，自车应向左避障。
583,66,obstacle_avoidance,dynamic_obstacle,1.7,wrong_factor,cross_category_swap,[0.0],1.0,1.0,1.0,0.75,自车当前在原车道正常行驶，自车前方有小汽车缓速行驶，自车应向左避障。,前方存在车辆遮挡盲区，自车应向左避障。
584,66,obstacle_avoidance,dynamic_obstacle,1,unsafe_action,,[0.75],1.0,1.0,1.0,0.9375,自车当前在原车道正常行驶，自车前方有小汽车缓速行驶，自车应向左避障。,自车当前在原车道正常行驶，自车前方有小汽车缓速行驶，自车应向右避障。
585,67,obstacle_avoidance,static_obstacle_blocking_lane,5,complete,,[1.0],0.0,1.0,1.0,0.75,自车当前在原车道正常行驶，前方有一辆小货车未行驶占据自车道阻碍自车通行，左侧车道较为空闲。,自车当前在原车道正常行驶，前方有一辆小货车未行驶占据自车道阻碍自车通行，左侧车道较为空闲，自车应向左避障。
586,67,obstacle_avoidance,static_obstacle_blocking_lane,4,generalized,,[0.0],0.0,1.0,1.0,0.5,自车当前在原车道正常行驶，前方有一辆小货车未行驶占据自车道阻碍自车通行，左侧车道较为空闲。,前方存在障碍物影响通行，自车应向左避障。
587,67,obstacle_avoidance,static_obstacle_blocking_lane,3,missing_factor,,[0.0],0.0,1.0,1.0,0.5,自车当前在原车道正常行驶，前方有一辆小货车未行驶占据自车道阻碍自车通行，左侧车道较为空闲。,自车当前在原车道正常行驶，前方有一辆小货车未行驶占据自车道阻碍自车通行，自车应向左避障。
588,67,obstacle_avoidance,static_obstacle_blocking_lane,3,missing_factor,,[1.0],0.0,1.0,1.0,0.75,自车当前在原车道正常行驶，前方有一辆小货车未行驶占据自车道阻碍自车通行，左侧车道较为空闲。,前方有一辆小货车未行驶占据自车道阻碍自车通行，左侧车道较为空闲，自车应向左避障。
589,67,obstacle_avoidance,static_obstacle_blocking_lane,3,missing_factor,,[1.0],0.0,1.0,1.0,0.75,自车当前在原车道正常行驶，前方有一辆小货车未行驶占据自车道阻碍自车通行，左侧车道较为空闲。,自车当前在原车道正常行驶，左侧车道较为空闲，自车应向左避障。
590,67,obstacle_avoidance,static_obstacle_blocking_lane,2.8,wrong_factor,direction_swap,[0.0],0.0,1.0,1.0,0.5,自车当前在原车道正常行驶，前方有一辆小货车未行驶占据自车道阻碍自车通行，左侧车道较为空闲。,自车当前在原车道正常行驶，前方有一辆小货车未行驶占据自车道阻碍自车通行，右侧车道较为空闲，自车应向左避障。
591,67,obstacle_avoidance,static_obstacle_blocking_lane,2.3,wrong_factor,same_category_subtype_swap,[1.0],0.0,1.0,1.0,0.75,自车当前在原车道正常行驶，前方有一辆小货车未行驶占据自车道阻碍自车通行，左侧车道较为空闲。,自车当前在原车道正常行驶，前方有一辆小小汽车未行驶占据自车道阻碍自车通行，左侧车道较为空闲，自车应向左避障。
592,67,obstacle_avoidance,static_obstacle_blocking_lane,1.7,wrong_factor,cross_category_swap,[0.0],0.0,1.0,1.0,0.5,自车当前在原车道正常行驶，前方有一辆小货车未行驶占据自车道阻碍自车通行，左侧车道较为空闲。,前方存在车辆遮挡盲区，自车应向左避障。
593,67,obstacle_avoidance,static_obstacle_blocking_lane,1,unsafe_action,,[1.0],0.0,1.0,1.0,0.75,自车当前在原车道正常行驶，前方有一辆小货车未行驶占据自车道阻碍自车通行，左侧车道较为空闲。,自车当前在原车道正常行驶，前方有一辆小货车未行驶占据自车道阻碍自车通行，左侧车道较为空闲，自车应向右避障。
594,68,lane_change,proactive_slow_ahead,5,complete,,[1.0],1.0,1.0,1.0,1.0,左后方有一辆黑色小轿车，速度较慢与自车有安全距离，自车应向左变更车道。,左后方有一辆黑色小轿车，速度较慢与自车有安全距离，自车应向左变更车道。
595,68,lane_change,proactive_slow_ahead,4,generalized,,[0.25],0.0,1.0,1.0,0.5625,左后方有一辆黑色小轿车，速度较慢与自车有安全距离，自车应向左变更车道。,前方通行受阻，左侧车道具备换道条件，自车应向左变更车道。
596,68,lane_change,proactive_slow_ahead,3,missing_factor,,[1.0],1.0,1.0,0.0,0.75,左后方有一辆黑色小轿车，速度较慢与自车有安全距离，自车应向左变更车道。,左后方有一辆黑色小轿车，自车应向左变更车道。
597,68,lane_change,proactive_slow_ahead,3,missing_factor,,[0.0],1.0,1.0,1.0,0.75,左后方有一辆黑色小轿车，速度较慢与自车有安全距离，自车应向左变更车道。,速度较慢与自车有安全距离，自车应向左变更车道。
598,68,lane_change,proactive_slow_ahead,3,missing_factor,,[0.75],1.0,1.0,0.0,0.6875,左后方有一辆黑色小轿车，速度较慢与自车有安全距离，自车应向左变更车道。,左后方有一辆小轿车，自车应向左变更车道。
599,68,lane_change,proactive_slow_ahead,2.8,wrong_factor,direction_swap,[0.75],1.0,1.0,1.0,0.9375,左后方有一辆黑色小轿车，速度较慢与自车有安全距离，自车应向左变更车道。,右后方有一辆黑色小轿车，速度较慢与自车有安全距离，自车应向左变更车道。
600,68,lane_change,proactive_slow_ahead,2.3,wrong_factor,same_category_subtype_swap,[1.0],1.0,1.0,0.0,0.75,左后方有一辆黑色小轿车，速度较慢与自车有安全距离，自车应向左变更车道。,左后方有一辆黑色小轿车，速度较慢与自车有距离较近，自车应向左变更车道。
601,68,lane_change,proactive_slow_ahead,2.3,wrong_factor,same_category_subtype_swap,[1.0],1.0,1.0,1.0,1.0,左后方有一辆黑色小轿车，速度较慢与自车有安全距离，自车应向左变更车道。,左后方有一辆黑色小轿车，速度较快与自车有安全距离，自车应向左变更车道。
602,68,lane_change,proactive_slow_ahead,1.7,wrong_factor,cross_category_swap,[0.0],1.0,1.0,0.0,0.5,左后方有一辆黑色小轿车，速度较慢与自车有安全距离，自车应向左变更车道。,前方存在车辆遮挡盲区，自车应向左变更车道。
603,68,lane_change,proactive_slow_ahead,1,unsafe_action,,[1.0],1.0,1.0,1.0,1.0,左后方有一辆黑色小轿车，速度较慢与自车有安全距离，自车应向左变更车道。,左后方有一辆黑色小轿车，速度较慢与自车有安全距离，自车应向右变更车道。
604,69,lane_change,reactive_obstacle_blocking,5,complete,,"[1.0, 1.0, 1.0]",1.0,1.0,1.0,1.0,自车当前在原车道正常行驶，前方多辆车未行驶，占据车道，影响自车通行，左侧车道空闲，左后方无来车，自车应向左变更车道。,自车当前在原车道正常行驶，前方多辆车未行驶，占据车道，影响自车通行，左侧车道空闲，左后方无来车，自车应向左变更车道。
605,69,lane_change,reactive_obstacle_blocking,4,generalized,,"[0.5, 0.5, 0.0]",0.0,1.0,0.0,0.3333,自车当前在原车道正常行驶，前方多辆车未行驶，占据车道，影响自车通行，左侧车道空闲，左后方无来车，自车应向左变更车道。,前方通行受阻，左侧车道具备换道条件，自车应向左变更车道。
606,69,lane_change,reactive_obstacle_blocking,3,missing_factor,,"[1.0, 1.0, 0.0]",1.0,1.0,1.0,0.8333,自车当前在原车道正常行驶，前方多辆车未行驶，占据车道，影响自车通行，左侧车道空闲，左后方无来车，自车应向左变更车道。,自车当前在原车道正常行驶，前方多辆车未行驶，占据车道，影响自车通行，左侧车道空闲，自车应向左变更车道。
607,69,lane_change,reactive_obstacle_blocking,3,missing_factor,,"[1.0, 1.0, 1.0]",1.0,1.0,1.0,1.0,自车当前在原车道正常行驶，前方多辆车未行驶，占据车道，影响自车通行，左侧车道空闲，左后方无来车，自车应向左变更车道。,前方多辆车未行驶，占据车道，影响自车通行，左侧车道空闲，左后方无来车，自车应向左变更车道。
608,69,lane_change,reactive_obstacle_blocking,3,missing_factor,,"[0.0, 0.0, 1.0]",1.0,1.0,1.0,0.6667,自车当前在原车道正常行驶，前方多辆车未行驶，占据车道，影响自车通行，左侧车道空闲，左后方无来车，自车应向左变更车道。,自车当前在原车道正常行驶，左后方无来车，自车应向左变更车道。
609,69,lane_change,reactive_obstacle_blocking,2.8,wrong_factor,direction_swap,"[1.0, 0.0, 1.0]",1.0,1.0,1.0,0.8333,自车当前在原车道正常行驶，前方多辆车未行驶，占据车道，影响自车通行，左侧车道空闲，左后方无来车，自车应向左变更车道。,自车当前在原车道正常行驶，前方多辆车未行驶，占据车道，影响自车通行，右侧车道空闲，左后方无来车，自车应向左变更车道。
610,69,lane_change,reactive_obstacle_blocking,2.8,wrong_factor,direction_swap,"[1.0, 1.0, 0.75]",1.0,1.0,1.0,0.9583,自车当前在原车道正常行驶，前方多辆车未行驶，占据车道，影响自车通行，左侧车道空闲，左后方无来车，自车应向左变更车道。,自车当前在原车道正常行驶，前方多辆车未行驶，占据车道，影响自车通行，左侧车道空闲，右后方无来车，自车应向左变更车道。
611,69,lane_change,reactive_obstacle_blocking,2.3,wrong_factor,same_category_subtype_swap,"[1.0, 0.5, 1.0]",1.0,1.0,1.0,0.9167,自车当前在原车道正常行驶，前方多辆车未行驶，占据车道，影响自车通行，左侧车道空闲，左后方无来车，自车应向左变更车道。,自车当前在原车道正常行驶，前方多辆车未行驶，占据车道，影响自车通行，左侧车道拥堵，左后方无来车，自车应向左变更车道。
612,69,lane_change,reactive_obstacle_blocking,2.3,wrong_factor,same_category_subtype_swap,"[1.0, 1.0, 0.75]",1.0,1.0,1.0,0.9583,自车当前在原车道正常行驶，前方多辆车未行驶，占据车道，影响自车通行，左侧车道空闲，左后方无来车，自车应向左变更车道。,自车当前在原车道正常行驶，前方多辆车未行驶，占据车道，影响自车通行，左侧车道空闲，左后方有快速来车，自车应向左变更车道。
613,69,lane_change,reactive_obstacle_blocking,1.7,wrong_factor,cross_category_swap,"[0.0, 0.0, 0.0]",1.0,1.0,1.0,0.5,自车当前在原车道正常行驶，前方多辆车未行驶，占据车道，影响自车通行，左侧车道空闲，左后方无来车，自车应向左变更车道。,前方存在车辆遮挡盲区，自车应向左变更车道。
614,69,lane_change,reactive_obstacle_blocking,1,unsafe_action,,"[1.0, 1.0, 1.0]",1.0,1.0,1.0,1.0,自车当前在原车道正常行驶，前方多辆车未行驶，占据车道，影响自车通行，左侧车道空闲，左后方无来车，自车应向左变更车道。,自车当前在原车道正常行驶，前方多辆车未行驶，占据车道，影响自车通行，左侧车道空闲，左后方无来车，自车应向右变更车道。
615,70,obstacle_avoidance,complex_avoidance,5,complete,,[1.0],1.0,1.0,1.0,1.0,自车当前在原车道正常行驶，前方有蓝色小汽车对向行驶，自车应向右避障。,自车当前在原车道正常行驶，前方有蓝色小汽车对向行驶，自车应向右避障。
616,70,obstacle_avoidance,complex_avoidance,4,generalized,,[0.0],1.0,1.0,1.0,0.75,自车当前在原车道正常行驶，前方有蓝色小汽车对向行驶，自车应向右避障。,前方存在障碍物影响通行，自车应向右避障。
617,70,obstacle_avoidance,complex_avoidance,3,missing_factor,,[0.5],1.0,1.0,1.0,0.875,自车当前在原车道正常行驶，前方有蓝色小汽车对向行驶，自车应向右避障。,自车当前在原车道正常行驶，自车应向右避障。
618,70,obstacle_avoidance,complex_avoidance,3,missing_factor,,[1.0],1.0,1.0,1.0,1.0,自车当前在原车道正常行驶，前方有蓝色小汽车对向行驶，自车应向右避障。,前方有蓝色小汽车对向行驶，自车应向右避障。
619,70,obstacle_avoidance,complex_avoidance,2.3,wrong_factor,same_category_subtype_swap,[0.75],1.0,1.0,1.0,0.9375,自车当前在原车道正常行驶，前方有蓝色小汽车对向行驶，自车应向右避障。,自车当前在原车道正常行驶，前方有蓝色货车对向行驶，自车应向右避障。
620,70,obstacle_avoidance,complex_avoidance,1.7,wrong_factor,cross_category_swap,[0.0],1.0,1.0,1.0,0.75,自车当前在原车道正常行驶，前方有蓝色小汽车对向行驶，自车应向右避障。,前方存在车辆遮挡盲区，自车应向右避障。
621,70,obstacle_avoidance,complex_avoidance,1,unsafe_action,,[1.0],1.0,1.0,1.0,1.0,自车当前在原车道正常行驶，前方有蓝色小汽车对向行驶，自车应向右避障。,自车当前在原车道正常行驶，前方有蓝色小汽车对向行驶，自车应向左避障。
622,71,lane_change,must_wait,5,complete,,[1.0],1.0,1.0,1.0,1.0,自车当前在原车道正常行驶，自车道前方有一辆白色轿车未行驶占据车道，影响自车通行，自车左侧车道空闲，有一辆银红色客车正在行驶，且左后方有一辆灰色SUV速度较慢与自车有安全距离，等待银红色客车通过后，自车应向左变更车道。,自车当前在原车道正常行驶，自车道前方有一辆白色轿车未行驶占据车道，影响自车通行，自车左侧车道空闲，有一辆银红色客车正在行驶，且左后方有一辆灰色SUV速度较慢与自车有安全距离，等待银红色客车通过后，自车应向左变更车道。
623,71,lane_change,must_wait,4,generalized,,[0.5],0.0,1.0,1.0,0.625,自车当前在原车道正常行驶，自车道前方有一辆白色轿车未行驶占据车道，影响自车通行，自车左侧车道空闲，有一辆银红色客车正在行驶，且左后方有一辆灰色SUV速度较慢与自车有安全距离，等待银红色客车通过后，自车应向左变更车道。,前方通行受阻，左侧车道具备换道条件，自车应向左变更车道。
624,71,lane_change,must_wait,3,missing_factor,,[0.75],1.0,1.0,1.0,0.9375,自车当前在原车道正常行驶，自车道前方有一辆白色轿车未行驶占据车道，影响自车通行，自车左侧车道空闲，有一辆银红色客车正在行驶，且左后方有一辆灰色SUV速度较慢与自车有安全距离，等待银红色客车通过后，自车应向左变更车道。,自车当前在原车道正常行驶，自车道前方有一辆白色轿车未行驶占据车道，影响自车通行，自车左侧车道空闲，有一辆银红色客车正在行驶，且左后方有一辆灰色SUV速度较慢与自车有安全距离，自车应向左变更车道。
625,71,lane_change,must_wait,3,missing_factor,,[0.75],1.0,1.0,1.0,0.9375,自车当前在原车道正常行驶，自车道前方有一辆白色轿车未行驶占据车道，影响自车通行，自车左侧车道空闲，有一辆银红色客车正在行驶，且左后方有一辆灰色SUV速度较慢与自车有安全距离，等待银红色客车通过后，自车应向左变更车道。,自车道前方有一辆白色轿车未行驶占据车道，影响自车通行，自车左侧车道空闲，有一辆银红色客车正在行驶，且左后方有一辆灰色SUV速度较慢与自车有安全距离，等待银红色客车通过后，自车应向左变更车道。
626,71,lane_change,must_wait,3,missing_factor,,[0.75],1.0,1.0,1.0,0.9375,自车当前在原车道正常行驶，自车道前方有一辆白色轿车未行驶占据车道，影响自车通行，自车左侧车道空闲，有一辆银红色客车正在行驶，且左后方有一辆灰色SUV速度较慢与自车有安全距离，等待银红色客车通过后，自车应向左变更车道。,自车当前在原车道正常行驶，等待银红色客车通过后，自车应向左变更车道。
627,71,lane_change,must_wait,2.8,wrong_factor,direction_swap,[0.75],1.0,1.0,1.0,0.9375,自车当前在原车道正常行驶，自车道前方有一辆白色轿车未行驶占据车道，影响自车通行，自车左侧车道空闲，有一辆银红色客车正在行驶，且左后方有一辆灰色SUV速度较慢与自车有安全距离，等待银红色客车通过后，自车应向左变更车道。,自车当前在原车道正常行驶，自车道前方有一辆白色轿车未行驶占据车道，影响自车通行，自车右侧车道空闲，有一辆银红色客车正在行驶，且左后方有一辆灰色SUV速度较慢与自车有安全距离，等待银红色客车通过后，自车应向左变更车道。
628,71,lane_change,must_wait,2.8,wrong_factor,direction_swap,[0.75],1.0,1.0,1.0,0.9375,自车当前在原车道正常行驶，自车道前方有一辆白色轿车未行驶占据车道，影响自车通行，自车左侧车道空闲，有一辆银红色客车正在行驶，且左后方有一辆灰色SUV速度较慢与自车有安全距离，等待银红色客车通过后，自车应向左变更车道。,自车当前在原车道正常行驶，自车道前方有一辆白色轿车未行驶占据车道，影响自车通行，自车左侧车道空闲，有一辆银红色客车正在行驶，且右后方有一辆灰色SUV速度较慢与自车有安全距离，等待银红色客车通过后，自车应向左变更车道。
629,71,lane_change,must_wait,2.3,wrong_factor,same_category_subtype_swap,[0.75],1.0,1.0,1.0,0.9375,自车当前在原车道正常行驶，自车道前方有一辆白色轿车未行驶占据车道，影响自车通行，自车左侧车道空闲，有一辆银红色客车正在行驶，且左后方有一辆灰色SUV速度较慢与自车有安全距离，等待银红色客车通过后，自车应向左变更车道。,自车当前在原车道正常行驶，自车道前方有一辆白色轿车未行驶占据车道，影响自车通行，自车左侧车道拥堵，有一辆银红色客车正在行驶，且左后方有一辆灰色SUV速度较慢与自车有安全距离，等待银红色客车通过后，自车应向左变更车道。
630,71,lane_change,must_wait,2.3,wrong_factor,same_category_subtype_swap,[0.75],1.0,1.0,1.0,0.9375,自车当前在原车道正常行驶，自车道前方有一辆白色轿车未行驶占据车道，影响自车通行，自车左侧车道空闲，有一辆银红色客车正在行驶，且左后方有一辆灰色SUV速度较慢与自车有安全距离，等待银红色客车通过后，自车应向左变更车道。,自车当前在原车道正常行驶，自车道前方有一辆白色轿车未行驶占据车道，影响自车通行，自车左侧车道空闲，有一辆银红色客车正在行驶，且左后方有一辆灰色SUV速度较慢与自车有距离较近，等待银红色客车通过后，自车应向左变更车道。
631,71,lane_change,must_wait,2.3,wrong_factor,same_category_subtype_swap,[0.75],1.0,1.0,1.0,0.9375,自车当前在原车道正常行驶，自车道前方有一辆白色轿车未行驶占据车道，影响自车通行，自车左侧车道空闲，有一辆银红色客车正在行驶，且左后方有一辆灰色SUV速度较慢与自车有安全距离，等待银红色客车通过后，自车应向左变更车道。,自车当前在原车道正常行驶，自车道前方有一辆白色轿车未行驶占据车道，影响自车通行，自车左侧车道空闲，有一辆银红色客车正在行驶，且左后方有一辆灰色SUV速度较快与自车有安全距离，等待银红色客车通过后，自车应向左变更车道。
632,71,lane_change,must_wait,1.7,wrong_factor,cross_category_swap,[0.0],1.0,1.0,0.0,0.5,自车当前在原车道正常行驶，自车道前方有一辆白色轿车未行驶占据车道，影响自车通行，自车左侧车道空闲，有一辆银红色客车正在行驶，且左后方有一辆灰色SUV速度较慢与自车有安全距离，等待银红色客车通过后，自车应向左变更车道。,前方存在车辆遮挡盲区，自车应向左变更车道。
633,71,lane_change,must_wait,1,unsafe_action,,[0.75],1.0,1.0,1.0,0.9375,自车当前在原车道正常行驶，自车道前方有一辆白色轿车未行驶占据车道，影响自车通行，自车左侧车道空闲，有一辆银红色客车正在行驶，且左后方有一辆灰色SUV速度较慢与自车有安全距离，等待银红色客车通过后，自车应向左变更车道。,自车当前在原车道正常行驶，自车道前方有一辆白色轿车未行驶占据车道，影响自车通行，自车左侧车道空闲，有一辆银红色客车正在行驶，且左后方有一辆灰色SUV速度较慢与自车有安全距离，等待银红色客车通过后，自车应向右变更车道。
634,72,obstacle_avoidance,dynamic_obstacle,5,complete,,[1.0],1.0,1.0,1.0,1.0,自车当前在原车道正常行驶，右前方有行人通行，自车应向左避障。,自车当前在原车道正常行驶，右前方有行人通行，自车应向左避障。
635,72,obstacle_avoidance,dynamic_obstacle,4,generalized,,[0.0],1.0,1.0,0.0,0.5,自车当前在原车道正常行驶，右前方有行人通行，自车应向左避障。,前方存在障碍物影响通行，自车应向左避障。
636,72,obstacle_avoidance,dynamic_obstacle,3,missing_factor,,[0.25],1.0,1.0,0.0,0.5625,自车当前在原车道正常行驶，右前方有行人通行，自车应向左避障。,自车当前在原车道正常行驶，自车应向左避障。
637,72,obstacle_avoidance,dynamic_obstacle,3,missing_factor,,[1.0],1.0,1.0,1.0,1.0,自车当前在原车道正常行驶，右前方有行人通行，自车应向左避障。,右前方有行人通行，自车应向左避障。
638,72,obstacle_avoidance,dynamic_obstacle,2.8,wrong_factor,direction_swap,[0.75],1.0,1.0,1.0,0.9375,自车当前在原车道正常行驶，右前方有行人通行，自车应向左避障。,自车当前在原车道正常行驶，左前方有行人通行，自车应向左避障。
639,72,obstacle_avoidance,dynamic_obstacle,2.3,wrong_factor,same_category_subtype_swap,[0.5],1.0,1.0,0.0,0.625,自车当前在原车道正常行驶，右前方有行人通行，自车应向左避障。,自车当前在原车道正常行驶，右前方有两轮骑行者通行，自车应向左避障。
640,72,obstacle_avoidance,dynamic_obstacle,1.7,wrong_factor,cross_category_swap,[0.0],1.0,1.0,0.0,0.5,自车当前在原车道正常行驶，右前方有行人通行，自车应向左避障。,前方存在车辆遮挡盲区，自车应向左避障。
641,72,obstacle_avoidance,dynamic_obstacle,1,unsafe_action,,[1.0],1.0,1.0,1.0,1.0,自车当前在原车道正常行驶，右前方有行人通行，自车应向左避障。,自车当前在原车道正常行驶，右前方有行人通行，自车应向右避障。
642,73,lane_change,proactive_slow_ahead,5,complete,,[1.0],1.0,1.0,1.0,1.0,自车道前方为左转车道，右侧车道为直行车道，自车应向右变更车道。,自车道前方为左转车道，右侧车道为直行车道，自车应向右变更车道。
643,73,lane_change,proactive_slow_ahead,4,generalized,,[0.5],0.0,1.0,0.0,0.375,自车道前方为左转车道，右侧车道为直行车道，自车应向右变更车道。,前方通行受阻，右侧车道具备换道条件，自车应向右变更车道。
644,73,lane_change,proactive_slow_ahead,3,missing_factor,,[0.0],1.0,1.0,1.0,0.75,自车道前方为左转车道，右侧车道为直行车道，自车应向右变更车道。,自车道前方为左转车道，自车应向右变更车道。
645,73,lane_change,proactive_slow_ahead,3,missing_factor,,[1.0],0.0,1.0,1.0,0.75,自车道前方为左转车道，右侧车道为直行车道，自车应向右变更车道。,右侧车道为直行车道，自车应向右变更车道。
646,73,lane_change,proactive_slow_ahead,2.8,wrong_factor,direction_swap,[0.0],1.0,1.0,1.0,0.75,自车道前方为左转车道，右侧车道为直行车道，自车应向右变更车道。,自车道前方为左转车道，左侧车道为直行车道，自车应向右变更车道。
647,73,lane_change,proactive_slow_ahead,1.7,wrong_factor,cross_category_swap,[0.0],0.0,1.0,1.0,0.5,自车道前方为左转车道，右侧车道为直行车道，自车应向右变更车道。,前方存在车辆遮挡盲区，自车应向右变更车道。
648,73,lane_change,proactive_slow_ahead,1,unsafe_action,,[1.0],1.0,1.0,1.0,1.0,自车道前方为左转车道，右侧车道为直行车道，自车应向右变更车道。,自车道前方为左转车道，右侧车道为直行车道，自车应向左变更车道。
649,74,blind_spot,single_blind_spot,5,complete,,[1.0],1.0,1.0,1.0,1.0,左前方存在车辆遮挡盲区，自车应减速行驶通过。,左前方存在车辆遮挡盲区，自车应减速行驶通过。
650,74,blind_spot,single_blind_spot,4,generalized,,[0.25],1.0,1.0,1.0,0.8125,左前方存在车辆遮挡盲区，自车应减速行驶通过。,前方存在盲区风险，自车应减速行驶通过。
651,74,blind_spot,single_blind_spot,3,missing_factor,,[0.5],1.0,1.0,1.0,0.875,左前方存在车辆遮挡盲区，自车应减速行驶通过。,前方存在盲区，自车应减速行驶通过。
652,74,blind_spot,single_blind_spot,2.8,wrong_factor,direction_swap,[0.75],1.0,1.0,1.0,0.9375,左前方存在车辆遮挡盲区，自车应减速行驶通过。,右前方存在车辆遮挡盲区，自车应减速行驶通过。
653,74,blind_spot,single_blind_spot,2.3,wrong_factor,same_category_subtype_swap,[0.5],1.0,1.0,1.0,0.875,左前方存在车辆遮挡盲区，自车应减速行驶通过。,左前方存在豁口盲区，自车应减速行驶通过。
654,74,blind_spot,single_blind_spot,1.7,wrong_factor,cross_category_swap,[0.0],1.0,1.0,1.0,0.75,左前方存在车辆遮挡盲区，自车应减速行驶通过。,左前方存在施工区域占道，自车应减速行驶通过。
655,74,blind_spot,single_blind_spot,1.7,wrong_factor,cross_category_swap,[0.0],1.0,1.0,1.0,0.75,左前方存在车辆遮挡盲区，自车应减速行驶通过。,前方存在锥桶占道，影响自车通行，自车应减速行驶通过。
656,74,blind_spot,single_blind_spot,1,unsafe_action,,[1.0],1.0,0.0,1.0,0.75,左前方存在车辆遮挡盲区，自车应减速行驶通过。,左前方存在车辆遮挡盲区，自车应加速通过。
657,75,lane_change,proactive_slow_ahead,5,complete,,[1.0],1.0,1.0,1.0,1.0,自车道前方一辆银色小轿车速度较慢，右侧车道空闲且右后方一辆黑色汽车与自车存在安全距离，自车应向右变更车道。,自车道前方一辆银色小轿车速度较慢，右侧车道空闲且右后方一辆黑色汽车与自车存在安全距离，自车应向右变更车道。
658,75,lane_change,proactive_slow_ahead,4,generalized,,[0.5],0.0,1.0,1.0,0.625,自车道前方一辆银色小轿车速度较慢，右侧车道空闲且右后方一辆黑色汽车与自车存在安全距离，自车应向右变更车道。,前方通行受阻，右侧车道具备换道条件，自车应向右变更车道。
659,75,lane_change,proactive_slow_ahead,3,missing_factor,,[0.75],1.0,1.0,0.0,0.6875,自车道前方一辆银色小轿车速度较慢，右侧车道空闲且右后方一辆黑色汽车与自车存在安全距离，自车应向右变更车道。,自车道前方一辆银色小轿车速度较慢，自车应向右变更车道。
660,75,lane_change,proactive_slow_ahead,3,missing_factor,,[0.75],1.0,1.0,1.0,0.9375,自车道前方一辆银色小轿车速度较慢，右侧车道空闲且右后方一辆黑色汽车与自车存在安全距离，自车应向右变更车道。,右侧车道空闲且右后方一辆黑色汽车与自车存在安全距离，自车应向右变更车道。
661,75,lane_change,proactive_slow_ahead,3,missing_factor,,[0.75],1.0,1.0,0.0,0.6875,自车道前方一辆银色小轿车速度较慢，右侧车道空闲且右后方一辆黑色汽车与自车存在安全距离，自车应向右变更车道。,自车道前方一辆小轿车速度较慢，自车应向右变更车道。
662,75,lane_change,proactive_slow_ahead,2.8,wrong_factor,direction_swap,[0.75],1.0,1.0,1.0,0.9375,自车道前方一辆银色小轿车速度较慢，右侧车道空闲且右后方一辆黑色汽车与自车存在安全距离，自车应向右变更车道。,自车道前方一辆银色小轿车速度较慢，左侧车道空闲且右后方一辆黑色汽车与自车存在安全距离，自车应向右变更车道。
663,75,lane_change,proactive_slow_ahead,2.8,wrong_factor,direction_swap,[0.75],1.0,1.0,1.0,0.9375,自车道前方一辆银色小轿车速度较慢，右侧车道空闲且右后方一辆黑色汽车与自车存在安全距离，自车应向右变更车道。,自车道前方一辆银色小轿车速度较慢，右侧车道空闲且左后方一辆黑色汽车与自车存在安全距离，自车应向右变更车道。
664,75,lane_change,proactive_slow_ahead,2.3,wrong_factor,same_category_subtype_swap,[0.75],1.0,1.0,1.0,0.9375,自车道前方一辆银色小轿车速度较慢，右侧车道空闲且右后方一辆黑色汽车与自车存在安全距离，自车应向右变更车道。,自车道前方一辆银色小轿车速度较慢，右侧车道拥堵且右后方一辆黑色汽车与自车存在安全距离，自车应向右变更车道。
665,75,lane_change,proactive_slow_ahead,2.3,wrong_factor,same_category_subtype_swap,[0.75],1.0,1.0,0.0,0.6875,自车道前方一辆银色小轿车速度较慢，右侧车道空闲且右后方一辆黑色汽车与自车存在安全距离，自车应向右变更车道。,自车道前方一辆银色小轿车速度较慢，右侧车道空闲且右后方一辆黑色汽车与自车存在距离较近，自车应向右变更车道。
666,75,lane_change,proactive_slow_ahead,2.3,wrong_factor,same_category_subtype_swap,[0.75],1.0,1.0,1.0,0.9375,自车道前方一辆银色小轿车速度较慢，右侧车道空闲且右后方一辆黑色汽车与自车存在安全距离，自车应向右变更车道。,自车道前方一辆银色小轿车速度较快，右侧车道空闲且右后方一辆黑色汽车与自车存在安全距离，自车应向右变更车道。
667,75,lane_change,proactive_slow_ahead,1.7,wrong_factor,cross_category_swap,[0.0],1.0,1.0,0.0,0.5,自车道前方一辆银色小轿车速度较慢，右侧车道空闲且右后方一辆黑色汽车与自车存在安全距离，自车应向右变更车道。,前方存在车辆遮挡盲区，自车应向右变更车道。
668,75,lane_change,proactive_slow_ahead,1,unsafe_action,,[0.75],1.0,1.0,1.0,0.9375,自车道前方一辆银色小轿车速度较慢，右侧车道空闲且右后方一辆黑色汽车与自车存在安全距离，自车应向右变更车道。,自车道前方一辆银色小轿车速度较慢，右侧车道空闲且右后方一辆黑色汽车与自车存在安全距离，自车应向左变更车道。
669,76,obstacle_avoidance,complex_avoidance,5,complete,,[1.0],1.0,1.0,1.0,1.0,自车当前在原车道正常行驶，对向车道有白色面包车跨线行驶，自车应向右避障。,自车当前在原车道正常行驶，对向车道有白色面包车跨线行驶，自车应向右避障。
670,76,obstacle_avoidance,complex_avoidance,4,generalized,,[0.0],1.0,1.0,1.0,0.75,自车当前在原车道正常行驶，对向车道有白色面包车跨线行驶，自车应向右避障。,前方存在障碍物影响通行，自车应向右避障。
671,76,obstacle_avoidance,complex_avoidance,3,missing_factor,,[0.75],1.0,1.0,1.0,0.9375,自车当前在原车道正常行驶，对向车道有白色面包车跨线行驶，自车应向右避障。,自车当前在原车道正常行驶，自车应向右避障。
672,76,obstacle_avoidance,complex_avoidance,3,missing_factor,,[0.75],1.0,1.0,1.0,0.9375,自车当前在原车道正常行驶，对向车道有白色面包车跨线行驶，自车应向右避障。,对向车道有白色面包车跨线行驶，自车应向右避障。
673,76,obstacle_avoidance,complex_avoidance,2.3,wrong_factor,same_category_subtype_swap,[0.75],1.0,1.0,1.0,0.9375,自车当前在原车道正常行驶，对向车道有白色面包车跨线行驶，自车应向右避障。,自车当前在原车道正常行驶，对向车道有白色公交车跨线行驶，自车应向右避障。
674,76,obstacle_avoidance,complex_avoidance,1.7,wrong_factor,cross_category_swap,[0.0],1.0,1.0,1.0,0.75,自车当前在原车道正常行驶，对向车道有白色面包车跨线行驶，自车应向右避障。,前方存在车辆遮挡盲区，自车应向右避障。
675,76,obstacle_avoidance,complex_avoidance,1,unsafe_action,,[0.75],1.0,1.0,1.0,0.9375,自车当前在原车道正常行驶，对向车道有白色面包车跨线行驶，自车应向右避障。,自车当前在原车道正常行驶，对向车道有白色面包车跨线行驶，自车应向左避障。
676,77,traffic_signal,green_light_go,5,complete,,[1.0],1.0,1.0,1.0,1.0,自车当前在原车道正常行驶，自车道前方有较多车辆等待红绿灯，影响自车通行效率，左侧车道通行效率较高且左后方无来车，自车应向左变更车道。,自车当前在原车道正常行驶，自车道前方有较多车辆等待红绿灯，影响自车通行效率，左侧车道通行效率较高且左后方无来车，自车应向左变更车道。
677,77,traffic_signal,green_light_go,4,generalized,,[0.0],1.0,1.0,1.0,0.75,自车当前在原车道正常行驶，自车道前方有较多车辆等待红绿灯，影响自车通行效率，左侧车道通行效率较高且左后方无来车，自车应向左变更车道。,当前路口信号允许通行，自车应向左变更车道。
678,77,traffic_signal,green_light_go,3,missing_factor,,[0.0],1.0,1.0,1.0,0.75,自车当前在原车道正常行驶，自车道前方有较多车辆等待红绿灯，影响自车通行效率，左侧车道通行效率较高且左后方无来车，自车应向左变更车道。,自车当前在原车道正常行驶，自车道前方有较多车辆等待红绿灯，影响自车通行效率，自车应向左变更车道。
679,77,traffic_signal,green_light_go,3,missing_factor,,[1.0],1.0,1.0,1.0,1.0,自车当前在原车道正常行驶，自车道前方有较多车辆等待红绿灯，影响自车通行效率，左侧车道通行效率较高且左后方无来车，自车应向左变更车道。,自车道前方有较多车辆等待红绿灯，影响自车通行效率，左侧车道通行效率较高且左后方无来车，自车应向左变更车道。
680,77,traffic_signal,green_light_go,3,missing_factor,,[1.0],1.0,1.0,0.0,0.75,自车当前在原车道正常行驶，自车道前方有较多车辆等待红绿灯，影响自车通行效率，左侧车道通行效率较高且左后方无来车，自车应向左变更车道。,自车当前在原车道正常行驶，左侧车道通行效率较高且左后方无来车，自车应向左变更车道。
681,77,traffic_signal,green_light_go,2.8,wrong_factor,direction_swap,[0.0],1.0,1.0,1.0,0.75,自车当前在原车道正常行驶，自车道前方有较多车辆等待红绿灯，影响自车通行效率，左侧车道通行效率较高且左后方无来车，自车应向左变更车道。,自车当前在原车道正常行驶，自车道前方有较多车辆等待红绿灯，影响自车通行效率，右侧车道通行效率较高且左后方无来车，自车应向左变更车道。
682,77,traffic_signal,green_light_go,2.8,wrong_factor,direction_swap,[0.75],1.0,1.0,1.0,0.9375,自车当前在原车道正常行驶，自车道前方有较多车辆等待红绿灯，影响自车通行效率，左侧车道通行效率较高且左后方无来车，自车应向左变更车道。,自车当前在原车道正常行驶，自车道前方有较多车辆等待红绿灯，影响自车通行效率，左侧车道通行效率较高且右后方无来车，自车应向左变更车道。
683,77,traffic_signal,green_light_go,2.3,wrong_factor,same_category_subtype_swap,[1.0],1.0,1.0,1.0,1.0,自车当前在原车道正常行驶，自车道前方有较多车辆等待红绿灯，影响自车通行效率，左侧车道通行效率较高且左后方无来车，自车应向左变更车道。,自车当前在原车道正常行驶，自车道前方有较多车辆等待红红灯，影响自车通行效率，左侧车道通行效率较高且左后方无来车，自车应向左变更车道。
684,77,traffic_signal,green_light_go,1.7,wrong_factor,cross_category_swap,[0.0],1.0,1.0,0.0,0.5,自车当前在原车道正常行驶，自车道前方有较多车辆等待红绿灯，影响自车通行效率，左侧车道通行效率较高且左后方无来车，自车应向左变更车道。,前方存在施工区域占道，自车应向左变更车道。
685,77,traffic_signal,green_light_go,1,unsafe_action,,[1.0],1.0,1.0,1.0,1.0,自车当前在原车道正常行驶，自车道前方有较多车辆等待红绿灯，影响自车通行效率，左侧车道通行效率较高且左后方无来车，自车应向左变更车道。,自车当前在原车道正常行驶，自车道前方有较多车辆等待红绿灯，影响自车通行效率，左侧车道通行效率较高且左后方无来车，自车应向右变更车道。
686,78,curve,curve_geometry,5,complete,,"[1.0, 1.0]",1.0,1.0,1.0,1.0,前方大曲率弯道，前方存在车辆正在刹车减速，自车应与前车保持安全距离减速通过。,前方大曲率弯道，前方存在车辆正在刹车减速，自车应与前车保持安全距离减速通过。
687,78,curve,curve_geometry,4,generalized,,"[0.5, 0.0]",1.0,1.0,0.0,0.5,前方大曲率弯道，前方存在车辆正在刹车减速，自车应与前车保持安全距离减速通过。,前方存在弯道风险，自车应减速行驶通过。
688,78,curve,curve_geometry,3,missing_factor,,"[1.0, 0.0]",1.0,1.0,0.0,0.6,前方大曲率弯道，前方存在车辆正在刹车减速，自车应与前车保持安全距离减速通过。,前方大曲率弯道，自车应减速行驶通过。
689,78,curve,curve_geometry,3,missing_factor,,"[0.0, 1.0]",1.0,1.0,0.0,0.6,前方大曲率弯道，前方存在车辆正在刹车减速，自车应与前车保持安全距离减速通过。,前方存在车辆正在刹车减速，自车应减速行驶通过。
690,78,curve,curve_geometry,2.3,wrong_factor,same_category_subtype_swap,"[0.0, 1.0]",1.0,1.0,1.0,0.8,前方大曲率弯道，前方存在车辆正在刹车减速，自车应与前车保持安全距离减速通过。,前方坡道，前方存在车辆正在刹车减速，自车应与前车保持安全距离减速通过。
691,78,curve,curve_geometry,1.7,wrong_factor,cross_category_swap,"[0.0, 0.5]",1.0,1.0,1.0,0.7,前方大曲率弯道，前方存在车辆正在刹车减速，自车应与前车保持安全距离减速通过。,右前方有车辆意图切入自车道，自车应减速行驶通过。
692,78,curve,curve_geometry,1,unsafe_action,,"[1.0, 1.0]",1.0,0.5,0.0,0.7,前方大曲率弯道，前方存在车辆正在刹车减速，自车应与前车保持安全距离减速通过。,前方大曲率弯道，前方存在车辆正在刹车减速，自车应加速通过。
693,79,obstacle_avoidance,dynamic_obstacle,5,complete,,[1.0],1.0,1.0,1.0,1.0,自车当前在原车道正常行驶，自车前方有两轮骑行者意图入侵自车道，自车应向左避障。,自车当前在原车道正常行驶，自车前方有两轮骑行者意图入侵自车道，自车应向左避障。
694,79,obstacle_avoidance,dynamic_obstacle,4,generalized,,[0.0],1.0,1.0,1.0,0.75,自车当前在原车道正常行驶，自车前方有两轮骑行者意图入侵自车道，自车应向左避障。,前方存在障碍物影响通行，自车应向左避障。
695,79,obstacle_avoidance,dynamic_obstacle,3,missing_factor,,[0.75],1.0,1.0,1.0,0.9375,自车当前在原车道正常行驶，自车前方有两轮骑行者意图入侵自车道，自车应向左避障。,自车当前在原车道正常行驶，自车应向左避障。
696,79,obstacle_avoidance,dynamic_obstacle,3,missing_factor,,[0.75],1.0,1.0,1.0,0.9375,自车当前在原车道正常行驶，自车前方有两轮骑行者意图入侵自车道，自车应向左避障。,自车前方有两轮骑行者意图入侵自车道，自车应向左避障。
697,79,obstacle_avoidance,dynamic_obstacle,2.3,wrong_factor,same_category_subtype_swap,[0.75],1.0,1.0,1.0,0.9375,自车当前在原车道正常行驶，自车前方有两轮骑行者意图入侵自车道，自车应向左避障。,自车当前在原车道正常行驶，自车前方有三轮骑行者意图入侵自车道，自车应向左避障。
698,79,obstacle_avoidance,dynamic_obstacle,1.7,wrong_factor,cross_category_swap,[0.0],1.0,1.0,1.0,0.75,自车当前在原车道正常行驶，自车前方有两轮骑行者意图入侵自车道，自车应向左避障。,前方存在车辆遮挡盲区，自车应向左避障。
699,79,obstacle_avoidance,dynamic_obstacle,1,unsafe_action,,[0.75],1.0,1.0,1.0,0.9375,自车当前在原车道正常行驶，自车前方有两轮骑行者意图入侵自车道，自车应向左避障。,自车当前在原车道正常行驶，自车前方有两轮骑行者意图入侵自车道，自车应向右避障。
700,80,obstacle_avoidance,static_obstacle_blocking_lane,5,complete,,[1.0],1.0,1.0,1.0,1.0,自车当前在原车道正常行驶，前方电瓶车占道停放，自车应向左避障。,自车当前在原车道正常行驶，前方电瓶车占道停放，自车应向左避障。
701,80,obstacle_avoidance,static_obstacle_blocking_lane,4,generalized,,[0.5],1.0,1.0,1.0,0.875,自车当前在原车道正常行驶，前方电瓶车占道停放，自车应向左避障。,前方存在障碍物影响通行，自车应向左避障。
702,80,obstacle_avoidance,static_obstacle_blocking_lane,3,missing_factor,,[0.0],1.0,1.0,1.0,0.75,自车当前在原车道正常行驶，前方电瓶车占道停放，自车应向左避障。,自车当前在原车道正常行驶，自车应向左避障。
703,80,obstacle_avoidance,static_obstacle_blocking_lane,3,missing_factor,,[1.0],1.0,1.0,1.0,1.0,自车当前在原车道正常行驶，前方电瓶车占道停放，自车应向左避障。,前方电瓶车占道停放，自车应向左避障。
704,80,obstacle_avoidance,static_obstacle_blocking_lane,1.7,wrong_factor,cross_category_swap,[0.0],1.0,1.0,1.0,0.75,自车当前在原车道正常行驶，前方电瓶车占道停放，自车应向左避障。,前方存在车辆遮挡盲区，自车应向左避障。
705,80,obstacle_avoidance,static_obstacle_blocking_lane,1,unsafe_action,,[1.0],1.0,1.0,1.0,1.0,自车当前在原车道正常行驶，前方电瓶车占道停放，自车应向左避障。,自车当前在原车道正常行驶，前方电瓶车占道停放，自车应向右避障。
706,81,lane_change,reactive_obstacle_blocking,5,complete,,[1.0],1.0,1.0,1.0,1.0,自车当前在原车道正常行驶，自车道前方存在施工区域占用自车道，阻挡自车通行，右侧车道空闲且右后方有一辆白色小汽车，速度较慢与自车保持安全距离，自车应向右变更车道。,自车当前在原车道正常行驶，自车道前方存在施工区域占用自车道，阻挡自车通行，右侧车道空闲且右后方有一辆白色小汽车，速度较慢与自车保持安全距离，自车应向右变更车道。
707,81,lane_change,reactive_obstacle_blocking,4,generalized,,[0.5],0.0,1.0,1.0,0.625,自车当前在原车道正常行驶，自车道前方存在施工区域占用自车道，阻挡自车通行，右侧车道空闲且右后方有一辆白色小汽车，速度较慢与自车保持安全距离，自车应向右变更车道。,前方通行受阻，右侧车道具备换道条件，自车应向右变更车道。
708,81,lane_change,reactive_obstacle_blocking,3,missing_factor,,[1.0],1.0,1.0,0.0,0.75,自车当前在原车道正常行驶，自车道前方存在施工区域占用自车道，阻挡自车通行，右侧车道空闲且右后方有一辆白色小汽车，速度较慢与自车保持安全距离，自车应向右变更车道。,自车当前在原车道正常行驶，自车道前方存在施工区域占用自车道，阻挡自车通行，右侧车道空闲且右后方有一辆白色小汽车，自车应向右变更车道。
709,81,lane_change,reactive_obstacle_blocking,3,missing_factor,,[1.0],1.0,1.0,1.0,1.0,自车当前在原车道正常行驶，自车道前方存在施工区域占用自车道，阻挡自车通行，右侧车道空闲且右后方有一辆白色小汽车，速度较慢与自车保持安全距离，自车应向右变更车道。,自车道前方存在施工区域占用自车道，阻挡自车通行，右侧车道空闲且右后方有一辆白色小汽车，速度较慢与自车保持安全距离，自车应向右变更车道。
710,81,lane_change,reactive_obstacle_blocking,3,missing_factor,,[0.0],1.0,1.0,1.0,0.75,自车当前在原车道正常行驶，自车道前方存在施工区域占用自车道，阻挡自车通行，右侧车道空闲且右后方有一辆白色小汽车，速度较慢与自车保持安全距离，自车应向右变更车道。,自车当前在原车道正常行驶，速度较慢与自车保持安全距离，自车应向右变更车道。
711,81,lane_change,reactive_obstacle_blocking,2.8,wrong_factor,direction_swap,[0.0],1.0,1.0,1.0,0.75,自车当前在原车道正常行驶，自车道前方存在施工区域占用自车道，阻挡自车通行，右侧车道空闲且右后方有一辆白色小汽车，速度较慢与自车保持安全距离，自车应向右变更车道。,自车当前在原车道正常行驶，自车道前方存在施工区域占用自车道，阻挡自车通行，左侧车道空闲且右后方有一辆白色小汽车，速度较慢与自车保持安全距离，自车应向右变更车道。
712,81,lane_change,reactive_obstacle_blocking,2.8,wrong_factor,direction_swap,[0.75],1.0,1.0,1.0,0.9375,自车当前在原车道正常行驶，自车道前方存在施工区域占用自车道，阻挡自车通行，右侧车道空闲且右后方有一辆白色小汽车，速度较慢与自车保持安全距离，自车应向右变更车道。,自车当前在原车道正常行驶，自车道前方存在施工区域占用自车道，阻挡自车通行，右侧车道空闲且左后方有一辆白色小汽车，速度较慢与自车保持安全距离，自车应向右变更车道。
713,81,lane_change,reactive_obstacle_blocking,2.3,wrong_factor,same_category_subtype_swap,[0.75],1.0,1.0,1.0,0.9375,自车当前在原车道正常行驶，自车道前方存在施工区域占用自车道，阻挡自车通行，右侧车道空闲且右后方有一辆白色小汽车，速度较慢与自车保持安全距离，自车应向右变更车道。,自车当前在原车道正常行驶，自车道前方存在施工区域占用自车道，阻挡自车通行，右侧车道拥堵且右后方有一辆白色小汽车，速度较慢与自车保持安全距离，自车应向右变更车道。
714,81,lane_change,reactive_obstacle_blocking,2.3,wrong_factor,same_category_subtype_swap,[1.0],1.0,1.0,0.0,0.75,自车当前在原车道正常行驶，自车道前方存在施工区域占用自车道，阻挡自车通行，右侧车道空闲且右后方有一辆白色小汽车，速度较慢与自车保持安全距离，自车应向右变更车道。,自车当前在原车道正常行驶，自车道前方存在施工区域占用自车道，阻挡自车通行，右侧车道空闲且右后方有一辆白色小汽车，速度较慢与自车保持距离较近，自车应向右变更车道。
715,81,lane_change,reactive_obstacle_blocking,2.3,wrong_factor,same_category_subtype_swap,[1.0],1.0,1.0,1.0,1.0,自车当前在原车道正常行驶，自车道前方存在施工区域占用自车道，阻挡自车通行，右侧车道空闲且右后方有一辆白色小汽车，速度较慢与自车保持安全距离，自车应向右变更车道。,自车当前在原车道正常行驶，自车道前方存在施工区域占用自车道，阻挡自车通行，右侧车道空闲且右后方有一辆白色小汽车，速度较快与自车保持安全距离，自车应向右变更车道。
716,81,lane_change,reactive_obstacle_blocking,1.7,wrong_factor,cross_category_swap,[1.0],1.0,1.0,1.0,1.0,自车当前在原车道正常行驶，自车道前方存在施工区域占用自车道，阻挡自车通行，右侧车道空闲且右后方有一辆白色小汽车，速度较慢与自车保持安全距离，自车应向右变更车道。,自车当前在原车道正常行驶，自车道前方存在车辆遮挡盲区占用自车道，阻挡自车通行，右侧车道空闲且右后方有一辆白色小汽车，速度较慢与自车保持安全距离，自车应向右变更车道。
717,81,lane_change,reactive_obstacle_blocking,1.7,wrong_factor,cross_category_swap,[0.0],1.0,1.0,0.0,0.5,自车当前在原车道正常行驶，自车道前方存在施工区域占用自车道，阻挡自车通行，右侧车道空闲且右后方有一辆白色小汽车，速度较慢与自车保持安全距离，自车应向右变更车道。,前方存在车辆遮挡盲区，自车应向右变更车道。
718,81,lane_change,reactive_obstacle_blocking,1,unsafe_action,,[1.0],1.0,1.0,1.0,1.0,自车当前在原车道正常行驶，自车道前方存在施工区域占用自车道，阻挡自车通行，右侧车道空闲且右后方有一辆白色小汽车，速度较慢与自车保持安全距离，自车应向右变更车道。,自车当前在原车道正常行驶，自车道前方存在施工区域占用自车道，阻挡自车通行，右侧车道空闲且右后方有一辆白色小汽车，速度较慢与自车保持安全距离，自车应向左变更车道。
719,82,lane_change,reactive_obstacle_blocking,5,complete,,[1.0],1.0,1.0,1.0,1.0,自车当前因前方锥桶准备换道，左前方黑色SUV与左后方黑色SUV存在足够换道空隙，自车应换道。,自车当前因前方锥桶准备换道，左前方黑色SUV与左后方黑色SUV存在足够换道空隙，自车应换道。
720,82,lane_change,reactive_obstacle_blocking,4,generalized,,[0.25],1.0,1.0,0.0,0.5625,自车当前因前方锥桶准备换道，左前方黑色SUV与左后方黑色SUV存在足够换道空隙，自车应换道。,前方通行受阻，相邻车道具备换道条件，自车应换道。
721,82,lane_change,reactive_obstacle_blocking,3,missing_factor,,[0.0],1.0,1.0,1.0,0.75,自车当前因前方锥桶准备换道，左前方黑色SUV与左后方黑色SUV存在足够换道空隙，自车应换道。,自车当前因前方锥桶准备换道，自车应换道。
722,82,lane_change,reactive_obstacle_blocking,3,missing_factor,,[1.0],1.0,1.0,1.0,1.0,自车当前因前方锥桶准备换道，左前方黑色SUV与左后方黑色SUV存在足够换道空隙，自车应换道。,左前方黑色SUV与左后方黑色SUV存在足够换道空隙，自车应换道。
723,82,lane_change,reactive_obstacle_blocking,2.8,wrong_factor,direction_swap,[0.75],1.0,1.0,1.0,0.9375,自车当前因前方锥桶准备换道，左前方黑色SUV与左后方黑色SUV存在足够换道空隙，自车应换道。,自车当前因前方锥桶准备换道，右前方黑色SUV与左后方黑色SUV存在足够换道空隙，自车应换道。
724,82,lane_change,reactive_obstacle_blocking,2.8,wrong_factor,direction_swap,[0.75],1.0,1.0,1.0,0.9375,自车当前因前方锥桶准备换道，左前方黑色SUV与左后方黑色SUV存在足够换道空隙，自车应换道。,自车当前因前方锥桶准备换道，左前方黑色SUV与右后方黑色SUV存在足够换道空隙，自车应换道。
725,82,lane_change,reactive_obstacle_blocking,1.7,wrong_factor,cross_category_swap,[1.0],1.0,1.0,1.0,1.0,自车当前因前方锥桶准备换道，左前方黑色SUV与左后方黑色SUV存在足够换道空隙，自车应换道。,自车当前因前方豁口盲区准备换道，左前方黑色SUV与左后方黑色SUV存在足够换道空隙，自车应换道。
726,82,lane_change,reactive_obstacle_blocking,1.7,wrong_factor,cross_category_swap,[0.0],1.0,1.0,1.0,0.75,自车当前因前方锥桶准备换道，左前方黑色SUV与左后方黑色SUV存在足够换道空隙，自车应换道。,前方存在车辆遮挡盲区，自车应换道。
727,82,lane_change,reactive_obstacle_blocking,1,unsafe_action,,[1.0],1.0,0.0,1.0,0.75,自车当前因前方锥桶准备换道，左前方黑色SUV与左后方黑色SUV存在足够换道空隙，自车应换道。,自车当前因前方锥桶准备换道，左前方黑色SUV与左后方黑色SUV存在足够换道空隙，自车应加速通过。
728,83,road_condition,road_surface,5,complete,,[1.0],1.0,1.0,1.0,1.0,正前方为坑洼路面，自车应减速行驶。,正前方为坑洼路面，自车应减速行驶。
729,83,road_condition,road_surface,4,generalized,,[0.5],1.0,1.0,1.0,0.875,正前方为坑洼路面，自车应减速行驶。,前方存在异常路面，自车应减速行驶通过。
730,83,road_condition,road_surface,3,missing_factor,,[1.0],1.0,1.0,1.0,1.0,正前方为坑洼路面，自车应减速行驶。,正前方为坑洼路面，自车应减速行驶通过。
731,83,road_condition,road_surface,2.3,wrong_factor,same_category_subtype_swap,[0.75],1.0,1.0,1.0,0.9375,正前方为坑洼路面，自车应减速行驶。,正前方为积水路面，自车应减速行驶。
732,83,road_condition,road_surface,1.7,wrong_factor,cross_category_swap,[0.0],1.0,1.0,1.0,0.75,正前方为坑洼路面，自车应减速行驶。,正前方为车辆遮挡盲区，自车应减速行驶。
733,83,road_condition,road_surface,1.7,wrong_factor,cross_category_swap,[0.0],1.0,1.0,1.0,0.75,正前方为坑洼路面，自车应减速行驶。,正前方为车辆遮挡盲区路面，自车应减速行驶。
734,83,road_condition,road_surface,1.7,wrong_factor,cross_category_swap,[0.0],1.0,1.0,0.0,0.5,正前方为坑洼路面，自车应减速行驶。,右前方有车辆意图切入自车道，自车应减速行驶通过。
735,83,road_condition,road_surface,1,unsafe_action,,[1.0],1.0,0.0,1.0,0.75,正前方为坑洼路面，自车应减速行驶。,正前方为坑洼路面，自车应加速通过。
736,84,yielding,decelerate_to_yield,5,complete,,[1.0],1.0,1.0,1.0,1.0,自车当前在原车道正常行驶，自车前方有有白色汽车路口蠕行，自车应减速让行后向左避障。,自车当前在原车道正常行驶，自车前方有有白色汽车路口蠕行，自车应减速让行后向左避障。
737,84,yielding,decelerate_to_yield,4,generalized,,[0.5],0.0,1.0,1.0,0.625,自车当前在原车道正常行驶，自车前方有有白色汽车路口蠕行，自车应减速让行后向左避障。,前方有交通参与者影响自车通行，自车应减速让行。
738,84,yielding,decelerate_to_yield,3,missing_factor,,[0.75],0.0,1.0,1.0,0.6875,自车当前在原车道正常行驶，自车前方有有白色汽车路口蠕行，自车应减速让行后向左避障。,自车当前在原车道正常行驶，自车应减速让行。
739,84,yielding,decelerate_to_yield,3,missing_factor,,[0.75],0.0,1.0,1.0,0.6875,自车当前在原车道正常行驶，自车前方有有白色汽车路口蠕行，自车应减速让行后向左避障。,自车前方有有白色汽车路口蠕行，自车应减速让行。
740,84,yielding,decelerate_to_yield,1.7,wrong_factor,cross_category_swap,[0.0],0.0,1.0,1.0,0.5,自车当前在原车道正常行驶，自车前方有有白色汽车路口蠕行，自车应减速让行后向左避障。,前方存在坑洼路面，自车应减速让行。
741,84,yielding,decelerate_to_yield,1,unsafe_action,,[0.75],0.0,0.0,0.0,0.1875,自车当前在原车道正常行驶，自车前方有有白色汽车路口蠕行，自车应减速让行后向左避障。,自车当前在原车道正常行驶，自车前方有有白色汽车路口蠕行，自车应加速通过。
742,85,blind_spot,combined_blind_spots,5,complete,,"[1.0, 1.0]",1.0,1.0,1.0,1.0,道路右前方存在弯道盲区，左前方存在车辆遮挡盲区，自车应减速行驶通过。,道路右前方存在弯道盲区，左前方存在车辆遮挡盲区，自车应减速行驶通过。
743,85,blind_spot,combined_blind_spots,4,generalized,,"[0.25, 0.0]",1.0,1.0,1.0,0.65,道路右前方存在弯道盲区，左前方存在车辆遮挡盲区，自车应减速行驶通过。,前方存在盲区风险，自车应减速行驶通过。
744,85,blind_spot,combined_blind_spots,3,missing_factor,,"[1.0, 0.0]",1.0,1.0,1.0,0.8,道路右前方存在弯道盲区，左前方存在车辆遮挡盲区，自车应减速行驶通过。,道路右前方存在弯道盲区，自车应减速行驶通过。
745,85,blind_spot,combined_blind_spots,3,missing_factor,,"[0.0, 1.0]",1.0,1.0,1.0,0.8,道路右前方存在弯道盲区，左前方存在车辆遮挡盲区，自车应减速行驶通过。,左前方存在车辆遮挡盲区，自车应减速行驶通过。
746,85,blind_spot,combined_blind_spots,3,missing_factor,,"[0.5, 0.0]",1.0,1.0,1.0,0.7,道路右前方存在弯道盲区，左前方存在车辆遮挡盲区，自车应减速行驶通过。,道路前方存在盲区，自车应减速行驶通过。
747,85,blind_spot,combined_blind_spots,2.8,wrong_factor,direction_swap,"[1.0, 0.75]",1.0,1.0,1.0,0.95,道路右前方存在弯道盲区，左前方存在车辆遮挡盲区，自车应减速行驶通过。,道路右前方存在弯道盲区，右前方存在车辆遮挡盲区，自车应减速行驶通过。
748,85,blind_spot,combined_blind_spots,2.8,wrong_factor,direction_swap,"[0.75, 1.0]",1.0,1.0,1.0,0.95,道路右前方存在弯道盲区，左前方存在车辆遮挡盲区，自车应减速行驶通过。,道路左前方存在弯道盲区，左前方存在车辆遮挡盲区，自车应减速行驶通过。
749,85,blind_spot,combined_blind_spots,2.3,wrong_factor,same_category_subtype_swap,"[1.0, 0.5]",1.0,1.0,1.0,0.9,道路右前方存在弯道盲区，左前方存在车辆遮挡盲区，自车应减速行驶通过。,道路右前方存在弯道盲区，左前方存在豁口盲区，自车应减速行驶通过。
750,85,blind_spot,combined_blind_spots,2.3,wrong_factor,same_category_subtype_swap,"[0.75, 1.0]",1.0,1.0,1.0,0.95,道路右前方存在弯道盲区，左前方存在车辆遮挡盲区，自车应减速行驶通过。,道路右前方存在无灯路口盲区，左前方存在车辆遮挡盲区，自车应减速行驶通过。
751,85,blind_spot,combined_blind_spots,1.7,wrong_factor,cross_category_swap,"[1.0, 0.0]",1.0,1.0,1.0,0.8,道路右前方存在弯道盲区，左前方存在车辆遮挡盲区，自车应减速行驶通过。,道路右前方存在弯道盲区，左前方存在施工区域占道，自车应减速行驶通过。
752,85,blind_spot,combined_blind_spots,1.7,wrong_factor,cross_category_swap,"[0.0, 1.0]",1.0,1.0,1.0,0.8,道路右前方存在弯道盲区，左前方存在车辆遮挡盲区，自车应减速行驶通过。,道路右前方存在减速带，左前方存在车辆遮挡盲区，自车应减速行驶通过。
753,85,blind_spot,combined_blind_spots,1.7,wrong_factor,cross_category_swap,"[0.0, 0.0]",1.0,1.0,1.0,0.6,道路右前方存在弯道盲区，左前方存在车辆遮挡盲区，自车应减速行驶通过。,前方存在锥桶占道，影响自车通行，自车应减速行驶通过。
754,85,blind_spot,combined_blind_spots,1,unsafe_action,,"[1.0, 1.0]",1.0,0.0,1.0,0.8,道路右前方存在弯道盲区，左前方存在车辆遮挡盲区，自车应减速行驶通过。,道路右前方存在弯道盲区，左前方存在车辆遮挡盲区，自车应加速通过。
755,86,lane_change,proactive_slow_ahead,5,complete,,[1.0],1.0,1.0,1.0,1.0,自车当前在原车道正常行驶，自车道前方有较多车辆通行效率较低，右侧车道通行效率较高且右前方白色小汽车与右后方的货车存在足够换道空隙，自车应向右变更车道。,自车当前在原车道正常行驶，自车道前方有较多车辆通行效率较低，右侧车道通行效率较高且右前方白色小汽车与右后方的货车存在足够换道空隙，自车应向右变更车道。
756,86,lane_change,proactive_slow_ahead,4,generalized,,[0.5],1.0,1.0,0.0,0.625,自车当前在原车道正常行驶，自车道前方有较多车辆通行效率较低，右侧车道通行效率较高且右前方白色小汽车与右后方的货车存在足够换道空隙，自车应向右变更车道。,前方通行受阻，右侧车道具备换道条件，自车应向右变更车道。
757,86,lane_change,proactive_slow_ahead,3,missing_factor,,[0.0],0.0,1.0,1.0,0.5,自车当前在原车道正常行驶，自车道前方有较多车辆通行效率较低，右侧车道通行效率较高且右前方白色小汽车与右后方的货车存在足够换道空隙，自车应向右变更车道。,自车当前在原车道正常行驶，自车道前方有较多车辆通行效率较低，自车应向右变更车道。
758,86,lane_change,proactive_slow_ahead,3,missing_factor,,[1.0],1.0,1.0,1.0,1.0,自车当前在原车道正常行驶，自车道前方有较多车辆通行效率较低，右侧车道通行效率较高且右前方白色小汽车与右后方的货车存在足够换道空隙，自车应向右变更车道。,自车道前方有较多车辆通行效率较低，右侧车道通行效率较高且右前方白色小汽车与右后方的货车存在足够换道空隙，自车应向右变更车道。
759,86,lane_change,proactive_slow_ahead,3,missing_factor,,[1.0],1.0,1.0,1.0,1.0,自车当前在原车道正常行驶，自车道前方有较多车辆通行效率较低，右侧车道通行效率较高且右前方白色小汽车与右后方的货车存在足够换道空隙，自车应向右变更车道。,自车当前在原车道正常行驶，右侧车道通行效率较高且右前方白色小汽车与右后方的货车存在足够换道空隙，自车应向右变更车道。
760,86,lane_change,proactive_slow_ahead,2.8,wrong_factor,direction_swap,[0.75],1.0,1.0,1.0,0.9375,自车当前在原车道正常行驶，自车道前方有较多车辆通行效率较低，右侧车道通行效率较高且右前方白色小汽车与右后方的货车存在足够换道空隙，自车应向右变更车道。,自车当前在原车道正常行驶，自车道前方有较多车辆通行效率较低，右侧车道通行效率较高且左前方白色小汽车与右后方的货车存在足够换道空隙，自车应向右变更车道。
761,86,lane_change,proactive_slow_ahead,2.8,wrong_factor,direction_swap,[0.0],1.0,1.0,1.0,0.75,自车当前在原车道正常行驶，自车道前方有较多车辆通行效率较低，右侧车道通行效率较高且右前方白色小汽车与右后方的货车存在足够换道空隙，自车应向右变更车道。,自车当前在原车道正常行驶，自车道前方有较多车辆通行效率较低，左侧车道通行效率较高且右前方白色小汽车与右后方的货车存在足够换道空隙，自车应向右变更车道。
762,86,lane_change,proactive_slow_ahead,2.3,wrong_factor,same_category_subtype_swap,[0.75],1.0,1.0,1.0,0.9375,自车当前在原车道正常行驶，自车道前方有较多车辆通行效率较低，右侧车道通行效率较高且右前方白色小汽车与右后方的货车存在足够换道空隙，自车应向右变更车道。,自车当前在原车道正常行驶，自车道前方有较多车辆通行效率较低，右侧车道通行效率较低且右前方白色小汽车与右后方的货车存在足够换道空隙，自车应向右变更车道。
763,86,lane_change,proactive_slow_ahead,1.7,wrong_factor,cross_category_swap,[0.0],0.0,1.0,1.0,0.5,自车当前在原车道正常行驶，自车道前方有较多车辆通行效率较低，右侧车道通行效率较高且右前方白色小汽车与右后方的货车存在足够换道空隙，自车应向右变更车道。,前方存在车辆遮挡盲区，自车应向右变更车道。
764,86,lane_change,proactive_slow_ahead,1,unsafe_action,,[1.0],1.0,1.0,1.0,1.0,自车当前在原车道正常行驶，自车道前方有较多车辆通行效率较低，右侧车道通行效率较高且右前方白色小汽车与右后方的货车存在足够换道空隙，自车应向右变更车道。,自车当前在原车道正常行驶，自车道前方有较多车辆通行效率较低，右侧车道通行效率较高且右前方白色小汽车与右后方的货车存在足够换道空隙，自车应向左变更车道。
765,87,obstacle_avoidance,static_obstacle_blocking_lane,5,complete,,[1.0],1.0,1.0,1.0,1.0,自车当前在原车道正常行驶，前方有灰色SUV占道停靠，自车应向左避障。,自车当前在原车道正常行驶，前方有灰色SUV占道停靠，自车应向左避障。
766,87,obstacle_avoidance,static_obstacle_blocking_lane,4,generalized,,[0.5],1.0,1.0,1.0,0.875,自车当前在原车道正常行驶，前方有灰色SUV占道停靠，自车应向左避障。,前方存在障碍物影响通行，自车应向左避障。
767,87,obstacle_avoidance,static_obstacle_blocking_lane,3,missing_factor,,[0.0],1.0,1.0,1.0,0.75,自车当前在原车道正常行驶，前方有灰色SUV占道停靠，自车应向左避障。,自车当前在原车道正常行驶，自车应向左避障。
768,87,obstacle_avoidance,static_obstacle_blocking_lane,3,missing_factor,,[1.0],1.0,1.0,1.0,1.0,自车当前在原车道正常行驶，前方有灰色SUV占道停靠，自车应向左避障。,前方有灰色SUV占道停靠，自车应向左避障。
769,87,obstacle_avoidance,static_obstacle_blocking_lane,2.3,wrong_factor,same_category_subtype_swap,[0.75],1.0,1.0,1.0,0.9375,自车当前在原车道正常行驶，前方有灰色SUV占道停靠，自车应向左避障。,自车当前在原车道正常行驶，前方有灰色面包车占道停靠，自车应向左避障。
770,87,obstacle_avoidance,static_obstacle_blocking_lane,1.7,wrong_factor,cross_category_swap,[0.0],1.0,1.0,1.0,0.75,自车当前在原车道正常行驶，前方有灰色SUV占道停靠，自车应向左避障。,前方存在车辆遮挡盲区，自车应向左避障。
771,87,obstacle_avoidance,static_obstacle_blocking_lane,1,unsafe_action,,[1.0],1.0,1.0,1.0,1.0,自车当前在原车道正常行驶，前方有灰色SUV占道停靠，自车应向左避障。,自车当前在原车道正常行驶，前方有灰色SUV占道停靠，自车应向右避障。
772,88,lane_change,reactive_obstacle_blocking,5,complete,,[1.0],1.0,1.0,1.0,1.0,自车当前车道前方一辆黑色货车停靠自车道阻挡自车，影响自车通行，自车左侧车道空闲且左后方无来车，自车应向左换道。,自车当前车道前方一辆黑色货车停靠自车道阻挡自车，影响自车通行，自车左侧车道空闲且左后方无来车，自车应向左换道。
773,88,lane_change,reactive_obstacle_blocking,4,generalized,,[0.5],1.0,1.0,0.0,0.625,自车当前车道前方一辆黑色货车停靠自车道阻挡自车，影响自车通行，自车左侧车道空闲且左后方无来车，自车应向左换道。,前方通行受阻，左侧车道具备换道条件，自车应向左变更车道。
774,88,lane_change,reactive_obstacle_blocking,3,missing_factor,,[0.75],0.0,1.0,1.0,0.6875,自车当前车道前方一辆黑色货车停靠自车道阻挡自车，影响自车通行，自车左侧车道空闲且左后方无来车，自车应向左换道。,自车当前车道前方一辆黑色货车停靠自车道阻挡自车，影响自车通行，自车应向左变更车道。
775,88,lane_change,reactive_obstacle_blocking,3,missing_factor,,[0.75],0.0,1.0,1.0,0.6875,自车当前车道前方一辆黑色货车停靠自车道阻挡自车，影响自车通行，自车左侧车道空闲且左后方无来车，自车应向左换道。,影响自车通行，自车左侧车道空闲且左后方无来车，自车应向左变更车道。
776,88,lane_change,reactive_obstacle_blocking,3,missing_factor,,[0.75],0.0,1.0,1.0,0.6875,自车当前车道前方一辆黑色货车停靠自车道阻挡自车，影响自车通行，自车左侧车道空闲且左后方无来车，自车应向左换道。,自车当前车道前方一辆黑色货车停靠自车道阻挡自车，自车左侧车道空闲且左后方无来车，自车应向左变更车道。
777,88,lane_change,reactive_obstacle_blocking,2.8,wrong_factor,direction_swap,[0.75],1.0,1.0,1.0,0.9375,自车当前车道前方一辆黑色货车停靠自车道阻挡自车，影响自车通行，自车左侧车道空闲且左后方无来车，自车应向左换道。,自车当前车道前方一辆黑色货车停靠自车道阻挡自车，影响自车通行，自车右侧车道空闲且左后方无来车，自车应向左换道。
778,88,lane_change,reactive_obstacle_blocking,2.8,wrong_factor,direction_swap,[0.75],1.0,1.0,1.0,0.9375,自车当前车道前方一辆黑色货车停靠自车道阻挡自车，影响自车通行，自车左侧车道空闲且左后方无来车，自车应向左换道。,自车当前车道前方一辆黑色货车停靠自车道阻挡自车，影响自车通行，自车左侧车道空闲且右后方无来车，自车应向左换道。
779,88,lane_change,reactive_obstacle_blocking,2.3,wrong_factor,same_category_subtype_swap,[0.75],1.0,1.0,1.0,0.9375,自车当前车道前方一辆黑色货车停靠自车道阻挡自车，影响自车通行，自车左侧车道空闲且左后方无来车，自车应向左换道。,自车当前车道前方一辆黑色货车停靠自车道阻挡自车，影响自车通行，自车左侧车道拥堵且左后方无来车，自车应向左换道。
780,88,lane_change,reactive_obstacle_blocking,2.3,wrong_factor,same_category_subtype_swap,[0.75],1.0,1.0,1.0,0.9375,自车当前车道前方一辆黑色货车停靠自车道阻挡自车，影响自车通行，自车左侧车道空闲且左后方无来车，自车应向左换道。,自车当前车道前方一辆黑色货车停靠自车道阻挡自车，影响自车通行，自车左侧车道空闲且左后方有快速来车，自车应向左换道。
781,88,lane_change,reactive_obstacle_blocking,1.7,wrong_factor,cross_category_swap,[0.0],0.0,1.0,1.0,0.5,自车当前车道前方一辆黑色货车停靠自车道阻挡自车，影响自车通行，自车左侧车道空闲且左后方无来车，自车应向左换道。,前方存在车辆遮挡盲区，自车应向左变更车道。
782,88,lane_change,reactive_obstacle_blocking,1,unsafe_action,,[0.75],0.0,1.0,1.0,0.6875,自车当前车道前方一辆黑色货车停靠自车道阻挡自车，影响自车通行，自车左侧车道空闲且左后方无来车，自车应向左换道。,自车当前车道前方一辆黑色货车停靠自车道阻挡自车，影响自车通行，自车左侧车道空闲且左后方无来车，自车应向右变更车道。
783,89,lane_change,reactive_obstacle_blocking,5,complete,,[1.0],1.0,1.0,1.0,1.0,自车道前方存在锥桶等施工设施，影响自车通行，右侧车道可通行且右后方一辆银色小汽车速度较慢，自车应向右变更车道。,自车道前方存在锥桶等施工设施，影响自车通行，右侧车道可通行且右后方一辆银色小汽车速度较慢，自车应向右变更车道。
784,89,lane_change,reactive_obstacle_blocking,4,generalized,,[0.5],0.0,1.0,0.0,0.375,自车道前方存在锥桶等施工设施，影响自车通行，右侧车道可通行且右后方一辆银色小汽车速度较慢，自车应向右变更车道。,前方通行受阻，右侧车道具备换道条件，自车应向右变更车道。
785,89,lane_change,reactive_obstacle_blocking,3,missing_factor,,[0.0],1.0,1.0,1.0,0.75,自车道前方存在锥桶等施工设施，影响自车通行，右侧车道可通行且右后方一辆银色小汽车速度较慢，自车应向右变更车道。,自车道前方存在锥桶等施工设施，影响自车通行，自车应向右变更车道。
786,89,lane_change,reactive_obstacle_blocking,3,missing_factor,,[1.0],1.0,1.0,1.0,1.0,自车道前方存在锥桶等施工设施，影响自车通行，右侧车道可通行且右后方一辆银色小汽车速度较慢，自车应向右变更车道。,影响自车通行，右侧车道可通行且右后方一辆银色小汽车速度较慢，自车应向右变更车道。
787,89,lane_change,reactive_obstacle_blocking,3,missing_factor,,[1.0],1.0,1.0,1.0,1.0,自车道前方存在锥桶等施工设施，影响自车通行，右侧车道可通行且右后方一辆银色小汽车速度较慢，自车应向右变更车道。,自车道前方存在锥桶等施工设施，右侧车道可通行且右后方一辆银色小汽车速度较慢，自车应向右变更车道。
788,89,lane_change,reactive_obstacle_blocking,2.8,wrong_factor,direction_swap,[0.0],1.0,1.0,1.0,0.75,自车道前方存在锥桶等施工设施，影响自车通行，右侧车道可通行且右后方一辆银色小汽车速度较慢，自车应向右变更车道。,自车道前方存在锥桶等施工设施，影响自车通行，左侧车道可通行且右后方一辆银色小汽车速度较慢，自车应向右变更车道。
789,89,lane_change,reactive_obstacle_blocking,2.8,wrong_factor,direction_swap,[0.75],1.0,1.0,1.0,0.9375,自车道前方存在锥桶等施工设施，影响自车通行，右侧车道可通行且右后方一辆银色小汽车速度较慢，自车应向右变更车道。,自车道前方存在锥桶等施工设施，影响自车通行，右侧车道可通行且左后方一辆银色小汽车速度较慢，自车应向右变更车道。
790,89,lane_change,reactive_obstacle_blocking,2.3,wrong_factor,same_category_subtype_swap,[0.75],1.0,1.0,1.0,0.9375,自车道前方存在锥桶等施工设施，影响自车通行，右侧车道可通行且右后方一辆银色小汽车速度较慢，自车应向右变更车道。,自车道前方存在锥桶等施工设施，影响自车通行，右侧车道可通行且右后方一辆银色小汽车速度较快，自车应向右变更车道。
791,89,lane_change,reactive_obstacle_blocking,1.7,wrong_factor,cross_category_swap,[1.0],1.0,1.0,1.0,1.0,自车道前方存在锥桶等施工设施，影响自车通行，右侧车道可通行且右后方一辆银色小汽车速度较慢，自车应向右变更车道。,自车道前方存在豁口盲区等施工设施，影响自车通行，右侧车道可通行且右后方一辆银色小汽车速度较慢，自车应向右变更车道。
792,89,lane_change,reactive_obstacle_blocking,1.7,wrong_factor,cross_category_swap,[0.0],1.0,1.0,1.0,0.75,自车道前方存在锥桶等施工设施，影响自车通行，右侧车道可通行且右后方一辆银色小汽车速度较慢，自车应向右变更车道。,前方存在车辆遮挡盲区，自车应向右变更车道。
793,89,lane_change,reactive_obstacle_blocking,1,unsafe_action,,[1.0],1.0,1.0,1.0,1.0,自车道前方存在锥桶等施工设施，影响自车通行，右侧车道可通行且右后方一辆银色小汽车速度较慢，自车应向右变更车道。,自车道前方存在锥桶等施工设施，影响自车通行，右侧车道可通行且右后方一辆银色小汽车速度较慢，自车应向左变更车道。
794,90,traffic_signal,green_light_go,5,complete,,[1.0],1.0,1.0,1.0,1.0,自车当前实际行驶方向为直行，圆灯为绿色，自车应开始起步。,自车当前实际行驶方向为直行，圆灯为绿色，自车应开始起步。
795,90,traffic_signal,green_light_go,4,generalized,,[0.5],1.0,1.0,0.0,0.625,自车当前实际行驶方向为直行，圆灯为绿色，自车应开始起步。,当前路口信号允许通行，自车应起步通过。
796,90,traffic_signal,green_light_go,3,missing_factor,,[0.75],1.0,1.0,1.0,0.9375,自车当前实际行驶方向为直行，圆灯为绿色，自车应开始起步。,自车当前实际行驶方向为直行，自车应起步通过。
797,90,traffic_signal,green_light_go,3,missing_factor,,[0.75],1.0,1.0,1.0,0.9375,自车当前实际行驶方向为直行，圆灯为绿色，自车应开始起步。,圆灯为绿色，自车应起步通过。
798,90,traffic_signal,green_light_go,2.3,wrong_factor,same_category_subtype_swap,[0.75],1.0,1.0,1.0,0.9375,自车当前实际行驶方向为直行，圆灯为绿色，自车应开始起步。,自车当前实际行驶方向为直行，圆灯为红色，自车应开始起步。
799,90,traffic_signal,green_light_go,1.7,wrong_factor,cross_category_swap,[0.0],1.0,1.0,1.0,0.75,自车当前实际行驶方向为直行，圆灯为绿色，自车应开始起步。,前方存在施工区域占道，自车应起步通过。
800,90,traffic_signal,green_light_go,1,unsafe_action,,[0.75],1.0,0.0,0.0,0.4375,自车当前实际行驶方向为直行，圆灯为绿色，自车应开始起步。,自车当前实际行驶方向为直行，圆灯为绿色，自车应继续停车等待。
801,91,lane_change,reactive_obstacle_blocking,5,complete,,[1.0],1.0,1.0,1.0,1.0,自车当前因前方存在锥桶准备换道，右前方白色轿车与右后方橙色轿车存在足够换道空隙，自车应换道。,自车当前因前方存在锥桶准备换道，右前方白色轿车与右后方橙色轿车存在足够换道空隙，自车应换道。
802,91,lane_change,reactive_obstacle_blocking,4,generalized,,[0.25],1.0,1.0,0.0,0.5625,自车当前因前方存在锥桶准备换道，右前方白色轿车与右后方橙色轿车存在足够换道空隙，自车应换道。,前方通行受阻，相邻车道具备换道条件，自车应换道。
803,91,lane_change,reactive_obstacle_blocking,3,missing_factor,,[0.0],1.0,1.0,1.0,0.75,自车当前因前方存在锥桶准备换道，右前方白色轿车与右后方橙色轿车存在足够换道空隙，自车应换道。,自车当前因前方存在锥桶准备换道，自车应换道。
804,91,lane_change,reactive_obstacle_blocking,3,missing_factor,,[1.0],1.0,1.0,1.0,1.0,自车当前因前方存在锥桶准备换道，右前方白色轿车与右后方橙色轿车存在足够换道空隙，自车应换道。,右前方白色轿车与右后方橙色轿车存在足够换道空隙，自车应换道。
805,91,lane_change,reactive_obstacle_blocking,2.8,wrong_factor,direction_swap,[0.75],1.0,1.0,1.0,0.9375,自车当前因前方存在锥桶准备换道，右前方白色轿车与右后方橙色轿车存在足够换道空隙，自车应换道。,自车当前因前方存在锥桶准备换道，左前方白色轿车与右后方橙色轿车存在足够换道空隙，自车应换道。
806,91,lane_change,reactive_obstacle_blocking,2.8,wrong_factor,direction_swap,[0.75],1.0,1.0,1.0,0.9375,自车当前因前方存在锥桶准备换道，右前方白色轿车与右后方橙色轿车存在足够换道空隙，自车应换道。,自车当前因前方存在锥桶准备换道，右前方白色轿车与左后方橙色轿车存在足够换道空隙，自车应换道。
807,91,lane_change,reactive_obstacle_blocking,1.7,wrong_factor,cross_category_swap,[1.0],1.0,1.0,1.0,1.0,自车当前因前方存在锥桶准备换道，右前方白色轿车与右后方橙色轿车存在足够换道空隙，自车应换道。,自车当前因前方存在豁口盲区准备换道，右前方白色轿车与右后方橙色轿车存在足够换道空隙，自车应换道。
808,91,lane_change,reactive_obstacle_blocking,1.7,wrong_factor,cross_category_swap,[0.0],1.0,1.0,1.0,0.75,自车当前因前方存在锥桶准备换道，右前方白色轿车与右后方橙色轿车存在足够换道空隙，自车应换道。,前方存在车辆遮挡盲区，自车应换道。
809,91,lane_change,reactive_obstacle_blocking,1,unsafe_action,,[1.0],1.0,0.0,1.0,0.75,自车当前因前方存在锥桶准备换道，右前方白色轿车与右后方橙色轿车存在足够换道空隙，自车应换道。,自车当前因前方存在锥桶准备换道，右前方白色轿车与右后方橙色轿车存在足够换道空隙，自车应加速通过。
810,92,lane_change,proactive_slow_ahead,5,complete,,"[1.0, 1.0, 1.0]",1.0,1.0,1.0,1.0,自车当前在原车道正常行驶，自车车道是左转车道，右侧车道是右转车道，右侧车道空闲，右后方无车，自车应向右变更车道。,自车当前在原车道正常行驶，自车车道是左转车道，右侧车道是右转车道，右侧车道空闲，右后方无车，自车应向右变更车道。
811,92,lane_change,proactive_slow_ahead,4,generalized,,"[0.5, 0.0, 0.0]",0.0,1.0,1.0,0.4167,自车当前在原车道正常行驶，自车车道是左转车道，右侧车道是右转车道，右侧车道空闲，右后方无车，自车应向右变更车道。,前方通行受阻，右侧车道具备换道条件，自车应向右变更车道。
812,92,lane_change,proactive_slow_ahead,3,missing_factor,,"[1.0, 1.0, 0.0]",1.0,1.0,0.0,0.6667,自车当前在原车道正常行驶，自车车道是左转车道，右侧车道是右转车道，右侧车道空闲，右后方无车，自车应向右变更车道。,自车当前在原车道正常行驶，自车车道是左转车道，右侧车道是右转车道，右侧车道空闲，自车应向右变更车道。
813,92,lane_change,proactive_slow_ahead,3,missing_factor,,"[1.0, 1.0, 1.0]",1.0,1.0,1.0,1.0,自车当前在原车道正常行驶，自车车道是左转车道，右侧车道是右转车道，右侧车道空闲，右后方无车，自车应向右变更车道。,自车车道是左转车道，右侧车道是右转车道，右侧车道空闲，右后方无车，自车应向右变更车道。
814,92,lane_change,proactive_slow_ahead,3,missing_factor,,"[0.0, 0.0, 1.0]",0.0,1.0,1.0,0.5,自车当前在原车道正常行驶，自车车道是左转车道，右侧车道是右转车道，右侧车道空闲，右后方无车，自车应向右变更车道。,自车当前在原车道正常行驶，右后方无车，自车应向右变更车道。
815,92,lane_change,proactive_slow_ahead,2.8,wrong_factor,direction_swap,"[0.0, 1.0, 1.0]",1.0,1.0,1.0,0.8333,自车当前在原车道正常行驶，自车车道是左转车道，右侧车道是右转车道，右侧车道空闲，右后方无车，自车应向右变更车道。,自车当前在原车道正常行驶，自车车道是左转车道，左侧车道是右转车道，右侧车道空闲，右后方无车，自车应向右变更车道。
816,92,lane_change,proactive_slow_ahead,2.8,wrong_factor,direction_swap,"[1.0, 1.0, 0.75]",1.0,1.0,1.0,0.9583,自车当前在原车道正常行驶，自车车道是左转车道，右侧车道是右转车道，右侧车道空闲，右后方无车，自车应向右变更车道。,自车当前在原车道正常行驶，自车车道是左转车道，右侧车道是右转车道，右侧车道空闲，左后方无车，自车应向右变更车道。
817,92,lane_change,proactive_slow_ahead,2.3,wrong_factor,same_category_subtype_swap,"[1.0, 0.5, 1.0]",1.0,1.0,1.0,0.9167,自车当前在原车道正常行驶，自车车道是左转车道，右侧车道是右转车道，右侧车道空闲，右后方无车，自车应向右变更车道。,自车当前在原车道正常行驶，自车车道是左转车道，右侧车道是右转车道，右侧车道拥堵，右后方无车，自车应向右变更车道。
818,92,lane_change,proactive_slow_ahead,1.7,wrong_factor,cross_category_swap,"[0.0, 0.0, 0.0]",0.0,1.0,0.0,0.1667,自车当前在原车道正常行驶，自车车道是左转车道，右侧车道是右转车道，右侧车道空闲，右后方无车，自车应向右变更车道。,前方存在车辆遮挡盲区，自车应向右变更车道。
819,92,lane_change,proactive_slow_ahead,1,unsafe_action,,"[1.0, 1.0, 1.0]",1.0,1.0,1.0,1.0,自车当前在原车道正常行驶，自车车道是左转车道，右侧车道是右转车道，右侧车道空闲，右后方无车，自车应向右变更车道。,自车当前在原车道正常行驶，自车车道是左转车道，右侧车道是右转车道，右侧车道空闲，右后方无车，自车应向左变更车道。
820,93,traffic_signal,green_light_go,5,complete,,"[1.0, 1.0]",1.0,1.0,1.0,1.0,自车当前在原车道正常行驶，自车道前方有较多车辆等待红绿灯，影响自车通行效率，右侧车道通行效率较高且右前方有一辆灰色MPV正在行驶，速度较快，右后方有一辆黑色小轿车正在行驶，速度较慢，存在足够换道空隙，自车应在灰色MPV通过后加速向右换道。,自车当前在原车道正常行驶，自车道前方有较多车辆等待红绿灯，影响自车通行效率，右侧车道通行效率较高且右前方有一辆灰色MPV正在行驶，速度较快，右后方有一辆黑色小轿车正在行驶，速度较慢，存在足够换道空隙，自车应在灰色MPV通过后加速向右换道。
821,93,traffic_signal,green_light_go,4,generalized,,"[0.0, 0.0]",0.0,0.0,1.0,0.2,自车当前在原车道正常行驶，自车道前方有较多车辆等待红绿灯，影响自车通行效率，右侧车道通行效率较高且右前方有一辆灰色MPV正在行驶，速度较快，右后方有一辆黑色小轿车正在行驶，速度较慢，存在足够换道空隙，自车应在灰色MPV通过后加速向右换道。,当前路口信号允许通行，自车应向右变更车道。
822,93,traffic_signal,green_light_go,3,missing_factor,,"[1.0, 1.0]",0.0,0.0,1.0,0.6,自车当前在原车道正常行驶，自车道前方有较多车辆等待红绿灯，影响自车通行效率，右侧车道通行效率较高且右前方有一辆灰色MPV正在行驶，速度较快，右后方有一辆黑色小轿车正在行驶，速度较慢，存在足够换道空隙，自车应在灰色MPV通过后加速向右换道。,自车当前在原车道正常行驶，自车道前方有较多车辆等待红绿灯，影响自车通行效率，右侧车道通行效率较高且右前方有一辆灰色MPV正在行驶，速度较快，右后方有一辆黑色小轿车正在行驶，速度较慢，自车应向右变更车道。
823,93,traffic_signal,green_light_go,3,missing_factor,,"[1.0, 1.0]",1.0,0.0,1.0,0.8,自车当前在原车道正常行驶，自车道前方有较多车辆等待红绿灯，影响自车通行效率，右侧车道通行效率较高且右前方有一辆灰色MPV正在行驶，速度较快，右后方有一辆黑色小轿车正在行驶，速度较慢，存在足够换道空隙，自车应在灰色MPV通过后加速向右换道。,自车道前方有较多车辆等待红绿灯，影响自车通行效率，右侧车道通行效率较高且右前方有一辆灰色MPV正在行驶，速度较快，右后方有一辆黑色小轿车正在行驶，速度较慢，存在足够换道空隙，自车应向右变更车道。
824,93,traffic_signal,green_light_go,3,missing_factor,,"[0.0, 0.0]",1.0,0.0,0.0,0.2,自车当前在原车道正常行驶，自车道前方有较多车辆等待红绿灯，影响自车通行效率，右侧车道通行效率较高且右前方有一辆灰色MPV正在行驶，速度较快，右后方有一辆黑色小轿车正在行驶，速度较慢，存在足够换道空隙，自车应在灰色MPV通过后加速向右换道。,自车当前在原车道正常行驶，存在足够换道空隙，自车应向右变更车道。
825,93,traffic_signal,green_light_go,2.8,wrong_factor,direction_swap,"[0.75, 1.0]",1.0,1.0,1.0,0.95,自车当前在原车道正常行驶，自车道前方有较多车辆等待红绿灯，影响自车通行效率，右侧车道通行效率较高且右前方有一辆灰色MPV正在行驶，速度较快，右后方有一辆黑色小轿车正在行驶，速度较慢，存在足够换道空隙，自车应在灰色MPV通过后加速向右换道。,自车当前在原车道正常行驶，自车道前方有较多车辆等待红绿灯，影响自车通行效率，右侧车道通行效率较高且左前方有一辆灰色MPV正在行驶，速度较快，右后方有一辆黑色小轿车正在行驶，速度较慢，存在足够换道空隙，自车应在灰色MPV通过后加速向右换道。
826,93,traffic_signal,green_light_go,2.8,wrong_factor,direction_swap,"[0.0, 1.0]",1.0,1.0,1.0,0.8,自车当前在原车道正常行驶，自车道前方有较多车辆等待红绿灯，影响自车通行效率，右侧车道通行效率较高且右前方有一辆灰色MPV正在行驶，速度较快，右后方有一辆黑色小轿车正在行驶，速度较慢，存在足够换道空隙，自车应在灰色MPV通过后加速向右换道。,自车当前在原车道正常行驶，自车道前方有较多车辆等待红绿灯，影响自车通行效率，左侧车道通行效率较高且右前方有一辆灰色MPV正在行驶，速度较快，右后方有一辆黑色小轿车正在行驶，速度较慢，存在足够换道空隙，自车应在灰色MPV通过后加速向右换道。
827,93,traffic_signal,green_light_go,2.3,wrong_factor,same_category_subtype_swap,"[1.0, 1.0]",1.0,1.0,1.0,1.0,自车当前在原车道正常行驶，自车道前方有较多车辆等待红绿灯，影响自车通行效率，右侧车道通行效率较高且右前方有一辆灰色MPV正在行驶，速度较快，右后方有一辆黑色小轿车正在行驶，速度较慢，存在足够换道空隙，自车应在灰色MPV通过后加速向右换道。,自车当前在原车道正常行驶，自车道前方有较多车辆等待红红灯，影响自车通行效率，右侧车道通行效率较高且右前方有一辆灰色MPV正在行驶，速度较快，右后方有一辆黑色小轿车正在行驶，速度较慢，存在足够换道空隙，自车应在灰色MPV通过后加速向右换道。
828,93,traffic_signal,green_light_go,1.7,wrong_factor,cross_category_swap,"[0.0, 0.0]",0.0,0.0,0.0,0.0,自车当前在原车道正常行驶，自车道前方有较多车辆等待红绿灯，影响自车通行效率，右侧车道通行效率较高且右前方有一辆灰色MPV正在行驶，速度较快，右后方有一辆黑色小轿车正在行驶，速度较慢，存在足够换道空隙，自车应在灰色MPV通过后加速向右换道。,前方存在施工区域占道，自车应向右变更车道。
829,93,traffic_signal,green_light_go,1,unsafe_action,,"[1.0, 1.0]",1.0,0.0,1.0,0.8,自车当前在原车道正常行驶，自车道前方有较多车辆等待红绿灯，影响自车通行效率，右侧车道通行效率较高且右前方有一辆灰色MPV正在行驶，速度较快，右后方有一辆黑色小轿车正在行驶，速度较慢，存在足够换道空隙，自车应在灰色MPV通过后加速向右换道。,自车当前在原车道正常行驶，自车道前方有较多车辆等待红绿灯，影响自车通行效率，右侧车道通行效率较高且右前方有一辆灰色MPV正在行驶，速度较快，右后方有一辆黑色小轿车正在行驶，速度较慢，存在足够换道空隙，自车应向左变更车道。
830,94,lane_change,proactive_slow_ahead,5,complete,,"[1.0, 1.0]",1.0,1.0,1.0,1.0,自车当前在原车道正常行驶，自车车道是直行加左转车道，右侧车道是右转车道，右侧车道空闲且右后方无来车，自车应向右变更车道。,自车当前在原车道正常行驶，自车车道是直行加左转车道，右侧车道是右转车道，右侧车道空闲且右后方无来车，自车应向右变更车道。
831,94,lane_change,proactive_slow_ahead,4,generalized,,"[0.5, 0.0]",0.0,1.0,0.0,0.3,自车当前在原车道正常行驶，自车车道是直行加左转车道，右侧车道是右转车道，右侧车道空闲且右后方无来车，自车应向右变更车道。,前方通行受阻，右侧车道具备换道条件，自车应向右变更车道。
832,94,lane_change,proactive_slow_ahead,3,missing_factor,,"[1.0, 0.0]",1.0,1.0,1.0,0.8,自车当前在原车道正常行驶，自车车道是直行加左转车道，右侧车道是右转车道，右侧车道空闲且右后方无来车，自车应向右变更车道。,自车当前在原车道正常行驶，自车车道是直行加左转车道，右侧车道是右转车道，自车应向右变更车道。
833,94,lane_change,proactive_slow_ahead,3,missing_factor,,"[1.0, 1.0]",1.0,1.0,1.0,1.0,自车当前在原车道正常行驶，自车车道是直行加左转车道，右侧车道是右转车道，右侧车道空闲且右后方无来车，自车应向右变更车道。,自车车道是直行加左转车道，右侧车道是右转车道，右侧车道空闲且右后方无来车，自车应向右变更车道。
834,94,lane_change,proactive_slow_ahead,3,missing_factor,,"[0.0, 1.0]",0.0,1.0,1.0,0.6,自车当前在原车道正常行驶，自车车道是直行加左转车道，右侧车道是右转车道，右侧车道空闲且右后方无来车，自车应向右变更车道。,自车当前在原车道正常行驶，右侧车道空闲且右后方无来车，自车应向右变更车道。
835,94,lane_change,proactive_slow_ahead,2.8,wrong_factor,direction_swap,"[0.0, 1.0]",1.0,1.0,1.0,0.8,自车当前在原车道正常行驶，自车车道是直行加左转车道，右侧车道是右转车道，右侧车道空闲且右后方无来车，自车应向右变更车道。,自车当前在原车道正常行驶，自车车道是直行加左转车道，左侧车道是右转车道，右侧车道空闲且右后方无来车，自车应向右变更车道。
836,94,lane_change,proactive_slow_ahead,2.8,wrong_factor,direction_swap,"[1.0, 0.75]",1.0,1.0,1.0,0.95,自车当前在原车道正常行驶，自车车道是直行加左转车道，右侧车道是右转车道，右侧车道空闲且右后方无来车，自车应向右变更车道。,自车当前在原车道正常行驶，自车车道是直行加左转车道，右侧车道是右转车道，右侧车道空闲且左后方无来车，自车应向右变更车道。
837,94,lane_change,proactive_slow_ahead,2.3,wrong_factor,same_category_subtype_swap,"[1.0, 0.75]",1.0,1.0,1.0,0.95,自车当前在原车道正常行驶，自车车道是直行加左转车道，右侧车道是右转车道，右侧车道空闲且右后方无来车，自车应向右变更车道。,自车当前在原车道正常行驶，自车车道是直行加左转车道，右侧车道是右转车道，右侧车道拥堵且右后方无来车，自车应向右变更车道。
838,94,lane_change,proactive_slow_ahead,2.3,wrong_factor,same_category_subtype_swap,"[1.0, 0.75]",1.0,1.0,1.0,0.95,自车当前在原车道正常行驶，自车车道是直行加左转车道，右侧车道是右转车道，右侧车道空闲且右后方无来车，自车应向右变更车道。,自车当前在原车道正常行驶，自车车道是直行加左转车道，右侧车道是右转车道，右侧车道空闲且右后方有快速来车，自车应向右变更车道。
839,94,lane_change,proactive_slow_ahead,1.7,wrong_factor,cross_category_swap,"[0.0, 0.0]",0.0,1.0,1.0,0.4,自车当前在原车道正常行驶，自车车道是直行加左转车道，右侧车道是右转车道，右侧车道空闲且右后方无来车，自车应向右变更车道。,前方存在车辆遮挡盲区，自车应向右变更车道。
840,94,lane_change,proactive_slow_ahead,1,unsafe_action,,"[1.0, 1.0]",1.0,1.0,1.0,1.0,自车当前在原车道正常行驶，自车车道是直行加左转车道，右侧车道是右转车道，右侧车道空闲且右后方无来车，自车应向右变更车道。,自车当前在原车道正常行驶，自车车道是直行加左转车道，右侧车道是右转车道，右侧车道空闲且右后方无来车，自车应向左变更车道。
841,95,special,unclassified,5,complete,,[1.0],1.0,1.0,1.0,1.0,前方目标车辆白色小汽车靠左压线行驶，试图从右侧入侵自车道，自车应减速避让。,前方目标车辆白色小汽车靠左压线行驶，试图从右侧入侵自车道，自车应减速避让。
842,95,special,unclassified,4,generalized,,[0.5],0.0,1.0,1.0,0.625,前方目标车辆白色小汽车靠左压线行驶，试图从右侧入侵自车道，自车应减速避让。,前方存在通行风险，自车应减速行驶通过。
843,95,special,unclassified,3,missing_factor,,[1.0],0.0,1.0,1.0,0.75,前方目标车辆白色小汽车靠左压线行驶，试图从右侧入侵自车道，自车应减速避让。,前方目标车辆白色小汽车靠左压线行驶，自车应减速行驶通过。
844,95,special,unclassified,3,missing_factor,,[0.5],0.0,1.0,1.0,0.625,前方目标车辆白色小汽车靠左压线行驶，试图从右侧入侵自车道，自车应减速避让。,试图从右侧入侵自车道，自车应减速行驶通过。
845,95,special,unclassified,3,missing_factor,,[0.75],0.0,1.0,1.0,0.6875,前方目标车辆白色小汽车靠左压线行驶，试图从右侧入侵自车道，自车应减速避让。,前方目标车辆小汽车靠左压线行驶，自车应减速行驶通过。
846,95,special,unclassified,2.8,wrong_factor,direction_swap,[1.0],1.0,1.0,1.0,1.0,前方目标车辆白色小汽车靠左压线行驶，试图从右侧入侵自车道，自车应减速避让。,前方目标车辆白色小汽车靠左压线行驶，试图从左侧入侵自车道，自车应减速避让。
847,95,special,unclassified,1.7,wrong_factor,cross_category_swap,[0.0],0.0,1.0,1.0,0.5,前方目标车辆白色小汽车靠左压线行驶，试图从右侧入侵自车道，自车应减速避让。,前方存在无灯路口盲区，自车应减速行驶通过。
848,95,special,unclassified,1,unsafe_action,,[1.0],0.0,0.0,1.0,0.5,前方目标车辆白色小汽车靠左压线行驶，试图从右侧入侵自车道，自车应减速避让。,前方目标车辆白色小汽车靠左压线行驶，试图从右侧入侵自车道，自车应加速通过。
849,96,obstacle_avoidance,static_obstacle_blocking_lane,5,complete,,[1.0],1.0,1.0,1.0,1.0,前方有多个锥桶占道摆放，对向车道有粉色小汽车正常行驶，自车应减速让行后再向左避障。,前方有多个锥桶占道摆放，对向车道有粉色小汽车正常行驶，自车应减速让行后再向左避障。
850,96,obstacle_avoidance,static_obstacle_blocking_lane,4,generalized,,[0.5],0.0,1.0,1.0,0.625,前方有多个锥桶占道摆放，对向车道有粉色小汽车正常行驶，自车应减速让行后再向左避障。,前方存在障碍物影响通行，自车应减速让行。
851,96,obstacle_avoidance,static_obstacle_blocking_lane,3,missing_factor,,[1.0],0.0,1.0,1.0,0.75,前方有多个锥桶占道摆放，对向车道有粉色小汽车正常行驶，自车应减速让行后再向左避障。,前方有多个锥桶占道摆放，自车应减速让行。
852,96,obstacle_avoidance,static_obstacle_blocking_lane,3,missing_factor,,[0.0],0.0,1.0,1.0,0.5,前方有多个锥桶占道摆放，对向车道有粉色小汽车正常行驶，自车应减速让行后再向左避障。,对向车道有粉色小汽车正常行驶，自车应减速让行。
853,96,obstacle_avoidance,static_obstacle_blocking_lane,2.3,wrong_factor,same_category_subtype_swap,[1.0],1.0,1.0,1.0,1.0,前方有多个锥桶占道摆放，对向车道有粉色小汽车正常行驶，自车应减速让行后再向左避障。,前方有多个锥桶占道摆放，对向车道有粉色货车正常行驶，自车应减速让行后再向左避障。
854,96,obstacle_avoidance,static_obstacle_blocking_lane,2.3,wrong_factor,same_category_subtype_swap,[0.75],1.0,1.0,1.0,0.9375,前方有多个锥桶占道摆放，对向车道有粉色小汽车正常行驶，自车应减速让行后再向左避障。,前方有多个事故车占道摆放，对向车道有粉色小汽车正常行驶，自车应减速让行后再向左避障。
855,96,obstacle_avoidance,static_obstacle_blocking_lane,1.7,wrong_factor,cross_category_swap,[0.0],1.0,1.0,1.0,0.75,前方有多个锥桶占道摆放，对向车道有粉色小汽车正常行驶，自车应减速让行后再向左避障。,前方有多个豁口盲区占道摆放，对向车道有粉色小汽车正常行驶，自车应减速让行后再向左避障。
856,96,obstacle_avoidance,static_obstacle_blocking_lane,1.7,wrong_factor,cross_category_swap,[0.0],0.0,1.0,1.0,0.5,前方有多个锥桶占道摆放，对向车道有粉色小汽车正常行驶，自车应减速让行后再向左避障。,前方存在车辆遮挡盲区，自车应减速让行。
857,96,obstacle_avoidance,static_obstacle_blocking_lane,1,unsafe_action,,[1.0],0.0,0.0,0.0,0.25,前方有多个锥桶占道摆放，对向车道有粉色小汽车正常行驶，自车应减速让行后再向左避障。,前方有多个锥桶占道摆放，对向车道有粉色小汽车正常行驶，自车应加速通过。
858,97,blind_spot,single_blind_spot,5,complete,,[1.0],1.0,1.0,1.0,1.0,左前方存豁口盲区，自车应减速行驶通过。,左前方存豁口盲区，自车应减速行驶通过。
859,97,blind_spot,single_blind_spot,4,generalized,,[0.25],1.0,1.0,1.0,0.8125,左前方存豁口盲区，自车应减速行驶通过。,前方存在盲区风险，自车应减速行驶通过。
860,97,blind_spot,single_blind_spot,3,missing_factor,,[0.5],1.0,1.0,1.0,0.875,左前方存豁口盲区，自车应减速行驶通过。,前方存盲区，自车应减速行驶通过。
861,97,blind_spot,single_blind_spot,2.8,wrong_factor,direction_swap,[0.75],1.0,1.0,1.0,0.9375,左前方存豁口盲区，自车应减速行驶通过。,右前方存豁口盲区，自车应减速行驶通过。
862,97,blind_spot,single_blind_spot,2.3,wrong_factor,same_category_subtype_swap,[0.5],1.0,1.0,1.0,0.875,左前方存豁口盲区，自车应减速行驶通过。,左前方存车辆遮挡盲区，自车应减速行驶通过。
863,97,blind_spot,single_blind_spot,1.7,wrong_factor,cross_category_swap,[0.0],1.0,0.5,1.0,0.625,左前方存豁口盲区，自车应减速行驶通过。,左前方存车辆占道停车，自车应减速行驶通过。
864,97,blind_spot,single_blind_spot,1.7,wrong_factor,cross_category_swap,[0.0],1.0,1.0,1.0,0.75,左前方存豁口盲区，自车应减速行驶通过。,前方存在锥桶占道，影响自车通行，自车应减速行驶通过。
865,97,blind_spot,single_blind_spot,1,unsafe_action,,[1.0],1.0,0.0,1.0,0.75,左前方存豁口盲区，自车应减速行驶通过。,左前方存豁口盲区，自车应加速通过。
866,98,lane_change,must_wait,5,complete,,[1.0],1.0,1.0,1.0,1.0,自车当前在原车道正常行驶，自车道前方多辆车速度较慢，影响自车通行效率，右侧车道通行效率较高且右侧有一黑色面包车速度较快，自车应等待其通过后再向右变更车道。,自车当前在原车道正常行驶，自车道前方多辆车速度较慢，影响自车通行效率，右侧车道通行效率较高且右侧有一黑色面包车速度较快，自车应等待其通过后再向右变更车道。
867,98,lane_change,must_wait,4,generalized,,[0.5],0.0,1.0,1.0,0.625,自车当前在原车道正常行驶，自车道前方多辆车速度较慢，影响自车通行效率，右侧车道通行效率较高且右侧有一黑色面包车速度较快，自车应等待其通过后再向右变更车道。,前方通行受阻，右侧车道具备换道条件，自车应向右变更车道。
868,98,lane_change,must_wait,3,missing_factor,,[0.0],1.0,1.0,0.0,0.5,自车当前在原车道正常行驶，自车道前方多辆车速度较慢，影响自车通行效率，右侧车道通行效率较高且右侧有一黑色面包车速度较快，自车应等待其通过后再向右变更车道。,自车当前在原车道正常行驶，自车道前方多辆车速度较慢，影响自车通行效率，自车应向右变更车道。
869,98,lane_change,must_wait,3,missing_factor,,[1.0],1.0,1.0,0.0,0.75,自车当前在原车道正常行驶，自车道前方多辆车速度较慢，影响自车通行效率，右侧车道通行效率较高且右侧有一黑色面包车速度较快，自车应等待其通过后再向右变更车道。,自车道前方多辆车速度较慢，影响自车通行效率，右侧车道通行效率较高且右侧有一黑色面包车速度较快，自车应向右变更车道。
870,98,lane_change,must_wait,3,missing_factor,,[1.0],1.0,1.0,0.0,0.75,自车当前在原车道正常行驶，自车道前方多辆车速度较慢，影响自车通行效率，右侧车道通行效率较高且右侧有一黑色面包车速度较快，自车应等待其通过后再向右变更车道。,自车当前在原车道正常行驶，右侧车道通行效率较高且右侧有一黑色面包车速度较快，自车应向右变更车道。
871,98,lane_change,must_wait,2.8,wrong_factor,direction_swap,[0.0],1.0,1.0,1.0,0.75,自车当前在原车道正常行驶，自车道前方多辆车速度较慢，影响自车通行效率，右侧车道通行效率较高且右侧有一黑色面包车速度较快，自车应等待其通过后再向右变更车道。,自车当前在原车道正常行驶，自车道前方多辆车速度较慢，影响自车通行效率，左侧车道通行效率较高且右侧有一黑色面包车速度较快，自车应等待其通过后再向右变更车道。
872,98,lane_change,must_wait,2.3,wrong_factor,same_category_subtype_swap,[0.75],1.0,1.0,1.0,0.9375,自车当前在原车道正常行驶，自车道前方多辆车速度较慢，影响自车通行效率，右侧车道通行效率较高且右侧有一黑色面包车速度较快，自车应等待其通过后再向右变更车道。,自车当前在原车道正常行驶，自车道前方多辆车速度较慢，影响自车通行效率，右侧车道通行效率较低且右侧有一黑色面包车速度较快，自车应等待其通过后再向右变更车道。
873,98,lane_change,must_wait,2.3,wrong_factor,same_category_subtype_swap,[1.0],1.0,1.0,1.0,1.0,自车当前在原车道正常行驶，自车道前方多辆车速度较慢，影响自车通行效率，右侧车道通行效率较高且右侧有一黑色面包车速度较快，自车应等待其通过后再向右变更车道。,自车当前在原车道正常行驶，自车道前方多辆车速度较快，影响自车通行效率，右侧车道通行效率较高且右侧有一黑色面包车速度较快，自车应等待其通过后再向右变更车道。
874,98,lane_change,must_wait,2.3,wrong_factor,same_category_subtype_swap,[0.75],1.0,1.0,1.0,0.9375,自车当前在原车道正常行驶，自车道前方多辆车速度较慢，影响自车通行效率，右侧车道通行效率较高且右侧有一黑色面包车速度较快，自车应等待其通过后再向右变更车道。,自车当前在原车道正常行驶，自车道前方多辆车速度较慢，影响自车通行效率，右侧车道通行效率较高且右侧有一黑色面包车速度较慢，自车应等待其通过后再向右变更车道。
875,98,lane_change,must_wait,1.7,wrong_factor,cross_category_swap,[0.0],1.0,1.0,0.0,0.5,自车当前在原车道正常行驶，自车道前方多辆车速度较慢，影响自车通行效率，右侧车道通行效率较高且右侧有一黑色面包车速度较快，自车应等待其通过后再向右变更车道。,前方存在车辆遮挡盲区，自车应向右变更车道。
876,98,lane_change,must_wait,1,unsafe_action,,[1.0],1.0,1.0,0.0,0.75,自车当前在原车道正常行驶，自车道前方多辆车速度较慢，影响自车通行效率，右侧车道通行效率较高且右侧有一黑色面包车速度较快，自车应等待其通过后再向右变更车道。,自车当前在原车道正常行驶，自车道前方多辆车速度较慢，影响自车通行效率，右侧车道通行效率较高且右侧有一黑色面包车速度较快，自车应向左变更车道。
877,99,lane_change,must_wait,5,complete,,[1.0],1.0,1.0,1.0,1.0,自车道前方存在防撞等施工设施，影响自车通行，左侧车道可通行且当前一辆红色货车速度较快，自车应等待其通过后向左变更车道。,自车道前方存在防撞等施工设施，影响自车通行，左侧车道可通行且当前一辆红色货车速度较快，自车应等待其通过后向左变更车道。
878,99,lane_change,must_wait,4,generalized,,[0.5],0.0,1.0,1.0,0.625,自车道前方存在防撞等施工设施，影响自车通行，左侧车道可通行且当前一辆红色货车速度较快，自车应等待其通过后向左变更车道。,前方通行受阻，左侧车道具备换道条件，自车应向左变更车道。
879,99,lane_change,must_wait,3,missing_factor,,[0.0],1.0,1.0,0.0,0.5,自车道前方存在防撞等施工设施，影响自车通行，左侧车道可通行且当前一辆红色货车速度较快，自车应等待其通过后向左变更车道。,自车道前方存在防撞等施工设施，影响自车通行，自车应向左变更车道。
880,99,lane_change,must_wait,3,missing_factor,,[1.0],1.0,1.0,0.0,0.75,自车道前方存在防撞等施工设施，影响自车通行，左侧车道可通行且当前一辆红色货车速度较快，自车应等待其通过后向左变更车道。,影响自车通行，左侧车道可通行且当前一辆红色货车速度较快，自车应向左变更车道。
881,99,lane_change,must_wait,3,missing_factor,,[1.0],1.0,1.0,0.0,0.75,自车道前方存在防撞等施工设施，影响自车通行，左侧车道可通行且当前一辆红色货车速度较快，自车应等待其通过后向左变更车道。,自车道前方存在防撞等施工设施，左侧车道可通行且当前一辆红色货车速度较快，自车应向左变更车道。
882,99,lane_change,must_wait,2.8,wrong_factor,direction_swap,[0.0],1.0,1.0,1.0,0.75,自车道前方存在防撞等施工设施，影响自车通行，左侧车道可通行且当前一辆红色货车速度较快，自车应等待其通过后向左变更车道。,自车道前方存在防撞等施工设施，影响自车通行，右侧车道可通行且当前一辆红色货车速度较快，自车应等待其通过后向左变更车道。
883,99,lane_change,must_wait,2.3,wrong_factor,same_category_subtype_swap,[0.75],1.0,1.0,1.0,0.9375,自车道前方存在防撞等施工设施，影响自车通行，左侧车道可通行且当前一辆红色货车速度较快，自车应等待其通过后向左变更车道。,自车道前方存在防撞等施工设施，影响自车通行，左侧车道可通行且当前一辆红色货车速度较慢，自车应等待其通过后向左变更车道。
884,99,lane_change,must_wait,1.7,wrong_factor,cross_category_swap,[0.0],1.0,1.0,0.0,0.5,自车道前方存在防撞等施工设施，影响自车通行，左侧车道可通行且当前一辆红色货车速度较快，自车应等待其通过后向左变更车道。,前方存在车辆遮挡盲区，自车应向左变更车道。
885,99,lane_change,must_wait,1,unsafe_action,,[1.0],1.0,1.0,0.0,0.75,自车道前方存在防撞等施工设施，影响自车通行，左侧车道可通行且当前一辆红色货车速度较快，自车应等待其通过后向左变更车道。,自车道前方存在防撞等施工设施，影响自车通行，左侧车道可通行且当前一辆红色货车速度较快，自车应向右变更车道。
886,100,obstacle_avoidance,static_obstacle_blocking_lane,5,complete,,[1.0],1.0,1.0,1.0,1.0,自车当前在原车道正常行驶，右前方有公交车占道停靠，自车应向左避障。,自车当前在原车道正常行驶，右前方有公交车占道停靠，自车应向左避障。
887,100,obstacle_avoidance,static_obstacle_blocking_lane,4,generalized,,[0.25],1.0,1.0,1.0,0.8125,自车当前在原车道正常行驶，右前方有公交车占道停靠，自车应向左避障。,前方存在障碍物影响通行，自车应向左避障。
888,100,obstacle_avoidance,static_obstacle_blocking_lane,3,missing_factor,,[0.0],1.0,1.0,1.0,0.75,自车当前在原车道正常行驶，右前方有公交车占道停靠，自车应向左避障。,自车当前在原车道正常行驶，自车应向左避障。
889,100,obstacle_avoidance,static_obstacle_blocking_lane,3,missing_factor,,[1.0],1.0,1.0,1.0,1.0,自车当前在原车道正常行驶，右前方有公交车占道停靠，自车应向左避障。,右前方有公交车占道停靠，自车应向左避障。
890,100,obstacle_avoidance,static_obstacle_blocking_lane,2.8,wrong_factor,direction_swap,[0.75],1.0,1.0,1.0,0.9375,自车当前在原车道正常行驶，右前方有公交车占道停靠，自车应向左避障。,自车当前在原车道正常行驶，左前方有公交车占道停靠，自车应向左避障。
891,100,obstacle_avoidance,static_obstacle_blocking_lane,2.3,wrong_factor,same_category_subtype_swap,[0.75],1.0,1.0,1.0,0.9375,自车当前在原车道正常行驶，右前方有公交车占道停靠，自车应向左避障。,自车当前在原车道正常行驶，右前方有工程车占道停靠，自车应向左避障。
892,100,obstacle_avoidance,static_obstacle_blocking_lane,1.7,wrong_factor,cross_category_swap,[0.0],1.0,1.0,1.0,0.75,自车当前在原车道正常行驶，右前方有公交车占道停靠，自车应向左避障。,前方存在车辆遮挡盲区，自车应向左避障。
893,100,obstacle_avoidance,static_obstacle_blocking_lane,1,unsafe_action,,[1.0],1.0,1.0,1.0,1.0,自车当前在原车道正常行驶，右前方有公交车占道停靠，自车应向左避障。,自车当前在原车道正常行驶，右前方有公交车占道停靠，自车应向右避障。
894,101,blind_spot,single_blind_spot,5,complete,,[1.0],1.0,1.0,1.0,1.0,正前方存在环岛盲区，自车应减速行驶通过。,正前方存在环岛盲区，自车应减速行驶通过。
895,101,blind_spot,single_blind_spot,4,generalized,,[0.5],1.0,1.0,1.0,0.875,正前方存在环岛盲区，自车应减速行驶通过。,前方存在盲区风险，自车应减速行驶通过。
896,101,blind_spot,single_blind_spot,3,missing_factor,,[0.75],1.0,1.0,1.0,0.9375,正前方存在环岛盲区，自车应减速行驶通过。,正前方存在盲区，自车应减速行驶通过。
897,101,blind_spot,single_blind_spot,2.3,wrong_factor,same_category_subtype_swap,[0.75],1.0,1.0,1.0,0.9375,正前方存在环岛盲区，自车应减速行驶通过。,正前方存在匝道盲区，自车应减速行驶通过。
898,101,blind_spot,single_blind_spot,1.7,wrong_factor,cross_category_swap,[0.0],1.0,1.0,1.0,0.75,正前方存在环岛盲区，自车应减速行驶通过。,正前方存在事故车占道，自车应减速行驶通过。
899,101,blind_spot,single_blind_spot,1.7,wrong_factor,cross_category_swap,[0.0],1.0,1.0,1.0,0.75,正前方存在环岛盲区，自车应减速行驶通过。,前方存在锥桶占道，影响自车通行，自车应减速行驶通过。
900,101,blind_spot,single_blind_spot,1,unsafe_action,,[1.0],1.0,0.0,1.0,0.75,正前方存在环岛盲区，自车应减速行驶通过。,正前方存在环岛盲区，自车应加速通过。
901,102,lane_change,proactive_slow_ahead,5,complete,,"[1.0, 1.0]",1.0,1.0,1.0,1.0,自车当前正在顺行，自车道前方有较多车辆行驶缓慢，左侧车道较为通畅，左后方无来车，自车应向左变更车道。,自车当前正在顺行，自车道前方有较多车辆行驶缓慢，左侧车道较为通畅，左后方无来车，自车应向左变更车道。
902,102,lane_change,proactive_slow_ahead,4,generalized,,"[0.5, 0.0]",0.0,1.0,0.0,0.3,自车当前正在顺行，自车道前方有较多车辆行驶缓慢，左侧车道较为通畅，左后方无来车，自车应向左变更车道。,前方通行受阻，左侧车道具备换道条件，自车应向左变更车道。
903,102,lane_change,proactive_slow_ahead,3,missing_factor,,"[1.0, 0.0]",1.0,1.0,1.0,0.8,自车当前正在顺行，自车道前方有较多车辆行驶缓慢，左侧车道较为通畅，左后方无来车，自车应向左变更车道。,自车当前正在顺行，自车道前方有较多车辆行驶缓慢，左侧车道较为通畅，自车应向左变更车道。
904,102,lane_change,proactive_slow_ahead,3,missing_factor,,"[1.0, 1.0]",1.0,1.0,1.0,1.0,自车当前正在顺行，自车道前方有较多车辆行驶缓慢，左侧车道较为通畅，左后方无来车，自车应向左变更车道。,自车道前方有较多车辆行驶缓慢，左侧车道较为通畅，左后方无来车，自车应向左变更车道。
905,102,lane_change,proactive_slow_ahead,3,missing_factor,,"[0.0, 1.0]",1.0,1.0,1.0,0.8,自车当前正在顺行，自车道前方有较多车辆行驶缓慢，左侧车道较为通畅，左后方无来车，自车应向左变更车道。,自车当前正在顺行，左后方无来车，自车应向左变更车道。
906,102,lane_change,proactive_slow_ahead,2.8,wrong_factor,direction_swap,"[0.0, 1.0]",1.0,1.0,1.0,0.8,自车当前正在顺行，自车道前方有较多车辆行驶缓慢，左侧车道较为通畅，左后方无来车，自车应向左变更车道。,自车当前正在顺行，自车道前方有较多车辆行驶缓慢，右侧车道较为通畅，左后方无来车，自车应向左变更车道。
907,102,lane_change,proactive_slow_ahead,2.8,wrong_factor,direction_swap,"[1.0, 0.75]",1.0,1.0,1.0,0.95,自车当前正在顺行，自车道前方有较多车辆行驶缓慢，左侧车道较为通畅，左后方无来车，自车应向左变更车道。,自车当前正在顺行，自车道前方有较多车辆行驶缓慢，左侧车道较为通畅，右后方无来车，自车应向左变更车道。
908,102,lane_change,proactive_slow_ahead,2.3,wrong_factor,same_category_subtype_swap,"[1.0, 0.75]",1.0,1.0,1.0,0.95,自车当前正在顺行，自车道前方有较多车辆行驶缓慢，左侧车道较为通畅，左后方无来车，自车应向左变更车道。,自车当前正在顺行，自车道前方有较多车辆行驶缓慢，左侧车道较为通畅，左后方有快速来车，自车应向左变更车道。
909,102,lane_change,proactive_slow_ahead,1.7,wrong_factor,cross_category_swap,"[0.0, 0.0]",1.0,1.0,1.0,0.6,自车当前正在顺行，自车道前方有较多车辆行驶缓慢，左侧车道较为通畅，左后方无来车，自车应向左变更车道。,前方存在车辆遮挡盲区，自车应向左变更车道。
910,102,lane_change,proactive_slow_ahead,1,unsafe_action,,"[1.0, 1.0]",1.0,1.0,1.0,1.0,自车当前正在顺行，自车道前方有较多车辆行驶缓慢，左侧车道较为通畅，左后方无来车，自车应向左变更车道。,自车当前正在顺行，自车道前方有较多车辆行驶缓慢，左侧车道较为通畅，左后方无来车，自车应向右变更车道。
911,103,traffic_signal,green_light_go,5,complete,,"[1.0, 1.0]",1.0,1.0,1.0,1.0,自车当前在原车道正常行驶前方有多辆汽车等待红绿灯，影响自车通行效率，右侧车道正常通行，效率较高，右后方有一辆黄色出租车速度较快，自车应等待其通过后再向右变更车道。,自车当前在原车道正常行驶前方有多辆汽车等待红绿灯，影响自车通行效率，右侧车道正常通行，效率较高，右后方有一辆黄色出租车速度较快，自车应等待其通过后再向右变更车道。
912,103,traffic_signal,green_light_go,4,generalized,,"[0.0, 0.0]",1.0,1.0,1.0,0.6,自车当前在原车道正常行驶前方有多辆汽车等待红绿灯，影响自车通行效率，右侧车道正常通行，效率较高，右后方有一辆黄色出租车速度较快，自车应等待其通过后再向右变更车道。,当前路口信号允许通行，自车应向右变更车道。
913,103,traffic_signal,green_light_go,3,missing_factor,,"[1.0, 0.0]",1.0,1.0,1.0,0.8,自车当前在原车道正常行驶前方有多辆汽车等待红绿灯，影响自车通行效率，右侧车道正常通行，效率较高，右后方有一辆黄色出租车速度较快，自车应等待其通过后再向右变更车道。,自车当前在原车道正常行驶前方有多辆汽车等待红绿灯，影响自车通行效率，右侧车道正常通行，效率较高，自车应向右变更车道。
914,103,traffic_signal,green_light_go,3,missing_factor,,"[1.0, 1.0]",1.0,1.0,0.0,0.8,自车当前在原车道正常行驶前方有多辆汽车等待红绿灯，影响自车通行效率，右侧车道正常通行，效率较高，右后方有一辆黄色出租车速度较快，自车应等待其通过后再向右变更车道。,影响自车通行效率，右侧车道正常通行，效率较高，右后方有一辆黄色出租车速度较快，自车应向右变更车道。
915,103,traffic_signal,green_light_go,3,missing_factor,,"[0.0, 1.0]",1.0,1.0,1.0,0.8,自车当前在原车道正常行驶前方有多辆汽车等待红绿灯，影响自车通行效率，右侧车道正常通行，效率较高，右后方有一辆黄色出租车速度较快，自车应等待其通过后再向右变更车道。,自车当前在原车道正常行驶前方有多辆汽车等待红绿灯，右后方有一辆黄色出租车速度较快，自车应向右变更车道。
916,103,traffic_signal,green_light_go,2.8,wrong_factor,direction_swap,"[0.0, 1.0]",1.0,1.0,1.0,0.8,自车当前在原车道正常行驶前方有多辆汽车等待红绿灯，影响自车通行效率，右侧车道正常通行，效率较高，右后方有一辆黄色出租车速度较快，自车应等待其通过后再向右变更车道。,自车当前在原车道正常行驶前方有多辆汽车等待红绿灯，影响自车通行效率，左侧车道正常通行，效率较高，右后方有一辆黄色出租车速度较快，自车应等待其通过后再向右变更车道。
917,103,traffic_signal,green_light_go,2.8,wrong_factor,direction_swap,"[1.0, 0.75]",1.0,1.0,1.0,0.95,自车当前在原车道正常行驶前方有多辆汽车等待红绿灯，影响自车通行效率，右侧车道正常通行，效率较高，右后方有一辆黄色出租车速度较快，自车应等待其通过后再向右变更车道。,自车当前在原车道正常行驶前方有多辆汽车等待红绿灯，影响自车通行效率，右侧车道正常通行，效率较高，左后方有一辆黄色出租车速度较快，自车应等待其通过后再向右变更车道。
918,103,traffic_signal,green_light_go,2.3,wrong_factor,same_category_subtype_swap,"[1.0, 0.75]",1.0,1.0,1.0,0.95,自车当前在原车道正常行驶前方有多辆汽车等待红绿灯，影响自车通行效率，右侧车道正常通行，效率较高，右后方有一辆黄色出租车速度较快，自车应等待其通过后再向右变更车道。,自车当前在原车道正常行驶前方有多辆汽车等待红绿灯，影响自车通行效率，右侧车道正常通行，效率较高，右后方有一辆绿色出租车速度较快，自车应等待其通过后再向右变更车道。
919,103,traffic_signal,green_light_go,2.3,wrong_factor,same_category_subtype_swap,"[1.0, 1.0]",1.0,1.0,1.0,1.0,自车当前在原车道正常行驶前方有多辆汽车等待红绿灯，影响自车通行效率，右侧车道正常通行，效率较高，右后方有一辆黄色出租车速度较快，自车应等待其通过后再向右变更车道。,自车当前在原车道正常行驶前方有多辆汽车等待红红灯，影响自车通行效率，右侧车道正常通行，效率较高，右后方有一辆黄色出租车速度较快，自车应等待其通过后再向右变更车道。
920,103,traffic_signal,green_light_go,1.7,wrong_factor,cross_category_swap,"[0.0, 0.0]",1.0,1.0,0.0,0.4,自车当前在原车道正常行驶前方有多辆汽车等待红绿灯，影响自车通行效率，右侧车道正常通行，效率较高，右后方有一辆黄色出租车速度较快，自车应等待其通过后再向右变更车道。,前方存在施工区域占道，自车应向右变更车道。
921,103,traffic_signal,green_light_go,1,unsafe_action,,"[1.0, 1.0]",1.0,1.0,1.0,1.0,自车当前在原车道正常行驶前方有多辆汽车等待红绿灯，影响自车通行效率，右侧车道正常通行，效率较高，右后方有一辆黄色出租车速度较快，自车应等待其通过后再向右变更车道。,自车当前在原车道正常行驶前方有多辆汽车等待红绿灯，影响自车通行效率，右侧车道正常通行，效率较高，右后方有一辆黄色出租车速度较快，自车应向左变更车道。
922,104,blind_spot,combined_blind_spots,5,complete,,"[1.0, 1.0]",1.0,1.0,1.0,1.0,右前方存在豁口盲区，左前方存在车辆遮挡盲区，自车应减速行驶通过。,右前方存在豁口盲区，左前方存在车辆遮挡盲区，自车应减速行驶通过。
923,104,blind_spot,combined_blind_spots,4,generalized,,"[0.25, 0.0]",1.0,1.0,1.0,0.65,右前方存在豁口盲区，左前方存在车辆遮挡盲区，自车应减速行驶通过。,前方存在盲区风险，自车应减速行驶通过。
924,104,blind_spot,combined_blind_spots,3,missing_factor,,"[1.0, 0.0]",1.0,1.0,1.0,0.8,右前方存在豁口盲区，左前方存在车辆遮挡盲区，自车应减速行驶通过。,右前方存在豁口盲区，自车应减速行驶通过。
925,104,blind_spot,combined_blind_spots,3,missing_factor,,"[0.0, 1.0]",1.0,1.0,1.0,0.8,右前方存在豁口盲区，左前方存在车辆遮挡盲区，自车应减速行驶通过。,左前方存在车辆遮挡盲区，自车应减速行驶通过。
926,104,blind_spot,combined_blind_spots,3,missing_factor,,"[0.5, 0.0]",1.0,1.0,1.0,0.7,右前方存在豁口盲区，左前方存在车辆遮挡盲区，自车应减速行驶通过。,前方存在盲区，自车应减速行驶通过。
927,104,blind_spot,combined_blind_spots,2.8,wrong_factor,direction_swap,"[1.0, 0.75]",1.0,1.0,1.0,0.95,右前方存在豁口盲区，左前方存在车辆遮挡盲区，自车应减速行驶通过。,右前方存在豁口盲区，右前方存在车辆遮挡盲区，自车应减速行驶通过。
928,104,blind_spot,combined_blind_spots,2.8,wrong_factor,direction_swap,"[0.75, 1.0]",1.0,1.0,1.0,0.95,右前方存在豁口盲区，左前方存在车辆遮挡盲区，自车应减速行驶通过。,左前方存在豁口盲区，左前方存在车辆遮挡盲区，自车应减速行驶通过。
929,104,blind_spot,combined_blind_spots,2.3,wrong_factor,same_category_subtype_swap,"[1.0, 0.5]",1.0,1.0,1.0,0.9,右前方存在豁口盲区，左前方存在车辆遮挡盲区，自车应减速行驶通过。,右前方存在豁口盲区，左前方存在豁口盲区，自车应减速行驶通过。
930,104,blind_spot,combined_blind_spots,2.3,wrong_factor,same_category_subtype_swap,"[0.5, 1.0]",1.0,1.0,1.0,0.9,右前方存在豁口盲区，左前方存在车辆遮挡盲区，自车应减速行驶通过。,右前方存在车辆遮挡盲区，左前方存在车辆遮挡盲区，自车应减速行驶通过。
931,104,blind_spot,combined_blind_spots,1.7,wrong_factor,cross_category_swap,"[1.0, 0.0]",1.0,1.0,1.0,0.8,右前方存在豁口盲区，左前方存在车辆遮挡盲区，自车应减速行驶通过。,右前方存在豁口盲区，左前方存在施工区域占道，自车应减速行驶通过。
932,104,blind_spot,combined_blind_spots,1.7,wrong_factor,cross_category_swap,"[0.0, 1.0]",1.0,0.5,1.0,0.7,右前方存在豁口盲区，左前方存在车辆遮挡盲区，自车应减速行驶通过。,右前方存在车辆占道停车，左前方存在车辆遮挡盲区，自车应减速行驶通过。
933,104,blind_spot,combined_blind_spots,1.7,wrong_factor,cross_category_swap,"[0.0, 0.0]",1.0,1.0,1.0,0.6,右前方存在豁口盲区，左前方存在车辆遮挡盲区，自车应减速行驶通过。,前方存在锥桶占道，影响自车通行，自车应减速行驶通过。
934,104,blind_spot,combined_blind_spots,1,unsafe_action,,"[1.0, 1.0]",1.0,0.0,1.0,0.8,右前方存在豁口盲区，左前方存在车辆遮挡盲区，自车应减速行驶通过。,右前方存在豁口盲区，左前方存在车辆遮挡盲区，自车应加速通过。
935,105,obstacle_avoidance,static_obstacle_blocking_lane,5,complete,,[1.0],1.0,1.0,1.0,1.0,自车当前在原车道正常行驶，右前方有黑色suv占道停靠，对向车道有两名两轮骑行者正在行驶，自车应减速让行后再向左避障。,自车当前在原车道正常行驶，右前方有黑色suv占道停靠，对向车道有两名两轮骑行者正在行驶，自车应减速让行后再向左避障。
936,105,obstacle_avoidance,static_obstacle_blocking_lane,4,generalized,,[0.25],0.0,1.0,1.0,0.5625,自车当前在原车道正常行驶，右前方有黑色suv占道停靠，对向车道有两名两轮骑行者正在行驶，自车应减速让行后再向左避障。,前方存在障碍物影响通行，自车应减速让行。
937,105,obstacle_avoidance,static_obstacle_blocking_lane,3,missing_factor,,[1.0],0.0,1.0,1.0,0.75,自车当前在原车道正常行驶，右前方有黑色suv占道停靠，对向车道有两名两轮骑行者正在行驶，自车应减速让行后再向左避障。,自车当前在原车道正常行驶，右前方有黑色suv占道停靠，自车应减速让行。
938,105,obstacle_avoidance,static_obstacle_blocking_lane,3,missing_factor,,[1.0],0.0,1.0,1.0,0.75,自车当前在原车道正常行驶，右前方有黑色suv占道停靠，对向车道有两名两轮骑行者正在行驶，自车应减速让行后再向左避障。,右前方有黑色suv占道停靠，对向车道有两名两轮骑行者正在行驶，自车应减速让行。
939,105,obstacle_avoidance,static_obstacle_blocking_lane,3,missing_factor,,[0.0],0.0,1.0,1.0,0.5,自车当前在原车道正常行驶，右前方有黑色suv占道停靠，对向车道有两名两轮骑行者正在行驶，自车应减速让行后再向左避障。,自车当前在原车道正常行驶，对向车道有两名两轮骑行者正在行驶，自车应减速让行。
940,105,obstacle_avoidance,static_obstacle_blocking_lane,2.8,wrong_factor,direction_swap,[0.75],1.0,1.0,1.0,0.9375,自车当前在原车道正常行驶，右前方有黑色suv占道停靠，对向车道有两名两轮骑行者正在行驶，自车应减速让行后再向左避障。,自车当前在原车道正常行驶，左前方有黑色suv占道停靠，对向车道有两名两轮骑行者正在行驶，自车应减速让行后再向左避障。
941,105,obstacle_avoidance,static_obstacle_blocking_lane,2.3,wrong_factor,same_category_subtype_swap,[1.0],1.0,1.0,1.0,1.0,自车当前在原车道正常行驶，右前方有黑色suv占道停靠，对向车道有两名两轮骑行者正在行驶，自车应减速让行后再向左避障。,自车当前在原车道正常行驶，右前方有黑色suv占道停靠，对向车道有两名三轮骑行者正在行驶，自车应减速让行后再向左避障。
942,105,obstacle_avoidance,static_obstacle_blocking_lane,1.7,wrong_factor,cross_category_swap,[0.0],0.0,1.0,1.0,0.5,自车当前在原车道正常行驶，右前方有黑色suv占道停靠，对向车道有两名两轮骑行者正在行驶，自车应减速让行后再向左避障。,前方存在车辆遮挡盲区，自车应减速让行。
943,105,obstacle_avoidance,static_obstacle_blocking_lane,1,unsafe_action,,[1.0],0.0,0.0,0.0,0.25,自车当前在原车道正常行驶，右前方有黑色suv占道停靠，对向车道有两名两轮骑行者正在行驶，自车应减速让行后再向左避障。,自车当前在原车道正常行驶，右前方有黑色suv占道停靠，对向车道有两名两轮骑行者正在行驶，自车应加速通过。
944,106,blind_spot,combined_blind_spots,5,complete,,"[1.0, 1.0]",1.0,1.0,1.0,1.0,右前方存在匝道盲区，左前方存在弯道盲区，自车应减速行驶通过。,右前方存在匝道盲区，左前方存在弯道盲区，自车应减速行驶通过。
945,106,blind_spot,combined_blind_spots,4,generalized,,"[0.25, 0.0]",1.0,1.0,1.0,0.65,右前方存在匝道盲区，左前方存在弯道盲区，自车应减速行驶通过。,前方存在盲区风险，自车应减速行驶通过。
946,106,blind_spot,combined_blind_spots,3,missing_factor,,"[1.0, 0.0]",1.0,1.0,1.0,0.8,右前方存在匝道盲区，左前方存在弯道盲区，自车应减速行驶通过。,右前方存在匝道盲区，自车应减速行驶通过。
947,106,blind_spot,combined_blind_spots,3,missing_factor,,"[0.0, 1.0]",1.0,1.0,1.0,0.8,右前方存在匝道盲区，左前方存在弯道盲区，自车应减速行驶通过。,左前方存在弯道盲区，自车应减速行驶通过。
948,106,blind_spot,combined_blind_spots,3,missing_factor,,"[0.5, 0.0]",1.0,1.0,1.0,0.7,右前方存在匝道盲区，左前方存在弯道盲区，自车应减速行驶通过。,前方存在盲区，自车应减速行驶通过。
949,106,blind_spot,combined_blind_spots,2.8,wrong_factor,direction_swap,"[1.0, 0.75]",1.0,1.0,1.0,0.95,右前方存在匝道盲区，左前方存在弯道盲区，自车应减速行驶通过。,右前方存在匝道盲区，右前方存在弯道盲区，自车应减速行驶通过。
950,106,blind_spot,combined_blind_spots,2.8,wrong_factor,direction_swap,"[0.75, 1.0]",1.0,1.0,1.0,0.95,右前方存在匝道盲区，左前方存在弯道盲区，自车应减速行驶通过。,左前方存在匝道盲区，左前方存在弯道盲区，自车应减速行驶通过。
951,106,blind_spot,combined_blind_spots,2.3,wrong_factor,same_category_subtype_swap,"[1.0, 0.5]",1.0,1.0,1.0,0.9,右前方存在匝道盲区，左前方存在弯道盲区，自车应减速行驶通过。,右前方存在匝道盲区，左前方存在无灯路口盲区，自车应减速行驶通过。
952,106,blind_spot,combined_blind_spots,2.3,wrong_factor,same_category_subtype_swap,"[0.5, 1.0]",1.0,1.0,1.0,0.9,右前方存在匝道盲区，左前方存在弯道盲区，自车应减速行驶通过。,右前方存在环岛盲区，左前方存在弯道盲区，自车应减速行驶通过。
953,106,blind_spot,combined_blind_spots,1.7,wrong_factor,cross_category_swap,"[1.0, 0.0]",1.0,1.0,1.0,0.8,右前方存在匝道盲区，左前方存在弯道盲区，自车应减速行驶通过。,右前方存在匝道盲区，左前方存在减速带，自车应减速行驶通过。
954,106,blind_spot,combined_blind_spots,1.7,wrong_factor,cross_category_swap,"[0.0, 1.0]",1.0,1.0,1.0,0.8,右前方存在匝道盲区，左前方存在弯道盲区，自车应减速行驶通过。,右前方存在积水路面，左前方存在弯道盲区，自车应减速行驶通过。
955,106,blind_spot,combined_blind_spots,1.7,wrong_factor,cross_category_swap,"[0.0, 0.0]",1.0,1.0,1.0,0.6,右前方存在匝道盲区，左前方存在弯道盲区，自车应减速行驶通过。,前方存在锥桶占道，影响自车通行，自车应减速行驶通过。
956,106,blind_spot,combined_blind_spots,1,unsafe_action,,"[1.0, 1.0]",1.0,0.0,1.0,0.8,右前方存在匝道盲区，左前方存在弯道盲区，自车应减速行驶通过。,右前方存在匝道盲区，左前方存在弯道盲区，自车应加速通过。
957,107,blind_spot,single_blind_spot,5,complete,,[1.0],1.0,1.0,1.0,1.0,前方存在坡道盲区，自车应减速通过。,前方存在坡道盲区，自车应减速通过。
958,107,blind_spot,single_blind_spot,4,generalized,,[0.5],1.0,1.0,1.0,0.875,前方存在坡道盲区，自车应减速通过。,前方存在盲区风险，自车应减速行驶通过。
959,107,blind_spot,single_blind_spot,3,missing_factor,,[0.75],1.0,1.0,1.0,0.9375,前方存在坡道盲区，自车应减速通过。,前方存在盲区，自车应减速行驶通过。
960,107,blind_spot,single_blind_spot,2.3,wrong_factor,same_category_subtype_swap,[0.5],1.0,1.0,1.0,0.875,前方存在坡道盲区，自车应减速通过。,前方存在豁口盲区，自车应减速通过。
961,107,blind_spot,single_blind_spot,1.7,wrong_factor,cross_category_swap,[0.0],1.0,1.0,0.0,0.5,前方存在坡道盲区，自车应减速通过。,前方存在车辆切入自车道，自车应减速通过。
962,107,blind_spot,single_blind_spot,1.7,wrong_factor,cross_category_swap,[0.0],1.0,1.0,1.0,0.75,前方存在坡道盲区，自车应减速通过。,前方存在锥桶占道，影响自车通行，自车应减速行驶通过。
963,107,blind_spot,single_blind_spot,1,unsafe_action,,[1.0],1.0,0.0,1.0,0.75,前方存在坡道盲区，自车应减速通过。,前方存在坡道盲区，自车应加速通过。
964,108,lane_change,reactive_obstacle_blocking,5,complete,,"[1.0, 1.0, 1.0]",1.0,1.0,1.0,1.0,自车当前在原车道正常行驶，自车道前方有一辆黄色货车未行驶占据自车道，阻挡自车通行，左侧车道正常通行，左侧车道通行效率较高，左后方无来车，自车应向左变更车道。,自车当前在原车道正常行驶，自车道前方有一辆黄色货车未行驶占据自车道，阻挡自车通行，左侧车道正常通行，左侧车道通行效率较高，左后方无来车，自车应向左变更车道。
965,108,lane_change,reactive_obstacle_blocking,4,generalized,,"[0.5, 0.0, 0.0]",0.0,1.0,0.0,0.25,自车当前在原车道正常行驶，自车道前方有一辆黄色货车未行驶占据自车道，阻挡自车通行，左侧车道正常通行，左侧车道通行效率较高，左后方无来车，自车应向左变更车道。,前方通行受阻，左侧车道具备换道条件，自车应向左变更车道。
966,108,lane_change,reactive_obstacle_blocking,3,missing_factor,,"[1.0, 1.0, 0.0]",1.0,1.0,1.0,0.8333,自车当前在原车道正常行驶，自车道前方有一辆黄色货车未行驶占据自车道，阻挡自车通行，左侧车道正常通行，左侧车道通行效率较高，左后方无来车，自车应向左变更车道。,自车当前在原车道正常行驶，自车道前方有一辆黄色货车未行驶占据自车道，阻挡自车通行，左侧车道正常通行，左侧车道通行效率较高，自车应向左变更车道。
967,108,lane_change,reactive_obstacle_blocking,3,missing_factor,,"[1.0, 1.0, 1.0]",1.0,1.0,1.0,1.0,自车当前在原车道正常行驶，自车道前方有一辆黄色货车未行驶占据自车道，阻挡自车通行，左侧车道正常通行，左侧车道通行效率较高，左后方无来车，自车应向左变更车道。,自车道前方有一辆黄色货车未行驶占据自车道，阻挡自车通行，左侧车道正常通行，左侧车道通行效率较高，左后方无来车，自车应向左变更车道。
968,108,lane_change,reactive_obstacle_blocking,3,missing_factor,,"[0.0, 0.0, 1.0]",1.0,1.0,1.0,0.6667,自车当前在原车道正常行驶，自车道前方有一辆黄色货车未行驶占据自车道，阻挡自车通行，左侧车道正常通行，左侧车道通行效率较高，左后方无来车，自车应向左变更车道。,自车当前在原车道正常行驶，左后方无来车，自车应向左变更车道。
969,108,lane_change,reactive_obstacle_blocking,2.8,wrong_factor,direction_swap,"[0.0, 1.0, 1.0]",1.0,1.0,1.0,0.8333,自车当前在原车道正常行驶，自车道前方有一辆黄色货车未行驶占据自车道，阻挡自车通行，左侧车道正常通行，左侧车道通行效率较高，左后方无来车，自车应向左变更车道。,自车当前在原车道正常行驶，自车道前方有一辆黄色货车未行驶占据自车道，阻挡自车通行，右侧车道正常通行，左侧车道通行效率较高，左后方无来车，自车应向左变更车道。
970,108,lane_change,reactive_obstacle_blocking,2.8,wrong_factor,direction_swap,"[1.0, 1.0, 0.75]",1.0,1.0,1.0,0.9583,自车当前在原车道正常行驶，自车道前方有一辆黄色货车未行驶占据自车道，阻挡自车通行，左侧车道正常通行，左侧车道通行效率较高，左后方无来车，自车应向左变更车道。,自车当前在原车道正常行驶，自车道前方有一辆黄色货车未行驶占据自车道，阻挡自车通行，左侧车道正常通行，左侧车道通行效率较高，右后方无来车，自车应向左变更车道。
971,108,lane_change,reactive_obstacle_blocking,2.3,wrong_factor,same_category_subtype_swap,"[0.75, 1.0, 1.0]",1.0,1.0,1.0,0.9583,自车当前在原车道正常行驶，自车道前方有一辆黄色货车未行驶占据自车道，阻挡自车通行，左侧车道正常通行，左侧车道通行效率较高，左后方无来车，自车应向左变更车道。,自车当前在原车道正常行驶，自车道前方有一辆黄色货车未行驶占据自车道，阻挡自车通行，左侧车道通行效率较低，左侧车道通行效率较高，左后方无来车，自车应向左变更车道。
972,108,lane_change,reactive_obstacle_blocking,2.3,wrong_factor,same_category_subtype_swap,"[1.0, 0.75, 1.0]",1.0,1.0,1.0,0.9583,自车当前在原车道正常行驶，自车道前方有一辆黄色货车未行驶占据自车道，阻挡自车通行，左侧车道正常通行，左侧车道通行效率较高，左后方无来车，自车应向左变更车道。,自车当前在原车道正常行驶，自车道前方有一辆黄色货车未行驶占据自车道，阻挡自车通行，左侧车道正常通行，左侧车道通行效率较低，左后方无来车，自车应向左变更车道。
973,108,lane_change,reactive_obstacle_blocking,2.3,wrong_factor,same_category_subtype_swap,"[1.0, 1.0, 0.75]",1.0,1.0,1.0,0.9583,自车当前在原车道正常行驶，自车道前方有一辆黄色货车未行驶占据自车道，阻挡自车通行，左侧车道正常通行，左侧车道通行效率较高，左后方无来车，自车应向左变更车道。,自车当前在原车道正常行驶，自车道前方有一辆黄色货车未行驶占据自车道，阻挡自车通行，左侧车道正常通行，左侧车道通行效率较高，左后方有快速来车，自车应向左变更车道。
974,108,lane_change,reactive_obstacle_blocking,1.7,wrong_factor,cross_category_swap,"[0.0, 0.0, 0.0]",1.0,1.0,1.0,0.5,自车当前在原车道正常行驶，自车道前方有一辆黄色货车未行驶占据自车道，阻挡自车通行，左侧车道正常通行，左侧车道通行效率较高，左后方无来车，自车应向左变更车道。,前方存在车辆遮挡盲区，自车应向左变更车道。
975,108,lane_change,reactive_obstacle_blocking,1,unsafe_action,,"[1.0, 1.0, 1.0]",1.0,1.0,1.0,1.0,自车当前在原车道正常行驶，自车道前方有一辆黄色货车未行驶占据自车道，阻挡自车通行，左侧车道正常通行，左侧车道通行效率较高，左后方无来车，自车应向左变更车道。,自车当前在原车道正常行驶，自车道前方有一辆黄色货车未行驶占据自车道，阻挡自车通行，左侧车道正常通行，左侧车道通行效率较高，左后方无来车，自车应向右变更车道。
976,109,curve,curve_geometry,5,complete,,"[1.0, 1.0]",1.0,1.0,1.0,1.0,前方大曲率弯道，前方存在白色车辆正在刹车减速，自车应与前车保持安全距离减速通过弯道。,前方大曲率弯道，前方存在白色车辆正在刹车减速，自车应与前车保持安全距离减速通过弯道。
977,109,curve,curve_geometry,4,generalized,,"[0.5, 0.0]",1.0,1.0,0.0,0.5,前方大曲率弯道，前方存在白色车辆正在刹车减速，自车应与前车保持安全距离减速通过弯道。,前方存在弯道风险，自车应减速行驶通过。
978,109,curve,curve_geometry,3,missing_factor,,"[1.0, 0.0]",1.0,1.0,0.0,0.6,前方大曲率弯道，前方存在白色车辆正在刹车减速，自车应与前车保持安全距离减速通过弯道。,前方大曲率弯道，自车应减速行驶通过。
979,109,curve,curve_geometry,3,missing_factor,,"[0.0, 1.0]",1.0,1.0,0.0,0.6,前方大曲率弯道，前方存在白色车辆正在刹车减速，自车应与前车保持安全距离减速通过弯道。,前方存在白色车辆正在刹车减速，自车应减速行驶通过。
980,109,curve,curve_geometry,2.3,wrong_factor,same_category_subtype_swap,"[0.0, 1.0]",1.0,1.0,1.0,0.8,前方大曲率弯道，前方存在白色车辆正在刹车减速，自车应与前车保持安全距离减速通过弯道。,前方坡道，前方存在白色车辆正在刹车减速，自车应与前车保持安全距离减速通过弯道。
981,109,curve,curve_geometry,1.7,wrong_factor,cross_category_swap,"[0.0, 0.5]",1.0,1.0,1.0,0.7,前方大曲率弯道，前方存在白色车辆正在刹车减速，自车应与前车保持安全距离减速通过弯道。,右前方有车辆意图切入自车道，自车应减速行驶通过。
982,109,curve,curve_geometry,1,unsafe_action,,"[1.0, 1.0]",1.0,0.5,0.0,0.7,前方大曲率弯道，前方存在白色车辆正在刹车减速，自车应与前车保持安全距离减速通过弯道。,前方大曲率弯道，前方存在白色车辆正在刹车减速，自车应加速通过。
983,110,lane_change,proactive_slow_ahead,5,complete,,[1.0],1.0,1.0,1.0,1.0,自车当前在原车道行驶，自车道前方一辆银色货车速度较慢，左侧车道空闲且左后方蓝色货车速度较慢，自车应向左变更车道。,自车当前在原车道行驶，自车道前方一辆银色货车速度较慢，左侧车道空闲且左后方蓝色货车速度较慢，自车应向左变更车道。
984,110,lane_change,proactive_slow_ahead,4,generalized,,[0.5],0.0,1.0,0.0,0.375,自车当前在原车道行驶，自车道前方一辆银色货车速度较慢，左侧车道空闲且左后方蓝色货车速度较慢，自车应向左变更车道。,前方通行受阻，左侧车道具备换道条件，自车应向左变更车道。
985,110,lane_change,proactive_slow_ahead,3,missing_factor,,[0.0],1.0,1.0,1.0,0.75,自车当前在原车道行驶，自车道前方一辆银色货车速度较慢，左侧车道空闲且左后方蓝色货车速度较慢，自车应向左变更车道。,自车当前在原车道行驶，自车道前方一辆银色货车速度较慢，自车应向左变更车道。
986,110,lane_change,proactive_slow_ahead,3,missing_factor,,[1.0],1.0,1.0,1.0,1.0,自车当前在原车道行驶，自车道前方一辆银色货车速度较慢，左侧车道空闲且左后方蓝色货车速度较慢，自车应向左变更车道。,自车道前方一辆银色货车速度较慢，左侧车道空闲且左后方蓝色货车速度较慢，自车应向左变更车道。
987,110,lane_change,proactive_slow_ahead,3,missing_factor,,[1.0],1.0,1.0,1.0,1.0,自车当前在原车道行驶，自车道前方一辆银色货车速度较慢，左侧车道空闲且左后方蓝色货车速度较慢，自车应向左变更车道。,自车当前在原车道行驶，左侧车道空闲且左后方蓝色货车速度较慢，自车应向左变更车道。
988,110,lane_change,proactive_slow_ahead,2.8,wrong_factor,direction_swap,[0.0],1.0,1.0,1.0,0.75,自车当前在原车道行驶，自车道前方一辆银色货车速度较慢，左侧车道空闲且左后方蓝色货车速度较慢，自车应向左变更车道。,自车当前在原车道行驶，自车道前方一辆银色货车速度较慢，右侧车道空闲且左后方蓝色货车速度较慢，自车应向左变更车道。
989,110,lane_change,proactive_slow_ahead,2.8,wrong_factor,direction_swap,[0.75],1.0,1.0,1.0,0.9375,自车当前在原车道行驶，自车道前方一辆银色货车速度较慢，左侧车道空闲且左后方蓝色货车速度较慢，自车应向左变更车道。,自车当前在原车道行驶，自车道前方一辆银色货车速度较慢，左侧车道空闲且右后方蓝色货车速度较慢，自车应向左变更车道。
990,110,lane_change,proactive_slow_ahead,2.3,wrong_factor,same_category_subtype_swap,[0.75],1.0,1.0,1.0,0.9375,自车当前在原车道行驶，自车道前方一辆银色货车速度较慢，左侧车道空闲且左后方蓝色货车速度较慢，自车应向左变更车道。,自车当前在原车道行驶，自车道前方一辆银色货车速度较慢，左侧车道拥堵且左后方蓝色货车速度较慢，自车应向左变更车道。
991,110,lane_change,proactive_slow_ahead,2.3,wrong_factor,same_category_subtype_swap,[1.0],1.0,1.0,1.0,1.0,自车当前在原车道行驶，自车道前方一辆银色货车速度较慢，左侧车道空闲且左后方蓝色货车速度较慢，自车应向左变更车道。,自车当前在原车道行驶，自车道前方一辆银色货车速度较快，左侧车道空闲且左后方蓝色货车速度较慢，自车应向左变更车道。
992,110,lane_change,proactive_slow_ahead,1.7,wrong_factor,cross_category_swap,[0.0],1.0,1.0,1.0,0.75,自车当前在原车道行驶，自车道前方一辆银色货车速度较慢，左侧车道空闲且左后方蓝色货车速度较慢，自车应向左变更车道。,前方存在车辆遮挡盲区，自车应向左变更车道。
993,110,lane_change,proactive_slow_ahead,1,unsafe_action,,[1.0],1.0,1.0,1.0,1.0,自车当前在原车道行驶，自车道前方一辆银色货车速度较慢，左侧车道空闲且左后方蓝色货车速度较慢，自车应向左变更车道。,自车当前在原车道行驶，自车道前方一辆银色货车速度较慢，左侧车道空闲且左后方蓝色货车速度较慢，自车应向右变更车道。
994,111,traffic_control,police_direction,5,complete,,[1.0],1.0,1.0,1.0,1.0,右前方交警示意允许右转，自车应加速通过。,右前方交警示意允许右转，自车应加速通过。
995,111,traffic_control,police_direction,4,generalized,,[0.25],0.0,0.0,1.0,0.3125,右前方交警示意允许右转，自车应加速通过。,前方存在通行风险，自车应谨慎通行。
996,111,traffic_control,police_direction,3,missing_factor,,[0.75],1.0,0.0,1.0,0.6875,右前方交警示意允许右转，自车应加速通过。,前方交警示意允许右转，自车应谨慎通行。
997,111,traffic_control,police_direction,2.8,wrong_factor,direction_swap,[0.75],1.0,1.0,1.0,0.9375,右前方交警示意允许右转，自车应加速通过。,左前方交警示意允许右转，自车应加速通过。
998,111,traffic_control,police_direction,1.7,wrong_factor,cross_category_swap,[0.0],0.0,0.0,1.0,0.25,右前方交警示意允许右转，自车应加速通过。,前方存在无灯路口盲区，自车应谨慎通行。
999,111,traffic_control,police_direction,1,unsafe_action,,[1.0],1.0,1.0,1.0,1.0,右前方交警示意允许右转，自车应加速通过。,右前方交警示意允许右转，自车应加速通过。
1000,112,traffic_signal,green_light_go,5,complete,,[1.0],1.0,1.0,1.0,1.0,自车当前在原车道正常行驶，自车道有较多车辆等待红绿灯，影响自车通行效率，右侧车道通行效率较高且右后方有一辆绿色轿车，速度较快，自车应等待其通过后再向右变更车道。,自车当前在原车道正常行驶，自车道有较多车辆等待红绿灯，影响自车通行效率，右侧车道通行效率较高且右后方有一辆绿色轿车，速度较快，自车应等待其通过后再向右变更车道。
1001,112,traffic_signal,green_light_go,4,generalized,,[0.0],1.0,1.0,1.0,0.75,自车当前在原车道正常行驶，自车道有较多车辆等待红绿灯，影响自车通行效率，右侧车道通行效率较高且右后方有一辆绿色轿车，速度较快，自车应等待其通过后再向右变更车道。,当前路口信号允许通行，自车应向右变更车道。
1002,112,traffic_signal,green_light_go,3,missing_factor,,[1.0],1.0,1.0,1.0,1.0,自车当前在原车道正常行驶，自车道有较多车辆等待红绿灯，影响自车通行效率，右侧车道通行效率较高且右后方有一辆绿色轿车，速度较快，自车应等待其通过后再向右变更车道。,自车当前在原车道正常行驶，自车道有较多车辆等待红绿灯，影响自车通行效率，右侧车道通行效率较高且右后方有一辆绿色轿车，自车应向右变更车道。
1003,112,traffic_signal,green_light_go,3,missing_factor,,[1.0],1.0,1.0,1.0,1.0,自车当前在原车道正常行驶，自车道有较多车辆等待红绿灯，影响自车通行效率，右侧车道通行效率较高且右后方有一辆绿色轿车，速度较快，自车应等待其通过后再向右变更车道。,自车道有较多车辆等待红绿灯，影响自车通行效率，右侧车道通行效率较高且右后方有一辆绿色轿车，速度较快，自车应向右变更车道。
1004,112,traffic_signal,green_light_go,3,missing_factor,,[0.0],1.0,1.0,0.0,0.5,自车当前在原车道正常行驶，自车道有较多车辆等待红绿灯，影响自车通行效率，右侧车道通行效率较高且右后方有一辆绿色轿车，速度较快，自车应等待其通过后再向右变更车道。,自车当前在原车道正常行驶，速度较快，自车应向右变更车道。
1005,112,traffic_signal,green_light_go,2.8,wrong_factor,direction_swap,[0.0],1.0,1.0,1.0,0.75,自车当前在原车道正常行驶，自车道有较多车辆等待红绿灯，影响自车通行效率，右侧车道通行效率较高且右后方有一辆绿色轿车，速度较快，自车应等待其通过后再向右变更车道。,自车当前在原车道正常行驶，自车道有较多车辆等待红绿灯，影响自车通行效率，左侧车道通行效率较高且右后方有一辆绿色轿车，速度较快，自车应等待其通过后再向右变更车道。
1006,112,traffic_signal,green_light_go,2.8,wrong_factor,direction_swap,[0.75],1.0,1.0,1.0,0.9375,自车当前在原车道正常行驶，自车道有较多车辆等待红绿灯，影响自车通行效率，右侧车道通行效率较高且右后方有一辆绿色轿车，速度较快，自车应等待其通过后再向右变更车道。,自车当前在原车道正常行驶，自车道有较多车辆等待红绿灯，影响自车通行效率，右侧车道通行效率较高且左后方有一辆绿色轿车，速度较快，自车应等待其通过后再向右变更车道。
1007,112,traffic_signal,green_light_go,2.3,wrong_factor,same_category_subtype_swap,[0.75],1.0,1.0,1.0,0.9375,自车当前在原车道正常行驶，自车道有较多车辆等待红绿灯，影响自车通行效率，右侧车道通行效率较高且右后方有一辆绿色轿车，速度较快，自车应等待其通过后再向右变更车道。,自车当前在原车道正常行驶，自车道有较多车辆等待红绿灯，影响自车通行效率，右侧车道通行效率较高且右后方有一辆红色轿车，速度较快，自车应等待其通过后再向右变更车道。
1008,112,traffic_signal,green_light_go,2.3,wrong_factor,same_category_subtype_swap,[1.0],1.0,1.0,1.0,1.0,自车当前在原车道正常行驶，自车道有较多车辆等待红绿灯，影响自车通行效率，右侧车道通行效率较高且右后方有一辆绿色轿车，速度较快，自车应等待其通过后再向右变更车道。,自车当前在原车道正常行驶，自车道有较多车辆等待红红灯，影响自车通行效率，右侧车道通行效率较高且右后方有一辆绿色轿车，速度较快，自车应等待其通过后再向右变更车道。
1009,112,traffic_signal,green_light_go,1.7,wrong_factor,cross_category_swap,[0.0],1.0,1.0,0.0,0.5,自车当前在原车道正常行驶，自车道有较多车辆等待红绿灯，影响自车通行效率，右侧车道通行效率较高且右后方有一辆绿色轿车，速度较快，自车应等待其通过后再向右变更车道。,前方存在施工区域占道，自车应向右变更车道。
1010,112,traffic_signal,green_light_go,1,unsafe_action,,[1.0],1.0,1.0,1.0,1.0,自车当前在原车道正常行驶，自车道有较多车辆等待红绿灯，影响自车通行效率，右侧车道通行效率较高且右后方有一辆绿色轿车，速度较快，自车应等待其通过后再向右变更车道。,自车当前在原车道正常行驶，自车道有较多车辆等待红绿灯，影响自车通行效率，右侧车道通行效率较高且右后方有一辆绿色轿车，速度较快，自车应向左变更车道。
1011,113,lane_change,must_wait,5,complete,,"[1.0, 1.0, 1.0]",1.0,1.0,1.0,1.0,自车当前在原车道正常行驶，前方较多车辆行驶缓慢，通行效率较低，左侧车道通行效率较高，左前方黑色MPV正常行驶，左后方一辆白色SUV速度较慢与自车有安全距离，自车应等待黑色MPV通过后再向左变更车道。,自车当前在原车道正常行驶，前方较多车辆行驶缓慢，通行效率较低，左侧车道通行效率较高，左前方黑色MPV正常行驶，左后方一辆白色SUV速度较慢与自车有安全距离，自车应等待黑色MPV通过后再向左变更车道。
1012,113,lane_change,must_wait,4,generalized,,"[0.5, 0.5, 0.0]",0.0,1.0,1.0,0.5,自车当前在原车道正常行驶，前方较多车辆行驶缓慢，通行效率较低，左侧车道通行效率较高，左前方黑色MPV正常行驶，左后方一辆白色SUV速度较慢与自车有安全距离，自车应等待黑色MPV通过后再向左变更车道。,前方通行受阻，左侧车道具备换道条件，自车应向左变更车道。
1013,113,lane_change,must_wait,3,missing_factor,,"[1.0, 1.0, 1.0]",1.0,1.0,0.0,0.8333,自车当前在原车道正常行驶，前方较多车辆行驶缓慢，通行效率较低，左侧车道通行效率较高，左前方黑色MPV正常行驶，左后方一辆白色SUV速度较慢与自车有安全距离，自车应等待黑色MPV通过后再向左变更车道。,自车当前在原车道正常行驶，前方较多车辆行驶缓慢，通行效率较低，左侧车道通行效率较高，左前方黑色MPV正常行驶，自车应向左变更车道。
1014,113,lane_change,must_wait,3,missing_factor,,"[1.0, 1.0, 1.0]",1.0,1.0,1.0,1.0,自车当前在原车道正常行驶，前方较多车辆行驶缓慢，通行效率较低，左侧车道通行效率较高，左前方黑色MPV正常行驶，左后方一辆白色SUV速度较慢与自车有安全距离，自车应等待黑色MPV通过后再向左变更车道。,前方较多车辆行驶缓慢，通行效率较低，左侧车道通行效率较高，左前方黑色MPV正常行驶，左后方一辆白色SUV速度较慢与自车有安全距离，自车应向左变更车道。
1015,113,lane_change,must_wait,3,missing_factor,,"[0.5, 0.0, 0.0]",1.0,1.0,1.0,0.5833,自车当前在原车道正常行驶，前方较多车辆行驶缓慢，通行效率较低，左侧车道通行效率较高，左前方黑色MPV正常行驶，左后方一辆白色SUV速度较慢与自车有安全距离，自车应等待黑色MPV通过后再向左变更车道。,自车当前在原车道正常行驶，左后方一辆白色SUV速度较慢与自车有安全距离，自车应向左变更车道。
1016,113,lane_change,must_wait,2.8,wrong_factor,direction_swap,"[1.0, 1.0, 0.75]",1.0,1.0,1.0,0.9583,自车当前在原车道正常行驶，前方较多车辆行驶缓慢，通行效率较低，左侧车道通行效率较高，左前方黑色MPV正常行驶，左后方一辆白色SUV速度较慢与自车有安全距离，自车应等待黑色MPV通过后再向左变更车道。,自车当前在原车道正常行驶，前方较多车辆行驶缓慢，通行效率较低，左侧车道通行效率较高，右前方黑色MPV正常行驶，左后方一辆白色SUV速度较慢与自车有安全距离，自车应等待黑色MPV通过后再向左变更车道。
1017,113,lane_change,must_wait,2.8,wrong_factor,direction_swap,"[1.0, 0.0, 1.0]",1.0,1.0,1.0,0.8333,自车当前在原车道正常行驶，前方较多车辆行驶缓慢，通行效率较低，左侧车道通行效率较高，左前方黑色MPV正常行驶，左后方一辆白色SUV速度较慢与自车有安全距离，自车应等待黑色MPV通过后再向左变更车道。,自车当前在原车道正常行驶，前方较多车辆行驶缓慢，通行效率较低，右侧车道通行效率较高，左前方黑色MPV正常行驶，左后方一辆白色SUV速度较慢与自车有安全距离，自车应等待黑色MPV通过后再向左变更车道。
1018,113,lane_change,must_wait,2.3,wrong_factor,same_category_subtype_swap,"[1.0, 0.75, 1.0]",1.0,1.0,1.0,0.9583,自车当前在原车道正常行驶，前方较多车辆行驶缓慢，通行效率较低，左侧车道通行效率较高，左前方黑色MPV正常行驶，左后方一辆白色SUV速度较慢与自车有安全距离，自车应等待黑色MPV通过后再向左变更车道。,自车当前在原车道正常行驶，前方较多车辆行驶缓慢，通行效率较低，左侧车道通行效率较低，左前方黑色MPV正常行驶，左后方一辆白色SUV速度较慢与自车有安全距离，自车应等待黑色MPV通过后再向左变更车道。
1019,113,lane_change,must_wait,2.3,wrong_factor,same_category_subtype_swap,"[1.0, 1.0, 1.0]",1.0,1.0,1.0,1.0,自车当前在原车道正常行驶，前方较多车辆行驶缓慢，通行效率较低，左侧车道通行效率较高，左前方黑色MPV正常行驶，左后方一辆白色SUV速度较慢与自车有安全距离，自车应等待黑色MPV通过后再向左变更车道。,自车当前在原车道正常行驶，前方较多车辆行驶缓慢，通行效率较低，左侧车道通行效率较高，左前方黑色MPV正常行驶，左后方一辆白色SUV速度较慢与自车有距离较近，自车应等待黑色MPV通过后再向左变更车道。
1020,113,lane_change,must_wait,2.3,wrong_factor,same_category_subtype_swap,"[1.0, 1.0, 1.0]",1.0,1.0,1.0,1.0,自车当前在原车道正常行驶，前方较多车辆行驶缓慢，通行效率较低，左侧车道通行效率较高，左前方黑色MPV正常行驶，左后方一辆白色SUV速度较慢与自车有安全距离，自车应等待黑色MPV通过后再向左变更车道。,自车当前在原车道正常行驶，前方较多车辆行驶缓慢，通行效率较低，左侧车道通行效率较高，左前方黑色MPV正常行驶，左后方一辆白色SUV速度较快与自车有安全距离，自车应等待黑色MPV通过后再向左变更车道。
1021,113,lane_change,must_wait,1.7,wrong_factor,cross_category_swap,"[0.0, 0.0, 0.0]",1.0,1.0,0.0,0.3333,自车当前在原车道正常行驶，前方较多车辆行驶缓慢，通行效率较低，左侧车道通行效率较高，左前方黑色MPV正常行驶，左后方一辆白色SUV速度较慢与自车有安全距离，自车应等待黑色MPV通过后再向左变更车道。,前方存在车辆遮挡盲区，自车应向左变更车道。
1022,113,lane_change,must_wait,1,unsafe_action,,"[1.0, 1.0, 1.0]",1.0,1.0,1.0,1.0,自车当前在原车道正常行驶，前方较多车辆行驶缓慢，通行效率较低，左侧车道通行效率较高，左前方黑色MPV正常行驶，左后方一辆白色SUV速度较慢与自车有安全距离，自车应等待黑色MPV通过后再向左变更车道。,自车当前在原车道正常行驶，前方较多车辆行驶缓慢，通行效率较低，左侧车道通行效率较高，左前方黑色MPV正常行驶，左后方一辆白色SUV速度较慢与自车有安全距离，自车应向右变更车道。
1023,114,blind_spot,combined_blind_spots,5,complete,,"[1.0, 1.0]",1.0,1.0,1.0,1.0,右前方存在弯道盲区，左前方存在豁口盲区，自车应减速行驶。,右前方存在弯道盲区，左前方存在豁口盲区，自车应减速行驶。
1024,114,blind_spot,combined_blind_spots,4,generalized,,"[0.25, 0.0]",1.0,1.0,1.0,0.65,右前方存在弯道盲区，左前方存在豁口盲区，自车应减速行驶。,前方存在盲区风险，自车应减速行驶通过。
1025,114,blind_spot,combined_blind_spots,3,missing_factor,,"[1.0, 0.0]",1.0,1.0,1.0,0.8,右前方存在弯道盲区，左前方存在豁口盲区，自车应减速行驶。,右前方存在弯道盲区，自车应减速行驶通过。
1026,114,blind_spot,combined_blind_spots,3,missing_factor,,"[0.0, 1.0]",1.0,1.0,1.0,0.8,右前方存在弯道盲区，左前方存在豁口盲区，自车应减速行驶。,左前方存在豁口盲区，自车应减速行驶通过。
1027,114,blind_spot,combined_blind_spots,3,missing_factor,,"[0.5, 0.0]",1.0,1.0,1.0,0.7,右前方存在弯道盲区，左前方存在豁口盲区，自车应减速行驶。,前方存在盲区，自车应减速行驶通过。
1028,114,blind_spot,combined_blind_spots,2.8,wrong_factor,direction_swap,"[1.0, 0.75]",1.0,1.0,1.0,0.95,右前方存在弯道盲区，左前方存在豁口盲区，自车应减速行驶。,右前方存在弯道盲区，右前方存在豁口盲区，自车应减速行驶。
1029,114,blind_spot,combined_blind_spots,2.8,wrong_factor,direction_swap,"[0.75, 1.0]",1.0,1.0,1.0,0.95,右前方存在弯道盲区，左前方存在豁口盲区，自车应减速行驶。,左前方存在弯道盲区，左前方存在豁口盲区，自车应减速行驶。
1030,114,blind_spot,combined_blind_spots,2.3,wrong_factor,same_category_subtype_swap,"[1.0, 0.5]",1.0,1.0,1.0,0.9,右前方存在弯道盲区，左前方存在豁口盲区，自车应减速行驶。,右前方存在弯道盲区，左前方存在车辆遮挡盲区，自车应减速行驶。
1031,114,blind_spot,combined_blind_spots,2.3,wrong_factor,same_category_subtype_swap,"[0.5, 1.0]",1.0,1.0,1.0,0.9,右前方存在弯道盲区，左前方存在豁口盲区，自车应减速行驶。,右前方存在无灯路口盲区，左前方存在豁口盲区，自车应减速行驶。
1032,114,blind_spot,combined_blind_spots,1.7,wrong_factor,cross_category_swap,"[1.0, 0.0]",1.0,0.5,1.0,0.7,右前方存在弯道盲区，左前方存在豁口盲区，自车应减速行驶。,右前方存在弯道盲区，左前方存在车辆占道停车，自车应减速行驶。
1033,114,blind_spot,combined_blind_spots,1.7,wrong_factor,cross_category_swap,"[0.0, 1.0]",1.0,1.0,1.0,0.8,右前方存在弯道盲区，左前方存在豁口盲区，自车应减速行驶。,右前方存在减速带，左前方存在豁口盲区，自车应减速行驶。
1034,114,blind_spot,combined_blind_spots,1.7,wrong_factor,cross_category_swap,"[0.0, 0.0]",1.0,1.0,1.0,0.6,右前方存在弯道盲区，左前方存在豁口盲区，自车应减速行驶。,前方存在锥桶占道，影响自车通行，自车应减速行驶通过。
1035,114,blind_spot,combined_blind_spots,1,unsafe_action,,"[1.0, 1.0]",1.0,0.0,1.0,0.8,右前方存在弯道盲区，左前方存在豁口盲区，自车应减速行驶。,右前方存在弯道盲区，左前方存在豁口盲区，自车应加速通过。
1036,115,curve,curve_geometry,5,complete,,"[1.0, 1.0]",1.0,1.0,1.0,1.0,前方大曲率弯道，前方存在白色车辆正在刹车减速，自车应与前车保持安全距离减速通过。,前方大曲率弯道，前方存在白色车辆正在刹车减速，自车应与前车保持安全距离减速通过。
1037,115,curve,curve_geometry,4,generalized,,"[0.5, 0.0]",1.0,1.0,0.0,0.5,前方大曲率弯道，前方存在白色车辆正在刹车减速，自车应与前车保持安全距离减速通过。,前方存在弯道风险，自车应减速行驶通过。
1038,115,curve,curve_geometry,3,missing_factor,,"[1.0, 0.0]",1.0,1.0,0.0,0.6,前方大曲率弯道，前方存在白色车辆正在刹车减速，自车应与前车保持安全距离减速通过。,前方大曲率弯道，自车应减速行驶通过。
1039,115,curve,curve_geometry,3,missing_factor,,"[0.0, 1.0]",1.0,1.0,0.0,0.6,前方大曲率弯道，前方存在白色车辆正在刹车减速，自车应与前车保持安全距离减速通过。,前方存在白色车辆正在刹车减速，自车应减速行驶通过。
1040,115,curve,curve_geometry,2.3,wrong_factor,same_category_subtype_swap,"[0.0, 1.0]",1.0,1.0,1.0,0.8,前方大曲率弯道，前方存在白色车辆正在刹车减速，自车应与前车保持安全距离减速通过。,前方坡道，前方存在白色车辆正在刹车减速，自车应与前车保持安全距离减速通过。
1041,115,curve,curve_geometry,1.7,wrong_factor,cross_category_swap,"[0.0, 0.5]",1.0,1.0,1.0,0.7,前方大曲率弯道，前方存在白色车辆正在刹车减速，自车应与前车保持安全距离减速通过。,右前方有车辆意图切入自车道，自车应减速行驶通过。
1042,115,curve,curve_geometry,1,unsafe_action,,"[1.0, 1.0]",1.0,0.5,0.0,0.7,前方大曲率弯道，前方存在白色车辆正在刹车减速，自车应与前车保持安全距离减速通过。,前方大曲率弯道，前方存在白色车辆正在刹车减速，自车应加速通过。
1043,116,yielding,decelerate_to_yield,5,complete,,[1.0],1.0,1.0,1.0,1.0,自车当前在原车道正常行驶，前方两个两轮骑行者低速行驶，对向白色SUV正常行驶，自车应减速让行后再向左避障。,自车当前在原车道正常行驶，前方两个两轮骑行者低速行驶，对向白色SUV正常行驶，自车应减速让行后再向左避障。
1044,116,yielding,decelerate_to_yield,4,generalized,,[0.5],0.0,1.0,1.0,0.625,自车当前在原车道正常行驶，前方两个两轮骑行者低速行驶，对向白色SUV正常行驶，自车应减速让行后再向左避障。,前方有交通参与者影响自车通行，自车应减速让行。
1045,116,yielding,decelerate_to_yield,3,missing_factor,,[1.0],0.0,1.0,1.0,0.75,自车当前在原车道正常行驶，前方两个两轮骑行者低速行驶，对向白色SUV正常行驶，自车应减速让行后再向左避障。,自车当前在原车道正常行驶，前方两个两轮骑行者低速行驶，自车应减速让行。
1046,116,yielding,decelerate_to_yield,3,missing_factor,,[1.0],0.0,1.0,1.0,0.75,自车当前在原车道正常行驶，前方两个两轮骑行者低速行驶，对向白色SUV正常行驶，自车应减速让行后再向左避障。,前方两个两轮骑行者低速行驶，对向白色SUV正常行驶，自车应减速让行。
1047,116,yielding,decelerate_to_yield,3,missing_factor,,[0.5],0.0,1.0,1.0,0.625,自车当前在原车道正常行驶，前方两个两轮骑行者低速行驶，对向白色SUV正常行驶，自车应减速让行后再向左避障。,自车当前在原车道正常行驶，对向白色SUV正常行驶，自车应减速让行。
1048,116,yielding,decelerate_to_yield,2.3,wrong_factor,same_category_subtype_swap,[1.0],1.0,1.0,1.0,1.0,自车当前在原车道正常行驶，前方两个两轮骑行者低速行驶，对向白色SUV正常行驶，自车应减速让行后再向左避障。,自车当前在原车道正常行驶，前方两个两轮骑行者低速行驶，对向白色面包车正常行驶，自车应减速让行后再向左避障。
1049,116,yielding,decelerate_to_yield,2.3,wrong_factor,same_category_subtype_swap,[0.75],1.0,1.0,1.0,0.9375,自车当前在原车道正常行驶，前方两个两轮骑行者低速行驶，对向白色SUV正常行驶，自车应减速让行后再向左避障。,自车当前在原车道正常行驶，前方两个三轮骑行者低速行驶，对向白色SUV正常行驶，自车应减速让行后再向左避障。
1050,116,yielding,decelerate_to_yield,1.7,wrong_factor,cross_category_swap,[0.0],0.0,1.0,1.0,0.5,自车当前在原车道正常行驶，前方两个两轮骑行者低速行驶，对向白色SUV正常行驶，自车应减速让行后再向左避障。,前方存在坑洼路面，自车应减速让行。
1051,116,yielding,decelerate_to_yield,1,unsafe_action,,[1.0],0.0,0.0,0.0,0.25,自车当前在原车道正常行驶，前方两个两轮骑行者低速行驶，对向白色SUV正常行驶，自车应减速让行后再向左避障。,自车当前在原车道正常行驶，前方两个两轮骑行者低速行驶，对向白色SUV正常行驶，自车应加速通过。
1052,117,lane_change,proactive_slow_ahead,5,complete,,[1.0],1.0,1.0,1.0,1.0,自车道前方一辆红色货车速度较慢，左侧车道空闲且左后方一辆银色小汽车与自车存在安全距离，自车应向左变更车道。,自车道前方一辆红色货车速度较慢，左侧车道空闲且左后方一辆银色小汽车与自车存在安全距离，自车应向左变更车道。
1053,117,lane_change,proactive_slow_ahead,4,generalized,,[0.5],0.0,1.0,1.0,0.625,自车道前方一辆红色货车速度较慢，左侧车道空闲且左后方一辆银色小汽车与自车存在安全距离，自车应向左变更车道。,前方通行受阻，左侧车道具备换道条件，自车应向左变更车道。
1054,117,lane_change,proactive_slow_ahead,3,missing_factor,,[0.75],1.0,1.0,0.0,0.6875,自车道前方一辆红色货车速度较慢，左侧车道空闲且左后方一辆银色小汽车与自车存在安全距离，自车应向左变更车道。,自车道前方一辆红色货车速度较慢，自车应向左变更车道。
1055,117,lane_change,proactive_slow_ahead,3,missing_factor,,[0.75],1.0,1.0,1.0,0.9375,自车道前方一辆红色货车速度较慢，左侧车道空闲且左后方一辆银色小汽车与自车存在安全距离，自车应向左变更车道。,左侧车道空闲且左后方一辆银色小汽车与自车存在安全距离，自车应向左变更车道。
1056,117,lane_change,proactive_slow_ahead,3,missing_factor,,[0.75],1.0,1.0,0.0,0.6875,自车道前方一辆红色货车速度较慢，左侧车道空闲且左后方一辆银色小汽车与自车存在安全距离，自车应向左变更车道。,自车道前方一辆货车速度较慢，自车应向左变更车道。
1057,117,lane_change,proactive_slow_ahead,2.8,wrong_factor,direction_swap,[0.75],1.0,1.0,1.0,0.9375,自车道前方一辆红色货车速度较慢，左侧车道空闲且左后方一辆银色小汽车与自车存在安全距离，自车应向左变更车道。,自车道前方一辆红色货车速度较慢，右侧车道空闲且左后方一辆银色小汽车与自车存在安全距离，自车应向左变更车道。
1058,117,lane_change,proactive_slow_ahead,2.8,wrong_factor,direction_swap,[0.75],1.0,1.0,1.0,0.9375,自车道前方一辆红色货车速度较慢，左侧车道空闲且左后方一辆银色小汽车与自车存在安全距离，自车应向左变更车道。,自车道前方一辆红色货车速度较慢，左侧车道空闲且右后方一辆银色小汽车与自车存在安全距离，自车应向左变更车道。
1059,117,lane_change,proactive_slow_ahead,2.3,wrong_factor,same_category_subtype_swap,[0.75],1.0,1.0,1.0,0.9375,自车道前方一辆红色货车速度较慢，左侧车道空闲且左后方一辆银色小汽车与自车存在安全距离，自车应向左变更车道。,自车道前方一辆红色货车速度较慢，左侧车道拥堵且左后方一辆银色小汽车与自车存在安全距离，自车应向左变更车道。
1060,117,lane_change,proactive_slow_ahead,2.3,wrong_factor,same_category_subtype_swap,[0.75],1.0,1.0,0.0,0.6875,自车道前方一辆红色货车速度较慢，左侧车道空闲且左后方一辆银色小汽车与自车存在安全距离，自车应向左变更车道。,自车道前方一辆红色货车速度较慢，左侧车道空闲且左后方一辆银色小汽车与自车存在距离较近，自车应向左变更车道。
1061,117,lane_change,proactive_slow_ahead,2.3,wrong_factor,same_category_subtype_swap,[0.75],1.0,1.0,1.0,0.9375,自车道前方一辆红色货车速度较慢，左侧车道空闲且左后方一辆银色小汽车与自车存在安全距离，自车应向左变更车道。,自车道前方一辆红色货车速度较快，左侧车道空闲且左后方一辆银色小汽车与自车存在安全距离，自车应向左变更车道。
1062,117,lane_change,proactive_slow_ahead,1.7,wrong_factor,cross_category_swap,[0.0],1.0,1.0,0.0,0.5,自车道前方一辆红色货车速度较慢，左侧车道空闲且左后方一辆银色小汽车与自车存在安全距离，自车应向左变更车道。,前方存在车辆遮挡盲区，自车应向左变更车道。
1063,117,lane_change,proactive_slow_ahead,1,unsafe_action,,[0.75],1.0,1.0,1.0,0.9375,自车道前方一辆红色货车速度较慢，左侧车道空闲且左后方一辆银色小汽车与自车存在安全距离，自车应向左变更车道。,自车道前方一辆红色货车速度较慢，左侧车道空闲且左后方一辆银色小汽车与自车存在安全距离，自车应向右变更车道。
1064,118,traffic_signal,yellow_light,5,complete,,[1.0],1.0,1.0,1.0,1.0,自车当前实际行驶方向为直行，圆灯为黄色，自车应刹停在路口停止线。,自车当前实际行驶方向为直行，圆灯为黄色，自车应刹停在路口停止线。
1065,118,traffic_signal,yellow_light,4,generalized,,[0.5],1.0,1.0,0.0,0.625,自车当前实际行驶方向为直行，圆灯为黄色，自车应刹停在路口停止线。,当前路口信号不允许通行，自车应刹停在路口停止线前。
1066,118,traffic_signal,yellow_light,3,missing_factor,,[0.75],1.0,1.0,1.0,0.9375,自车当前实际行驶方向为直行，圆灯为黄色，自车应刹停在路口停止线。,自车当前实际行驶方向为直行，自车应刹停在路口停止线前。
1067,118,traffic_signal,yellow_light,3,missing_factor,,[0.75],1.0,1.0,1.0,0.9375,自车当前实际行驶方向为直行，圆灯为黄色，自车应刹停在路口停止线。,圆灯为黄色，自车应刹停在路口停止线前。
1068,118,traffic_signal,yellow_light,2.3,wrong_factor,same_category_subtype_swap,[0.75],1.0,1.0,1.0,0.9375,自车当前实际行驶方向为直行，圆灯为黄色，自车应刹停在路口停止线。,自车当前实际行驶方向为直行，圆灯为绿色，自车应刹停在路口停止线。
1069,118,traffic_signal,yellow_light,1.7,wrong_factor,cross_category_swap,[0.0],1.0,1.0,1.0,0.75,自车当前实际行驶方向为直行，圆灯为黄色，自车应刹停在路口停止线。,前方存在施工区域占道，自车应刹停在路口停止线前。
1070,118,traffic_signal,yellow_light,1,unsafe_action,,[0.75],1.0,0.0,1.0,0.6875,自车当前实际行驶方向为直行，圆灯为黄色，自车应刹停在路口停止线。,自车当前实际行驶方向为直行，圆灯为黄色，自车应加速通过路口。
1071,119,blind_spot,combined_blind_spots,5,complete,,[1.0],1.0,1.0,1.0,1.0,右前方存在弯道盲区以及豁口盲区，自车应减速行驶通过。,右前方存在弯道盲区以及豁口盲区，自车应减速行驶通过。
1072,119,blind_spot,combined_blind_spots,4,generalized,,[0.25],1.0,1.0,1.0,0.8125,右前方存在弯道盲区以及豁口盲区，自车应减速行驶通过。,前方存在盲区风险，自车应减速行驶通过。
1073,119,blind_spot,combined_blind_spots,3,missing_factor,,[0.5],1.0,1.0,1.0,0.875,右前方存在弯道盲区以及豁口盲区，自车应减速行驶通过。,前方存在盲区以及盲区，自车应减速行驶通过。
1074,119,blind_spot,combined_blind_spots,2.8,wrong_factor,direction_swap,[0.75],1.0,1.0,1.0,0.9375,右前方存在弯道盲区以及豁口盲区，自车应减速行驶通过。,左前方存在弯道盲区以及豁口盲区，自车应减速行驶通过。
1075,119,blind_spot,combined_blind_spots,2.3,wrong_factor,same_category_subtype_swap,[0.75],1.0,1.0,1.0,0.9375,右前方存在弯道盲区以及豁口盲区，自车应减速行驶通过。,右前方存在弯道盲区以及车辆遮挡盲区，自车应减速行驶通过。
1076,119,blind_spot,combined_blind_spots,2.3,wrong_factor,same_category_subtype_swap,[0.75],1.0,1.0,1.0,0.9375,右前方存在弯道盲区以及豁口盲区，自车应减速行驶通过。,右前方存在无灯路口盲区以及豁口盲区，自车应减速行驶通过。
1077,119,blind_spot,combined_blind_spots,1.7,wrong_factor,cross_category_swap,[0.75],1.0,0.5,1.0,0.8125,右前方存在弯道盲区以及豁口盲区，自车应减速行驶通过。,右前方存在弯道盲区以及车辆占道停车，自车应减速行驶通过。
1078,119,blind_spot,combined_blind_spots,1.7,wrong_factor,cross_category_swap,[0.75],1.0,1.0,1.0,0.9375,右前方存在弯道盲区以及豁口盲区，自车应减速行驶通过。,右前方存在减速带以及豁口盲区，自车应减速行驶通过。
1079,119,blind_spot,combined_blind_spots,1.7,wrong_factor,cross_category_swap,[0.0],1.0,1.0,1.0,0.75,右前方存在弯道盲区以及豁口盲区，自车应减速行驶通过。,前方存在锥桶占道，影响自车通行，自车应减速行驶通过。
1080,119,blind_spot,combined_blind_spots,1,unsafe_action,,[1.0],1.0,0.0,1.0,0.75,右前方存在弯道盲区以及豁口盲区，自车应减速行驶通过。,右前方存在弯道盲区以及豁口盲区，自车应加速通过。
1081,120,yielding,decelerate_to_yield,5,complete,,[1.0],1.0,1.0,1.0,1.0,自车当前在原车道正常行驶，对向车道有两轮骑行者正常行驶，前方有两轮骑行者缓慢行驶，自车应减速让行后向左避障。,自车当前在原车道正常行驶，对向车道有两轮骑行者正常行驶，前方有两轮骑行者缓慢行驶，自车应减速让行后向左避障。
1082,120,yielding,decelerate_to_yield,4,generalized,,[0.5],0.0,1.0,1.0,0.625,自车当前在原车道正常行驶，对向车道有两轮骑行者正常行驶，前方有两轮骑行者缓慢行驶，自车应减速让行后向左避障。,前方有交通参与者影响自车通行，自车应减速让行。
1083,120,yielding,decelerate_to_yield,3,missing_factor,,[0.5],0.0,1.0,1.0,0.625,自车当前在原车道正常行驶，对向车道有两轮骑行者正常行驶，前方有两轮骑行者缓慢行驶，自车应减速让行后向左避障。,自车当前在原车道正常行驶，对向车道有两轮骑行者正常行驶，自车应减速让行。
1084,120,yielding,decelerate_to_yield,3,missing_factor,,[1.0],0.0,1.0,1.0,0.75,自车当前在原车道正常行驶，对向车道有两轮骑行者正常行驶，前方有两轮骑行者缓慢行驶，自车应减速让行后向左避障。,对向车道有两轮骑行者正常行驶，前方有两轮骑行者缓慢行驶，自车应减速让行。
1085,120,yielding,decelerate_to_yield,3,missing_factor,,[1.0],0.0,1.0,1.0,0.75,自车当前在原车道正常行驶，对向车道有两轮骑行者正常行驶，前方有两轮骑行者缓慢行驶，自车应减速让行后向左避障。,自车当前在原车道正常行驶，前方有两轮骑行者缓慢行驶，自车应减速让行。
1086,120,yielding,decelerate_to_yield,2.3,wrong_factor,same_category_subtype_swap,[1.0],1.0,1.0,1.0,1.0,自车当前在原车道正常行驶，对向车道有两轮骑行者正常行驶，前方有两轮骑行者缓慢行驶，自车应减速让行后向左避障。,自车当前在原车道正常行驶，对向车道有三轮骑行者正常行驶，前方有两轮骑行者缓慢行驶，自车应减速让行后向左避障。
1087,120,yielding,decelerate_to_yield,1.7,wrong_factor,cross_category_swap,[0.0],0.0,1.0,1.0,0.5,自车当前在原车道正常行驶，对向车道有两轮骑行者正常行驶，前方有两轮骑行者缓慢行驶，自车应减速让行后向左避障。,前方存在坑洼路面，自车应减速让行。
1088,120,yielding,decelerate_to_yield,1,unsafe_action,,[1.0],0.0,0.5,0.0,0.375,自车当前在原车道正常行驶，对向车道有两轮骑行者正常行驶，前方有两轮骑行者缓慢行驶，自车应减速让行后向左避障。,自车当前在原车道正常行驶，对向车道有两轮骑行者正常行驶，前方有两轮骑行者缓慢行驶，自车应加速通过。
1089,121,yielding,emergency_evasion,5,complete,,[1.0],1.0,1.0,1.0,1.0,右前方一辆绿色公交车正切入自车道，自车应紧急减速让行。,右前方一辆绿色公交车正切入自车道，自车应紧急减速让行。
1090,121,yielding,emergency_evasion,4,generalized,,[0.5],1.0,1.0,1.0,0.875,右前方一辆绿色公交车正切入自车道，自车应紧急减速让行。,前方有交通参与者影响自车通行，自车应紧急减速让行。
1091,121,yielding,emergency_evasion,3,missing_factor,,[0.75],1.0,1.0,1.0,0.9375,右前方一辆绿色公交车正切入自车道，自车应紧急减速让行。,前方一辆公交车正切入自车道，自车应紧急减速让行。
1092,121,yielding,emergency_evasion,2.8,wrong_factor,direction_swap,[0.75],1.0,1.0,1.0,0.9375,右前方一辆绿色公交车正切入自车道，自车应紧急减速让行。,左前方一辆绿色公交车正切入自车道，自车应紧急减速让行。
1093,121,yielding,emergency_evasion,2.3,wrong_factor,same_category_subtype_swap,[0.75],1.0,1.0,1.0,0.9375,右前方一辆绿色公交车正切入自车道，自车应紧急减速让行。,右前方一辆绿色出租车正切入自车道，自车应紧急减速让行。
1094,121,yielding,emergency_evasion,1.7,wrong_factor,cross_category_swap,[0.0],1.0,1.0,1.0,0.75,右前方一辆绿色公交车正切入自车道，自车应紧急减速让行。,前方存在坑洼路面，自车应紧急减速让行。
1095,121,yielding,emergency_evasion,1,unsafe_action,,[1.0],1.0,0.0,1.0,0.75,右前方一辆绿色公交车正切入自车道，自车应紧急减速让行。,右前方一辆绿色公交车正切入自车道，自车应加速通过。
1096,122,blind_spot,combined_blind_spots,5,complete,,[1.0],1.0,1.0,1.0,1.0,左前方存在车辆遮挡盲区和右前方存在无灯路口盲区，自车应减速行驶通过。,左前方存在车辆遮挡盲区和右前方存在无灯路口盲区，自车应减速行驶通过。
1097,122,blind_spot,combined_blind_spots,4,generalized,,[0.25],1.0,1.0,1.0,0.8125,左前方存在车辆遮挡盲区和右前方存在无灯路口盲区，自车应减速行驶通过。,前方存在盲区风险，自车应减速行驶通过。
1098,122,blind_spot,combined_blind_spots,3,missing_factor,,[0.5],1.0,1.0,1.0,0.875,左前方存在车辆遮挡盲区和右前方存在无灯路口盲区，自车应减速行驶通过。,前方存在盲区和前方存在盲区，自车应减速行驶通过。
1099,122,blind_spot,combined_blind_spots,2.8,wrong_factor,direction_swap,[0.75],1.0,1.0,1.0,0.9375,左前方存在车辆遮挡盲区和右前方存在无灯路口盲区，自车应减速行驶通过。,右前方存在车辆遮挡盲区和右前方存在无灯路口盲区，自车应减速行驶通过。
1100,122,blind_spot,combined_blind_spots,2.8,wrong_factor,direction_swap,[0.75],1.0,1.0,1.0,0.9375,左前方存在车辆遮挡盲区和右前方存在无灯路口盲区，自车应减速行驶通过。,左前方存在车辆遮挡盲区和左前方存在无灯路口盲区，自车应减速行驶通过。
1101,122,blind_spot,combined_blind_spots,2.3,wrong_factor,same_category_subtype_swap,[0.75],1.0,1.0,1.0,0.9375,左前方存在车辆遮挡盲区和右前方存在无灯路口盲区，自车应减速行驶通过。,左前方存在豁口盲区和右前方存在无灯路口盲区，自车应减速行驶通过。
1102,122,blind_spot,combined_blind_spots,2.3,wrong_factor,same_category_subtype_swap,[0.75],1.0,1.0,1.0,0.9375,左前方存在车辆遮挡盲区和右前方存在无灯路口盲区，自车应减速行驶通过。,左前方存在车辆遮挡盲区和右前方存在弯道盲区，自车应减速行驶通过。
1103,122,blind_spot,combined_blind_spots,1.7,wrong_factor,cross_category_swap,[0.75],1.0,1.0,1.0,0.9375,左前方存在车辆遮挡盲区和右前方存在无灯路口盲区，自车应减速行驶通过。,左前方存在施工区域占道和右前方存在无灯路口盲区，自车应减速行驶通过。
1104,122,blind_spot,combined_blind_spots,1.7,wrong_factor,cross_category_swap,[0.75],1.0,1.0,1.0,0.9375,左前方存在车辆遮挡盲区和右前方存在无灯路口盲区，自车应减速行驶通过。,左前方存在车辆遮挡盲区和右前方存在锥桶占道，自车应减速行驶通过。
1105,122,blind_spot,combined_blind_spots,1.7,wrong_factor,cross_category_swap,[0.0],1.0,1.0,1.0,0.75,左前方存在车辆遮挡盲区和右前方存在无灯路口盲区，自车应减速行驶通过。,前方存在锥桶占道，影响自车通行，自车应减速行驶通过。
1106,122,blind_spot,combined_blind_spots,1,unsafe_action,,[1.0],1.0,0.0,1.0,0.75,左前方存在车辆遮挡盲区和右前方存在无灯路口盲区，自车应减速行驶通过。,左前方存在车辆遮挡盲区和右前方存在无灯路口盲区，自车应加速通过。
1107,123,obstacle_avoidance,static_obstacle_blocking_lane,5,complete,,[1.0],1.0,1.0,1.0,1.0,自车当前在原车道正常行驶，前方有施工区域占道，自车应向左避障。,自车当前在原车道正常行驶，前方有施工区域占道，自车应向左避障。
1108,123,obstacle_avoidance,static_obstacle_blocking_lane,4,generalized,,[0.5],1.0,1.0,1.0,0.875,自车当前在原车道正常行驶，前方有施工区域占道，自车应向左避障。,前方存在障碍物影响通行，自车应向左避障。
1109,123,obstacle_avoidance,static_obstacle_blocking_lane,3,missing_factor,,[0.0],1.0,1.0,1.0,0.75,自车当前在原车道正常行驶，前方有施工区域占道，自车应向左避障。,自车当前在原车道正常行驶，自车应向左避障。
1110,123,obstacle_avoidance,static_obstacle_blocking_lane,3,missing_factor,,[1.0],1.0,1.0,1.0,1.0,自车当前在原车道正常行驶，前方有施工区域占道，自车应向左避障。,前方有施工区域占道，自车应向左避障。
1111,123,obstacle_avoidance,static_obstacle_blocking_lane,1.7,wrong_factor,cross_category_swap,[0.0],1.0,1.0,1.0,0.75,自车当前在原车道正常行驶，前方有施工区域占道，自车应向左避障。,自车当前在原车道正常行驶，前方有车辆遮挡盲区占道，自车应向左避障。
1112,123,obstacle_avoidance,static_obstacle_blocking_lane,1.7,wrong_factor,cross_category_swap,[0.0],1.0,1.0,1.0,0.75,自车当前在原车道正常行驶，前方有施工区域占道，自车应向左避障。,前方存在车辆遮挡盲区，自车应向左避障。
1113,123,obstacle_avoidance,static_obstacle_blocking_lane,1,unsafe_action,,[1.0],1.0,1.0,1.0,1.0,自车当前在原车道正常行驶，前方有施工区域占道，自车应向左避障。,自车当前在原车道正常行驶，前方有施工区域占道，自车应向右避障。
1114,124,lane_change,reactive_obstacle_blocking,5,complete,,"[1.0, 1.0]",1.0,1.0,1.0,1.0,自车当前在原车道正常行驶，前方有一辆银灰色SUV未行驶占据车道，影响自车通行，左侧车道空闲且左后方无来车，自车应向左变更车道。,自车当前在原车道正常行驶，前方有一辆银灰色SUV未行驶占据车道，影响自车通行，左侧车道空闲且左后方无来车，自车应向左变更车道。
1115,124,lane_change,reactive_obstacle_blocking,4,generalized,,"[0.5, 0.5]",0.0,1.0,0.0,0.4,自车当前在原车道正常行驶，前方有一辆银灰色SUV未行驶占据车道，影响自车通行，左侧车道空闲且左后方无来车，自车应向左变更车道。,前方通行受阻，左侧车道具备换道条件，自车应向左变更车道。
1116,124,lane_change,reactive_obstacle_blocking,3,missing_factor,,"[1.0, 0.0]",1.0,1.0,1.0,0.8,自车当前在原车道正常行驶，前方有一辆银灰色SUV未行驶占据车道，影响自车通行，左侧车道空闲且左后方无来车，自车应向左变更车道。,自车当前在原车道正常行驶，前方有一辆银灰色SUV未行驶占据车道，影响自车通行，自车应向左变更车道。
1117,124,lane_change,reactive_obstacle_blocking,3,missing_factor,,"[1.0, 1.0]",1.0,1.0,1.0,1.0,自车当前在原车道正常行驶，前方有一辆银灰色SUV未行驶占据车道，影响自车通行，左侧车道空闲且左后方无来车，自车应向左变更车道。,前方有一辆银灰色SUV未行驶占据车道，影响自车通行，左侧车道空闲且左后方无来车，自车应向左变更车道。
1118,124,lane_change,reactive_obstacle_blocking,3,missing_factor,,"[0.0, 1.0]",1.0,1.0,1.0,0.8,自车当前在原车道正常行驶，前方有一辆银灰色SUV未行驶占据车道，影响自车通行，左侧车道空闲且左后方无来车，自车应向左变更车道。,自车当前在原车道正常行驶，左侧车道空闲且左后方无来车，自车应向左变更车道。
1119,124,lane_change,reactive_obstacle_blocking,2.8,wrong_factor,direction_swap,"[1.0, 0.0]",1.0,1.0,1.0,0.8,自车当前在原车道正常行驶，前方有一辆银灰色SUV未行驶占据车道，影响自车通行，左侧车道空闲且左后方无来车，自车应向左变更车道。,自车当前在原车道正常行驶，前方有一辆银灰色SUV未行驶占据车道，影响自车通行，右侧车道空闲且左后方无来车，自车应向左变更车道。
1120,124,lane_change,reactive_obstacle_blocking,2.8,wrong_factor,direction_swap,"[1.0, 0.75]",1.0,1.0,1.0,0.95,自车当前在原车道正常行驶，前方有一辆银灰色SUV未行驶占据车道，影响自车通行，左侧车道空闲且左后方无来车，自车应向左变更车道。,自车当前在原车道正常行驶，前方有一辆银灰色SUV未行驶占据车道，影响自车通行，左侧车道空闲且右后方无来车，自车应向左变更车道。
1121,124,lane_change,reactive_obstacle_blocking,2.3,wrong_factor,same_category_subtype_swap,"[1.0, 0.75]",1.0,1.0,1.0,0.95,自车当前在原车道正常行驶，前方有一辆银灰色SUV未行驶占据车道，影响自车通行，左侧车道空闲且左后方无来车，自车应向左变更车道。,自车当前在原车道正常行驶，前方有一辆银灰色SUV未行驶占据车道，影响自车通行，左侧车道拥堵且左后方无来车，自车应向左变更车道。
1122,124,lane_change,reactive_obstacle_blocking,2.3,wrong_factor,same_category_subtype_swap,"[1.0, 0.75]",1.0,1.0,1.0,0.95,自车当前在原车道正常行驶，前方有一辆银灰色SUV未行驶占据车道，影响自车通行，左侧车道空闲且左后方无来车，自车应向左变更车道。,自车当前在原车道正常行驶，前方有一辆银灰色SUV未行驶占据车道，影响自车通行，左侧车道空闲且左后方有快速来车，自车应向左变更车道。
1123,124,lane_change,reactive_obstacle_blocking,1.7,wrong_factor,cross_category_swap,"[0.0, 0.0]",1.0,1.0,1.0,0.6,自车当前在原车道正常行驶，前方有一辆银灰色SUV未行驶占据车道，影响自车通行，左侧车道空闲且左后方无来车，自车应向左变更车道。,前方存在车辆遮挡盲区，自车应向左变更车道。
1124,124,lane_change,reactive_obstacle_blocking,1,unsafe_action,,"[1.0, 1.0]",1.0,1.0,1.0,1.0,自车当前在原车道正常行驶，前方有一辆银灰色SUV未行驶占据车道，影响自车通行，左侧车道空闲且左后方无来车，自车应向左变更车道。,自车当前在原车道正常行驶，前方有一辆银灰色SUV未行驶占据车道，影响自车通行，左侧车道空闲且左后方无来车，自车应向右变更车道。
1125,125,special,unclassified,5,complete,,[1.0],1.0,1.0,1.0,1.0,右前方存在灰色箱式货车正cutin自车车道，自车应减速行驶。,右前方存在灰色箱式货车正cutin自车车道，自车应减速行驶。
1126,125,special,unclassified,4,generalized,,[0.5],1.0,1.0,1.0,0.875,右前方存在灰色箱式货车正cutin自车车道，自车应减速行驶。,前方存在通行风险，自车应减速行驶通过。
1127,125,special,unclassified,3,missing_factor,,[0.75],1.0,1.0,1.0,0.9375,右前方存在灰色箱式货车正cutin自车车道，自车应减速行驶。,前方存在箱式货车正cutin自车车道，自车应减速行驶通过。
1128,125,special,unclassified,2.8,wrong_factor,direction_swap,[0.75],1.0,1.0,1.0,0.9375,右前方存在灰色箱式货车正cutin自车车道，自车应减速行驶。,左前方存在灰色箱式货车正cutin自车车道，自车应减速行驶。
1129,125,special,unclassified,1.7,wrong_factor,cross_category_swap,[0.0],1.0,1.0,1.0,0.75,右前方存在灰色箱式货车正cutin自车车道，自车应减速行驶。,前方存在无灯路口盲区，自车应减速行驶通过。
1130,125,special,unclassified,1,unsafe_action,,[1.0],1.0,0.0,1.0,0.75,右前方存在灰色箱式货车正cutin自车车道，自车应减速行驶。,右前方存在灰色箱式货车正cutin自车车道，自车应加速通过。
1131,126,curve,curve_geometry,5,complete,,[1.0],1.0,1.0,1.0,1.0,前方大曲率弯道上坡，自车应适当降低车速稳定通过弯道。,前方大曲率弯道上坡，自车应适当降低车速稳定通过弯道。
1132,126,curve,curve_geometry,4,generalized,,[0.5],1.0,1.0,1.0,0.875,前方大曲率弯道上坡，自车应适当降低车速稳定通过弯道。,前方存在弯道风险，自车应谨慎通行。
1133,126,curve,curve_geometry,3,missing_factor,,[1.0],1.0,1.0,1.0,1.0,前方大曲率弯道上坡，自车应适当降低车速稳定通过弯道。,前方大曲率弯道上坡，自车应谨慎通行。
1134,126,curve,curve_geometry,2.3,wrong_factor,same_category_subtype_swap,[0.0],1.0,0.0,1.0,0.5,前方大曲率弯道上坡，自车应适当降低车速稳定通过弯道。,前方减速带，自车应适当降低车速稳定通过弯道。
1135,126,curve,curve_geometry,2.3,wrong_factor,same_category_subtype_swap,[0.0],1.0,1.0,1.0,0.75,前方大曲率弯道上坡，自车应适当降低车速稳定通过弯道。,前方坡道上坡，自车应适当降低车速稳定通过弯道。
1136,126,curve,curve_geometry,2.3,wrong_factor,same_category_subtype_swap,[0.5],1.0,1.0,1.0,0.875,前方大曲率弯道上坡，自车应适当降低车速稳定通过弯道。,前方大曲率湿滑路面，自车应适当降低车速稳定通过弯道。
1137,126,curve,curve_geometry,1.7,wrong_factor,cross_category_swap,[0.0],1.0,1.0,0.0,0.5,前方大曲率弯道上坡，自车应适当降低车速稳定通过弯道。,右前方有车辆意图切入自车道，自车应谨慎通行。
1138,126,curve,curve_geometry,1,unsafe_action,,[1.0],1.0,0.0,1.0,0.75,前方大曲率弯道上坡，自车应适当降低车速稳定通过弯道。,前方大曲率弯道上坡，自车应加速通过。
1139,127,obstacle_avoidance,dynamic_obstacle,5,complete,,[1.0],1.0,1.0,1.0,1.0,自车当前在原车道正常行驶，右前方有两轮骑行者正在缓慢骑行，自车应向左避障。,自车当前在原车道正常行驶，右前方有两轮骑行者正在缓慢骑行，自车应向左避障。
1140,127,obstacle_avoidance,dynamic_obstacle,4,generalized,,[0.0],1.0,1.0,1.0,0.75,自车当前在原车道正常行驶，右前方有两轮骑行者正在缓慢骑行，自车应向左避障。,前方存在障碍物影响通行，自车应向左避障。
1141,127,obstacle_avoidance,dynamic_obstacle,3,missing_factor,,[0.25],1.0,1.0,1.0,0.8125,自车当前在原车道正常行驶，右前方有两轮骑行者正在缓慢骑行，自车应向左避障。,自车当前在原车道正常行驶，自车应向左避障。
1142,127,obstacle_avoidance,dynamic_obstacle,3,missing_factor,,[1.0],1.0,1.0,1.0,1.0,自车当前在原车道正常行驶，右前方有两轮骑行者正在缓慢骑行，自车应向左避障。,右前方有两轮骑行者正在缓慢骑行，自车应向左避障。
1143,127,obstacle_avoidance,dynamic_obstacle,2.8,wrong_factor,direction_swap,[0.75],1.0,1.0,1.0,0.9375,自车当前在原车道正常行驶，右前方有两轮骑行者正在缓慢骑行，自车应向左避障。,自车当前在原车道正常行驶，左前方有两轮骑行者正在缓慢骑行，自车应向左避障。
1144,127,obstacle_avoidance,dynamic_obstacle,2.3,wrong_factor,same_category_subtype_swap,[0.75],1.0,1.0,1.0,0.9375,自车当前在原车道正常行驶，右前方有两轮骑行者正在缓慢骑行，自车应向左避障。,自车当前在原车道正常行驶，右前方有三轮骑行者正在缓慢骑行，自车应向左避障。
1145,127,obstacle_avoidance,dynamic_obstacle,1.7,wrong_factor,cross_category_swap,[0.0],1.0,1.0,1.0,0.75,自车当前在原车道正常行驶，右前方有两轮骑行者正在缓慢骑行，自车应向左避障。,前方存在车辆遮挡盲区，自车应向左避障。
1146,127,obstacle_avoidance,dynamic_obstacle,1,unsafe_action,,[1.0],1.0,1.0,1.0,1.0,自车当前在原车道正常行驶，右前方有两轮骑行者正在缓慢骑行，自车应向左避障。,自车当前在原车道正常行驶，右前方有两轮骑行者正在缓慢骑行，自车应向右避障。
1147,128,obstacle_avoidance,static_obstacle_blocking_lane,5,complete,,"[1.0, 1.0]",1.0,1.0,1.0,1.0,自车当前在原车道正常行驶，前方有小汽车占道停放，左侧有白色小汽车对向行驶，自车应让行后向左避障。,自车当前在原车道正常行驶，前方有小汽车占道停放，左侧有白色小汽车对向行驶，自车应让行后向左避障。
1148,128,obstacle_avoidance,static_obstacle_blocking_lane,4,generalized,,"[0.5, 0.0]",0.0,1.0,1.0,0.5,自车当前在原车道正常行驶，前方有小汽车占道停放，左侧有白色小汽车对向行驶，自车应让行后向左避障。,前方存在障碍物影响通行，自车应减速让行。
1149,128,obstacle_avoidance,static_obstacle_blocking_lane,3,missing_factor,,"[1.0, 0.0]",0.0,1.0,1.0,0.6,自车当前在原车道正常行驶，前方有小汽车占道停放，左侧有白色小汽车对向行驶，自车应让行后向左避障。,自车当前在原车道正常行驶，前方有小汽车占道停放，自车应减速让行。
1150,128,obstacle_avoidance,static_obstacle_blocking_lane,3,missing_factor,,"[1.0, 1.0]",0.0,1.0,1.0,0.8,自车当前在原车道正常行驶，前方有小汽车占道停放，左侧有白色小汽车对向行驶，自车应让行后向左避障。,前方有小汽车占道停放，左侧有白色小汽车对向行驶，自车应减速让行。
1151,128,obstacle_avoidance,static_obstacle_blocking_lane,3,missing_factor,,"[0.0, 1.0]",0.0,1.0,1.0,0.6,自车当前在原车道正常行驶，前方有小汽车占道停放，左侧有白色小汽车对向行驶，自车应让行后向左避障。,自车当前在原车道正常行驶，左侧有白色小汽车对向行驶，自车应减速让行。
1152,128,obstacle_avoidance,static_obstacle_blocking_lane,2.8,wrong_factor,direction_swap,"[1.0, 0.0]",1.0,1.0,1.0,0.8,自车当前在原车道正常行驶，前方有小汽车占道停放，左侧有白色小汽车对向行驶，自车应让行后向左避障。,自车当前在原车道正常行驶，前方有小汽车占道停放，右侧有白色小汽车对向行驶，自车应让行后向左避障。
1153,128,obstacle_avoidance,static_obstacle_blocking_lane,2.3,wrong_factor,same_category_subtype_swap,"[0.75, 1.0]",1.0,1.0,1.0,0.95,自车当前在原车道正常行驶，前方有小汽车占道停放，左侧有白色小汽车对向行驶，自车应让行后向左避障。,自车当前在原车道正常行驶，前方有货车占道停放，左侧有白色小汽车对向行驶，自车应让行后向左避障。
1154,128,obstacle_avoidance,static_obstacle_blocking_lane,1.7,wrong_factor,cross_category_swap,"[0.0, 0.0]",0.0,1.0,1.0,0.4,自车当前在原车道正常行驶，前方有小汽车占道停放，左侧有白色小汽车对向行驶，自车应让行后向左避障。,前方存在车辆遮挡盲区，自车应减速让行。
1155,128,obstacle_avoidance,static_obstacle_blocking_lane,1,unsafe_action,,"[1.0, 1.0]",0.0,0.0,0.0,0.4,自车当前在原车道正常行驶，前方有小汽车占道停放，左侧有白色小汽车对向行驶，自车应让行后向左避障。,自车当前在原车道正常行驶，前方有小汽车占道停放，左侧有白色小汽车对向行驶，自车应加速通过。
1156,129,obstacle_avoidance,static_obstacle_blocking_lane,5,complete,,[0.75],0.0,1.0,1.0,0.6875,自车当前在原车道正常行驶，前方有一辆红色货车未行驶占据自车道，阻挡自车通行。,自车当前在原车道正常行驶，前方有一辆红色货车未行驶占据自车道，阻挡自车通行，自车应向左避障。
1157,129,obstacle_avoidance,static_obstacle_blocking_lane,4,generalized,,[0.0],0.0,1.0,1.0,0.5,自车当前在原车道正常行驶，前方有一辆红色货车未行驶占据自车道，阻挡自车通行。,前方存在障碍物影响通行，自车应向左避障。
1158,129,obstacle_avoidance,static_obstacle_blocking_lane,3,missing_factor,,[0.75],0.0,1.0,1.0,0.6875,自车当前在原车道正常行驶，前方有一辆红色货车未行驶占据自车道，阻挡自车通行。,自车当前在原车道正常行驶，前方有一辆红色货车未行驶占据自车道，自车应向左避障。
1159,129,obstacle_avoidance,static_obstacle_blocking_lane,3,missing_factor,,[0.75],0.0,1.0,1.0,0.6875,自车当前在原车道正常行驶，前方有一辆红色货车未行驶占据自车道，阻挡自车通行。,前方有一辆红色货车未行驶占据自车道，阻挡自车通行，自车应向左避障。
1160,129,obstacle_avoidance,static_obstacle_blocking_lane,3,missing_factor,,[0.75],0.0,1.0,1.0,0.6875,自车当前在原车道正常行驶，前方有一辆红色货车未行驶占据自车道，阻挡自车通行。,自车当前在原车道正常行驶，阻挡自车通行，自车应向左避障。
1161,129,obstacle_avoidance,static_obstacle_blocking_lane,2.3,wrong_factor,same_category_subtype_swap,[0.75],0.0,1.0,1.0,0.6875,自车当前在原车道正常行驶，前方有一辆红色货车未行驶占据自车道，阻挡自车通行。,自车当前在原车道正常行驶，前方有一辆红色小汽车未行驶占据自车道，阻挡自车通行，自车应向左避障。
1162,129,obstacle_avoidance,static_obstacle_blocking_lane,1.7,wrong_factor,cross_category_swap,[0.0],0.0,1.0,1.0,0.5,自车当前在原车道正常行驶，前方有一辆红色货车未行驶占据自车道，阻挡自车通行。,前方存在车辆遮挡盲区，自车应向左避障。
1163,129,obstacle_avoidance,static_obstacle_blocking_lane,1,unsafe_action,,[0.75],0.0,1.0,1.0,0.6875,自车当前在原车道正常行驶，前方有一辆红色货车未行驶占据自车道，阻挡自车通行。,自车当前在原车道正常行驶，前方有一辆红色货车未行驶占据自车道，阻挡自车通行，自车应向右避障。
1164,130,lane_change,must_wait,5,complete,,"[1.0, 1.0]",1.0,1.0,1.0,1.0,左侧车道正常通行，左后方有一辆红色货车，速度较快，自车应等待其通过后再向左变更车道。,左侧车道正常通行，左后方有一辆红色货车，速度较快，自车应等待其通过后再向左变更车道。
1165,130,lane_change,must_wait,4,generalized,,"[0.5, 0.0]",0.0,1.0,1.0,0.5,左侧车道正常通行，左后方有一辆红色货车，速度较快，自车应等待其通过后再向左变更车道。,前方通行受阻，左侧车道具备换道条件，自车应向左变更车道。
1166,130,lane_change,must_wait,3,missing_factor,,"[1.0, 1.0]",1.0,1.0,0.0,0.8,左侧车道正常通行，左后方有一辆红色货车，速度较快，自车应等待其通过后再向左变更车道。,左侧车道正常通行，左后方有一辆红色货车，自车应向左变更车道。
1167,130,lane_change,must_wait,3,missing_factor,,"[0.0, 1.0]",1.0,1.0,0.0,0.6,左侧车道正常通行，左后方有一辆红色货车，速度较快，自车应等待其通过后再向左变更车道。,左后方有一辆红色货车，速度较快，自车应向左变更车道。
1168,130,lane_change,must_wait,3,missing_factor,,"[1.0, 0.0]",1.0,1.0,0.0,0.6,左侧车道正常通行，左后方有一辆红色货车，速度较快，自车应等待其通过后再向左变更车道。,左侧车道正常通行，速度较快，自车应向左变更车道。
1169,130,lane_change,must_wait,2.8,wrong_factor,direction_swap,"[0.0, 1.0]",1.0,1.0,1.0,0.8,左侧车道正常通行，左后方有一辆红色货车，速度较快，自车应等待其通过后再向左变更车道。,右侧车道正常通行，左后方有一辆红色货车，速度较快，自车应等待其通过后再向左变更车道。
1170,130,lane_change,must_wait,2.8,wrong_factor,direction_swap,"[1.0, 0.75]",1.0,1.0,1.0,0.95,左侧车道正常通行，左后方有一辆红色货车，速度较快，自车应等待其通过后再向左变更车道。,左侧车道正常通行，右后方有一辆红色货车，速度较快，自车应等待其通过后再向左变更车道。
1171,130,lane_change,must_wait,2.3,wrong_factor,same_category_subtype_swap,"[0.75, 1.0]",1.0,1.0,1.0,0.95,左侧车道正常通行，左后方有一辆红色货车，速度较快，自车应等待其通过后再向左变更车道。,左侧车道通行效率较低，左后方有一辆红色货车，速度较快，自车应等待其通过后再向左变更车道。
1172,130,lane_change,must_wait,2.3,wrong_factor,same_category_subtype_swap,"[1.0, 1.0]",1.0,1.0,1.0,1.0,左侧车道正常通行，左后方有一辆红色货车，速度较快，自车应等待其通过后再向左变更车道。,左侧车道正常通行，左后方有一辆红色货车，速度较慢，自车应等待其通过后再向左变更车道。
1173,130,lane_change,must_wait,1.7,wrong_factor,cross_category_swap,"[0.0, 0.0]",1.0,1.0,0.0,0.4,左侧车道正常通行，左后方有一辆红色货车，速度较快，自车应等待其通过后再向左变更车道。,前方存在车辆遮挡盲区，自车应向左变更车道。
1174,130,lane_change,must_wait,1,unsafe_action,,"[1.0, 1.0]",1.0,1.0,0.0,0.8,左侧车道正常通行，左后方有一辆红色货车，速度较快，自车应等待其通过后再向左变更车道。,左侧车道正常通行，左后方有一辆红色货车，速度较快，自车应向右变更车道。
1175,131,yielding,decelerate_to_yield,5,complete,,[1.0],1.0,1.0,1.0,1.0,左前方一辆黄色SUV意图切入自车道，自车应减速让行。,左前方一辆黄色SUV意图切入自车道，自车应减速让行。
1176,131,yielding,decelerate_to_yield,4,generalized,,[0.5],1.0,1.0,1.0,0.875,左前方一辆黄色SUV意图切入自车道，自车应减速让行。,前方有交通参与者影响自车通行，自车应减速让行。
1177,131,yielding,decelerate_to_yield,3,missing_factor,,[0.75],1.0,1.0,1.0,0.9375,左前方一辆黄色SUV意图切入自车道，自车应减速让行。,前方一辆SUV意图切入自车道，自车应减速让行。
1178,131,yielding,decelerate_to_yield,2.8,wrong_factor,direction_swap,[0.75],1.0,1.0,1.0,0.9375,左前方一辆黄色SUV意图切入自车道，自车应减速让行。,右前方一辆黄色SUV意图切入自车道，自车应减速让行。
1179,131,yielding,decelerate_to_yield,2.3,wrong_factor,same_category_subtype_swap,[0.75],1.0,1.0,1.0,0.9375,左前方一辆黄色SUV意图切入自车道，自车应减速让行。,左前方一辆黄色面包车意图切入自车道，自车应减速让行。
1180,131,yielding,decelerate_to_yield,2.3,wrong_factor,same_category_subtype_swap,[0.75],1.0,1.0,1.0,0.9375,左前方一辆黄色SUV意图切入自车道，自车应减速让行。,左前方一辆黄色SUV正常行驶自车道，自车应减速让行。
1181,131,yielding,decelerate_to_yield,1.7,wrong_factor,cross_category_swap,[0.0],1.0,1.0,1.0,0.75,左前方一辆黄色SUV意图切入自车道，自车应减速让行。,前方存在坑洼路面，自车应减速让行。
1182,131,yielding,decelerate_to_yield,1,unsafe_action,,[1.0],1.0,0.0,1.0,0.75,左前方一辆黄色SUV意图切入自车道，自车应减速让行。,左前方一辆黄色SUV意图切入自车道，自车应加速通过。
1183,132,obstacle_avoidance,static_obstacle_blocking_lane,5,complete,,[1.0],1.0,1.0,1.0,1.0,自车当前在原车道正常行驶，左前方有小汽车占道行驶，自车应向右避障。,自车当前在原车道正常行驶，左前方有小汽车占道行驶，自车应向右避障。
1184,132,obstacle_avoidance,static_obstacle_blocking_lane,4,generalized,,[0.25],1.0,1.0,1.0,0.8125,自车当前在原车道正常行驶，左前方有小汽车占道行驶，自车应向右避障。,前方存在障碍物影响通行，自车应向右避障。
1185,132,obstacle_avoidance,static_obstacle_blocking_lane,3,missing_factor,,[0.0],1.0,1.0,1.0,0.75,自车当前在原车道正常行驶，左前方有小汽车占道行驶，自车应向右避障。,自车当前在原车道正常行驶，自车应向右避障。
1186,132,obstacle_avoidance,static_obstacle_blocking_lane,3,missing_factor,,[1.0],1.0,1.0,1.0,1.0,自车当前在原车道正常行驶，左前方有小汽车占道行驶，自车应向右避障。,左前方有小汽车占道行驶，自车应向右避障。
1187,132,obstacle_avoidance,static_obstacle_blocking_lane,2.8,wrong_factor,direction_swap,[0.75],1.0,1.0,1.0,0.9375,自车当前在原车道正常行驶，左前方有小汽车占道行驶，自车应向右避障。,自车当前在原车道正常行驶，右前方有小汽车占道行驶，自车应向右避障。
1188,132,obstacle_avoidance,static_obstacle_blocking_lane,2.3,wrong_factor,same_category_subtype_swap,[0.75],1.0,1.0,1.0,0.9375,自车当前在原车道正常行驶，左前方有小汽车占道行驶，自车应向右避障。,自车当前在原车道正常行驶，左前方有货车占道行驶，自车应向右避障。
1189,132,obstacle_avoidance,static_obstacle_blocking_lane,1.7,wrong_factor,cross_category_swap,[0.0],1.0,1.0,1.0,0.75,自车当前在原车道正常行驶，左前方有小汽车占道行驶，自车应向右避障。,前方存在车辆遮挡盲区，自车应向右避障。
1190,132,obstacle_avoidance,static_obstacle_blocking_lane,1,unsafe_action,,[1.0],1.0,1.0,1.0,1.0,自车当前在原车道正常行驶，左前方有小汽车占道行驶，自车应向右避障。,自车当前在原车道正常行驶，左前方有小汽车占道行驶，自车应向左避障。
1191,133,lane_change,proactive_slow_ahead,5,complete,,[1.0],1.0,1.0,1.0,1.0,自车当前车道前方一辆白色小汽车速度较慢，右侧车道空闲且右后方一辆银色小汽车速度较慢，自车应向右变更车道。,自车当前车道前方一辆白色小汽车速度较慢，右侧车道空闲且右后方一辆银色小汽车速度较慢，自车应向右变更车道。
1192,133,lane_change,proactive_slow_ahead,4,generalized,,[0.5],0.0,1.0,0.0,0.375,自车当前车道前方一辆白色小汽车速度较慢，右侧车道空闲且右后方一辆银色小汽车速度较慢，自车应向右变更车道。,前方通行受阻，右侧车道具备换道条件，自车应向右变更车道。
1193,133,lane_change,proactive_slow_ahead,3,missing_factor,,[0.0],1.0,1.0,1.0,0.75,自车当前车道前方一辆白色小汽车速度较慢，右侧车道空闲且右后方一辆银色小汽车速度较慢，自车应向右变更车道。,自车当前车道前方一辆白色小汽车速度较慢，自车应向右变更车道。
1194,133,lane_change,proactive_slow_ahead,3,missing_factor,,[1.0],1.0,1.0,1.0,1.0,自车当前车道前方一辆白色小汽车速度较慢，右侧车道空闲且右后方一辆银色小汽车速度较慢，自车应向右变更车道。,右侧车道空闲且右后方一辆银色小汽车速度较慢，自车应向右变更车道。
1195,133,lane_change,proactive_slow_ahead,3,missing_factor,,[0.0],1.0,1.0,1.0,0.75,自车当前车道前方一辆白色小汽车速度较慢，右侧车道空闲且右后方一辆银色小汽车速度较慢，自车应向右变更车道。,自车当前车道前方一辆小汽车速度较慢，自车应向右变更车道。
1196,133,lane_change,proactive_slow_ahead,2.8,wrong_factor,direction_swap,[0.0],1.0,1.0,1.0,0.75,自车当前车道前方一辆白色小汽车速度较慢，右侧车道空闲且右后方一辆银色小汽车速度较慢，自车应向右变更车道。,自车当前车道前方一辆白色小汽车速度较慢，左侧车道空闲且右后方一辆银色小汽车速度较慢，自车应向右变更车道。
1197,133,lane_change,proactive_slow_ahead,2.8,wrong_factor,direction_swap,[0.75],1.0,1.0,1.0,0.9375,自车当前车道前方一辆白色小汽车速度较慢，右侧车道空闲且右后方一辆银色小汽车速度较慢，自车应向右变更车道。,自车当前车道前方一辆白色小汽车速度较慢，右侧车道空闲且左后方一辆银色小汽车速度较慢，自车应向右变更车道。
1198,133,lane_change,proactive_slow_ahead,2.3,wrong_factor,same_category_subtype_swap,[0.75],1.0,1.0,1.0,0.9375,自车当前车道前方一辆白色小汽车速度较慢，右侧车道空闲且右后方一辆银色小汽车速度较慢，自车应向右变更车道。,自车当前车道前方一辆白色小汽车速度较慢，右侧车道拥堵且右后方一辆银色小汽车速度较慢，自车应向右变更车道。
1199,133,lane_change,proactive_slow_ahead,2.3,wrong_factor,same_category_subtype_swap,[1.0],1.0,1.0,1.0,1.0,自车当前车道前方一辆白色小汽车速度较慢，右侧车道空闲且右后方一辆银色小汽车速度较慢，自车应向右变更车道。,自车当前车道前方一辆白色小汽车速度较快，右侧车道空闲且右后方一辆银色小汽车速度较慢，自车应向右变更车道。
1200,133,lane_change,proactive_slow_ahead,1.7,wrong_factor,cross_category_swap,[0.0],1.0,1.0,1.0,0.75,自车当前车道前方一辆白色小汽车速度较慢，右侧车道空闲且右后方一辆银色小汽车速度较慢，自车应向右变更车道。,前方存在车辆遮挡盲区，自车应向右变更车道。
1201,133,lane_change,proactive_slow_ahead,1,unsafe_action,,[1.0],1.0,1.0,1.0,1.0,自车当前车道前方一辆白色小汽车速度较慢，右侧车道空闲且右后方一辆银色小汽车速度较慢，自车应向右变更车道。,自车当前车道前方一辆白色小汽车速度较慢，右侧车道空闲且右后方一辆银色小汽车速度较慢，自车应向左变更车道。
1202,134,lane_change,reactive_obstacle_blocking,5,complete,,[1.0],1.0,1.0,1.0,1.0,自车道前方有锥桶障碍物阻挡自车，右侧车道空闲且并无来车，自车应向右变更车道。,自车道前方有锥桶障碍物阻挡自车，右侧车道空闲且并无来车，自车应向右变更车道。
1203,134,lane_change,reactive_obstacle_blocking,4,generalized,,[0.5],0.0,1.0,0.0,0.375,自车道前方有锥桶障碍物阻挡自车，右侧车道空闲且并无来车，自车应向右变更车道。,前方通行受阻，右侧车道具备换道条件，自车应向右变更车道。
1204,134,lane_change,reactive_obstacle_blocking,3,missing_factor,,[0.0],1.0,1.0,1.0,0.75,自车道前方有锥桶障碍物阻挡自车，右侧车道空闲且并无来车，自车应向右变更车道。,自车道前方有锥桶障碍物阻挡自车，自车应向右变更车道。
1205,134,lane_change,reactive_obstacle_blocking,3,missing_factor,,[1.0],1.0,1.0,1.0,1.0,自车道前方有锥桶障碍物阻挡自车，右侧车道空闲且并无来车，自车应向右变更车道。,右侧车道空闲且并无来车，自车应向右变更车道。
1206,134,lane_change,reactive_obstacle_blocking,2.8,wrong_factor,direction_swap,[0.0],1.0,1.0,1.0,0.75,自车道前方有锥桶障碍物阻挡自车，右侧车道空闲且并无来车，自车应向右变更车道。,自车道前方有锥桶障碍物阻挡自车，左侧车道空闲且并无来车，自车应向右变更车道。
1207,134,lane_change,reactive_obstacle_blocking,2.3,wrong_factor,same_category_subtype_swap,[0.75],1.0,1.0,1.0,0.9375,自车道前方有锥桶障碍物阻挡自车，右侧车道空闲且并无来车，自车应向右变更车道。,自车道前方有锥桶障碍物阻挡自车，右侧车道拥堵且并无来车，自车应向右变更车道。
1208,134,lane_change,reactive_obstacle_blocking,2.3,wrong_factor,same_category_subtype_swap,[0.75],1.0,1.0,1.0,0.9375,自车道前方有锥桶障碍物阻挡自车，右侧车道空闲且并无来车，自车应向右变更车道。,自车道前方有锥桶障碍物阻挡自车，右侧车道空闲且并有快速来车，自车应向右变更车道。
1209,134,lane_change,reactive_obstacle_blocking,1.7,wrong_factor,cross_category_swap,[1.0],1.0,1.0,1.0,1.0,自车道前方有锥桶障碍物阻挡自车，右侧车道空闲且并无来车，自车应向右变更车道。,自车道前方有豁口盲区障碍物阻挡自车，右侧车道空闲且并无来车，自车应向右变更车道。
1210,134,lane_change,reactive_obstacle_blocking,1.7,wrong_factor,cross_category_swap,[0.0],1.0,1.0,1.0,0.75,自车道前方有锥桶障碍物阻挡自车，右侧车道空闲且并无来车，自车应向右变更车道。,前方存在车辆遮挡盲区，自车应向右变更车道。
1211,134,lane_change,reactive_obstacle_blocking,1,unsafe_action,,[1.0],1.0,1.0,1.0,1.0,自车道前方有锥桶障碍物阻挡自车，右侧车道空闲且并无来车，自车应向右变更车道。,自车道前方有锥桶障碍物阻挡自车，右侧车道空闲且并无来车，自车应向左变更车道。
1212,135,lane_change,reactive_obstacle_blocking,5,complete,,[1.0],1.0,1.0,1.0,1.0,"自车当前在原车道行驶，自车道前方一辆电动车停靠阻挡自车通行，左侧车道相对空闲,自车应向左变更车道。","自车当前在原车道行驶，自车道前方一辆电动车停靠阻挡自车通行，左侧车道相对空闲,自车应向左变更车道。"
1213,135,lane_change,reactive_obstacle_blocking,4,generalized,,[0.5],0.0,1.0,0.0,0.375,"自车当前在原车道行驶，自车道前方一辆电动车停靠阻挡自车通行，左侧车道相对空闲,自车应向左变更车道。",前方通行受阻，左侧车道具备换道条件，自车应向左变更车道。
1214,135,lane_change,reactive_obstacle_blocking,3,missing_factor,,[0.75],1.0,1.0,1.0,0.9375,"自车当前在原车道行驶，自车道前方一辆电动车停靠阻挡自车通行，左侧车道相对空闲,自车应向左变更车道。",自车当前在原车道行驶，自车应向左变更车道。
1215,135,lane_change,reactive_obstacle_blocking,3,missing_factor,,[0.75],1.0,1.0,1.0,0.9375,"自车当前在原车道行驶，自车道前方一辆电动车停靠阻挡自车通行，左侧车道相对空闲,自车应向左变更车道。",自车道前方一辆电动车停靠阻挡自车通行，自车应向左变更车道。
1216,135,lane_change,reactive_obstacle_blocking,2.8,wrong_factor,direction_swap,[0.75],1.0,1.0,1.0,0.9375,"自车当前在原车道行驶，自车道前方一辆电动车停靠阻挡自车通行，左侧车道相对空闲,自车应向左变更车道。","自车当前在原车道行驶，自车道前方一辆电动车停靠阻挡自车通行，右侧车道相对空闲,自车应向左变更车道。"
1217,135,lane_change,reactive_obstacle_blocking,2.3,wrong_factor,same_category_subtype_swap,[0.75],1.0,1.0,1.0,0.9375,"自车当前在原车道行驶，自车道前方一辆电动车停靠阻挡自车通行，左侧车道相对空闲,自车应向左变更车道。","自车当前在原车道行驶，自车道前方一辆电动车停靠阻挡自车通行，左侧车道相对拥堵,自车应向左变更车道。"
1218,135,lane_change,reactive_obstacle_blocking,1.7,wrong_factor,cross_category_swap,[0.0],1.0,1.0,1.0,0.75,"自车当前在原车道行驶，自车道前方一辆电动车停靠阻挡自车通行，左侧车道相对空闲,自车应向左变更车道。",前方存在车辆遮挡盲区，自车应向左变更车道。
1219,135,lane_change,reactive_obstacle_blocking,1,unsafe_action,,[0.75],1.0,1.0,1.0,0.9375,"自车当前在原车道行驶，自车道前方一辆电动车停靠阻挡自车通行，左侧车道相对空闲,自车应向左变更车道。","自车当前在原车道行驶，自车道前方一辆电动车停靠阻挡自车通行，左侧车道相对空闲,自车应向右变更车道。"
1220,136,traffic_signal,green_light_go,5,complete,,"[1.0, 1.0]",1.0,1.0,1.0,1.0,自车当前在原车道正常行驶，自车道前方有较多车辆等待红绿灯，影响自车通行效率，右侧车道通行效率较高，右前方绿色施工车与右后方车存在足够换道空隙，自车应向右变更车道。,自车当前在原车道正常行驶，自车道前方有较多车辆等待红绿灯，影响自车通行效率，右侧车道通行效率较高，右前方绿色施工车与右后方车存在足够换道空隙，自车应向右变更车道。
1221,136,traffic_signal,green_light_go,4,generalized,,"[0.0, 0.0]",0.0,1.0,1.0,0.4,自车当前在原车道正常行驶，自车道前方有较多车辆等待红绿灯，影响自车通行效率，右侧车道通行效率较高，右前方绿色施工车与右后方车存在足够换道空隙，自车应向右变更车道。,当前路口信号允许通行，自车应向右变更车道。
1222,136,traffic_signal,green_light_go,3,missing_factor,,"[1.0, 0.0]",0.0,1.0,1.0,0.6,自车当前在原车道正常行驶，自车道前方有较多车辆等待红绿灯，影响自车通行效率，右侧车道通行效率较高，右前方绿色施工车与右后方车存在足够换道空隙，自车应向右变更车道。,自车当前在原车道正常行驶，自车道前方有较多车辆等待红绿灯，影响自车通行效率，右侧车道通行效率较高，自车应向右变更车道。
1223,136,traffic_signal,green_light_go,3,missing_factor,,"[1.0, 1.0]",1.0,1.0,1.0,1.0,自车当前在原车道正常行驶，自车道前方有较多车辆等待红绿灯，影响自车通行效率，右侧车道通行效率较高，右前方绿色施工车与右后方车存在足够换道空隙，自车应向右变更车道。,自车道前方有较多车辆等待红绿灯，影响自车通行效率，右侧车道通行效率较高，右前方绿色施工车与右后方车存在足够换道空隙，自车应向右变更车道。
1224,136,traffic_signal,green_light_go,3,missing_factor,,"[0.0, 1.0]",1.0,1.0,0.0,0.6,自车当前在原车道正常行驶，自车道前方有较多车辆等待红绿灯，影响自车通行效率，右侧车道通行效率较高，右前方绿色施工车与右后方车存在足够换道空隙，自车应向右变更车道。,自车当前在原车道正常行驶，右前方绿色施工车与右后方车存在足够换道空隙，自车应向右变更车道。
1225,136,traffic_signal,green_light_go,2.8,wrong_factor,direction_swap,"[1.0, 0.75]",1.0,1.0,1.0,0.95,自车当前在原车道正常行驶，自车道前方有较多车辆等待红绿灯，影响自车通行效率，右侧车道通行效率较高，右前方绿色施工车与右后方车存在足够换道空隙，自车应向右变更车道。,自车当前在原车道正常行驶，自车道前方有较多车辆等待红绿灯，影响自车通行效率，右侧车道通行效率较高，左前方绿色施工车与右后方车存在足够换道空隙，自车应向右变更车道。
1226,136,traffic_signal,green_light_go,2.8,wrong_factor,direction_swap,"[0.0, 1.0]",1.0,1.0,1.0,0.8,自车当前在原车道正常行驶，自车道前方有较多车辆等待红绿灯，影响自车通行效率，右侧车道通行效率较高，右前方绿色施工车与右后方车存在足够换道空隙，自车应向右变更车道。,自车当前在原车道正常行驶，自车道前方有较多车辆等待红绿灯，影响自车通行效率，左侧车道通行效率较高，右前方绿色施工车与右后方车存在足够换道空隙，自车应向右变更车道。
1227,136,traffic_signal,green_light_go,2.3,wrong_factor,same_category_subtype_swap,"[1.0, 0.75]",1.0,1.0,1.0,0.95,自车当前在原车道正常行驶，自车道前方有较多车辆等待红绿灯，影响自车通行效率，右侧车道通行效率较高，右前方绿色施工车与右后方车存在足够换道空隙，自车应向右变更车道。,自车当前在原车道正常行驶，自车道前方有较多车辆等待红绿灯，影响自车通行效率，右侧车道通行效率较高，右前方红色施工车与右后方车存在足够换道空隙，自车应向右变更车道。
1228,136,traffic_signal,green_light_go,2.3,wrong_factor,same_category_subtype_swap,"[1.0, 1.0]",1.0,1.0,1.0,1.0,自车当前在原车道正常行驶，自车道前方有较多车辆等待红绿灯，影响自车通行效率，右侧车道通行效率较高，右前方绿色施工车与右后方车存在足够换道空隙，自车应向右变更车道。,自车当前在原车道正常行驶，自车道前方有较多车辆等待红红灯，影响自车通行效率，右侧车道通行效率较高，右前方绿色施工车与右后方车存在足够换道空隙，自车应向右变更车道。
1229,136,traffic_signal,green_light_go,1.7,wrong_factor,cross_category_swap,"[0.0, 0.25]",0.0,1.0,0.0,0.25,自车当前在原车道正常行驶，自车道前方有较多车辆等待红绿灯，影响自车通行效率，右侧车道通行效率较高，右前方绿色施工车与右后方车存在足够换道空隙，自车应向右变更车道。,前方存在施工区域占道，自车应向右变更车道。
1230,136,traffic_signal,green_light_go,1,unsafe_action,,"[1.0, 1.0]",1.0,1.0,1.0,1.0,自车当前在原车道正常行驶，自车道前方有较多车辆等待红绿灯，影响自车通行效率，右侧车道通行效率较高，右前方绿色施工车与右后方车存在足够换道空隙，自车应向右变更车道。,自车当前在原车道正常行驶，自车道前方有较多车辆等待红绿灯，影响自车通行效率，右侧车道通行效率较高，右前方绿色施工车与右后方车存在足够换道空隙，自车应向左变更车道。
1231,137,yielding,decelerate_to_yield,5,complete,,[1.0],1.0,1.0,1.0,1.0,自车当前在原车道正常行驶，右前方有行人行走，对向车道有黑色小汽车正在行驶，自车应减速让行后再向左避障。,自车当前在原车道正常行驶，右前方有行人行走，对向车道有黑色小汽车正在行驶，自车应减速让行后再向左避障。
1232,137,yielding,decelerate_to_yield,4,generalized,,[0.25],0.0,1.0,1.0,0.5625,自车当前在原车道正常行驶，右前方有行人行走，对向车道有黑色小汽车正在行驶，自车应减速让行后再向左避障。,前方有交通参与者影响自车通行，自车应减速让行。
1233,137,yielding,decelerate_to_yield,3,missing_factor,,[1.0],0.0,1.0,1.0,0.75,自车当前在原车道正常行驶，右前方有行人行走，对向车道有黑色小汽车正在行驶，自车应减速让行后再向左避障。,自车当前在原车道正常行驶，右前方有行人行走，自车应减速让行。
1234,137,yielding,decelerate_to_yield,3,missing_factor,,[1.0],0.0,1.0,1.0,0.75,自车当前在原车道正常行驶，右前方有行人行走，对向车道有黑色小汽车正在行驶，自车应减速让行后再向左避障。,右前方有行人行走，对向车道有黑色小汽车正在行驶，自车应减速让行。
1235,137,yielding,decelerate_to_yield,3,missing_factor,,[0.25],0.0,1.0,1.0,0.5625,自车当前在原车道正常行驶，右前方有行人行走，对向车道有黑色小汽车正在行驶，自车应减速让行后再向左避障。,自车当前在原车道正常行驶，对向车道有黑色小汽车正在行驶，自车应减速让行。
1236,137,yielding,decelerate_to_yield,2.8,wrong_factor,direction_swap,[0.75],1.0,1.0,1.0,0.9375,自车当前在原车道正常行驶，右前方有行人行走，对向车道有黑色小汽车正在行驶，自车应减速让行后再向左避障。,自车当前在原车道正常行驶，左前方有行人行走，对向车道有黑色小汽车正在行驶，自车应减速让行后再向左避障。
1237,137,yielding,decelerate_to_yield,2.3,wrong_factor,same_category_subtype_swap,[1.0],1.0,1.0,1.0,1.0,自车当前在原车道正常行驶，右前方有行人行走，对向车道有黑色小汽车正在行驶，自车应减速让行后再向左避障。,自车当前在原车道正常行驶，右前方有行人行走，对向车道有黑色货车正在行驶，自车应减速让行后再向左避障。
1238,137,yielding,decelerate_to_yield,2.3,wrong_factor,same_category_subtype_swap,[0.75],1.0,1.0,1.0,0.9375,自车当前在原车道正常行驶，右前方有行人行走，对向车道有黑色小汽车正在行驶，自车应减速让行后再向左避障。,自车当前在原车道正常行驶，右前方有车辆行走，对向车道有黑色小汽车正在行驶，自车应减速让行后再向左避障。
1239,137,yielding,decelerate_to_yield,1.7,wrong_factor,cross_category_swap,[0.0],0.0,1.0,1.0,0.5,自车当前在原车道正常行驶，右前方有行人行走，对向车道有黑色小汽车正在行驶，自车应减速让行后再向左避障。,前方存在坑洼路面，自车应减速让行。
1240,137,yielding,decelerate_to_yield,1,unsafe_action,,[1.0],0.0,0.0,1.0,0.5,自车当前在原车道正常行驶，右前方有行人行走，对向车道有黑色小汽车正在行驶，自车应减速让行后再向左避障。,自车当前在原车道正常行驶，右前方有行人行走，对向车道有黑色小汽车正在行驶，自车应加速通过。
1241,138,lane_change,reactive_obstacle_blocking,5,complete,,[1.0],1.0,1.0,1.0,1.0,自车道前方有一辆白色小汽车未行驶占据车道，阻挡自车通行，左侧车道通行效率较高且左后方无来车，自车应向左变更车道。,自车道前方有一辆白色小汽车未行驶占据车道，阻挡自车通行，左侧车道通行效率较高且左后方无来车，自车应向左变更车道。
1242,138,lane_change,reactive_obstacle_blocking,4,generalized,,[0.5],0.0,1.0,0.0,0.375,自车道前方有一辆白色小汽车未行驶占据车道，阻挡自车通行，左侧车道通行效率较高且左后方无来车，自车应向左变更车道。,前方通行受阻，左侧车道具备换道条件，自车应向左变更车道。
1243,138,lane_change,reactive_obstacle_blocking,3,missing_factor,,[0.0],1.0,1.0,1.0,0.75,自车道前方有一辆白色小汽车未行驶占据车道，阻挡自车通行，左侧车道通行效率较高且左后方无来车，自车应向左变更车道。,自车道前方有一辆白色小汽车未行驶占据车道，阻挡自车通行，自车应向左变更车道。
1244,138,lane_change,reactive_obstacle_blocking,3,missing_factor,,[1.0],1.0,1.0,1.0,1.0,自车道前方有一辆白色小汽车未行驶占据车道，阻挡自车通行，左侧车道通行效率较高且左后方无来车，自车应向左变更车道。,阻挡自车通行，左侧车道通行效率较高且左后方无来车，自车应向左变更车道。
1245,138,lane_change,reactive_obstacle_blocking,3,missing_factor,,[1.0],1.0,1.0,1.0,1.0,自车道前方有一辆白色小汽车未行驶占据车道，阻挡自车通行，左侧车道通行效率较高且左后方无来车，自车应向左变更车道。,自车道前方有一辆白色小汽车未行驶占据车道，左侧车道通行效率较高且左后方无来车，自车应向左变更车道。
1246,138,lane_change,reactive_obstacle_blocking,2.8,wrong_factor,direction_swap,[0.0],1.0,1.0,1.0,0.75,自车道前方有一辆白色小汽车未行驶占据车道，阻挡自车通行，左侧车道通行效率较高且左后方无来车，自车应向左变更车道。,自车道前方有一辆白色小汽车未行驶占据车道，阻挡自车通行，右侧车道通行效率较高且左后方无来车，自车应向左变更车道。
1247,138,lane_change,reactive_obstacle_blocking,2.8,wrong_factor,direction_swap,[0.75],1.0,1.0,1.0,0.9375,自车道前方有一辆白色小汽车未行驶占据车道，阻挡自车通行，左侧车道通行效率较高且左后方无来车，自车应向左变更车道。,自车道前方有一辆白色小汽车未行驶占据车道，阻挡自车通行，左侧车道通行效率较高且右后方无来车，自车应向左变更车道。
1248,138,lane_change,reactive_obstacle_blocking,2.3,wrong_factor,same_category_subtype_swap,[0.75],1.0,1.0,1.0,0.9375,自车道前方有一辆白色小汽车未行驶占据车道，阻挡自车通行，左侧车道通行效率较高且左后方无来车，自车应向左变更车道。,自车道前方有一辆白色小汽车未行驶占据车道，阻挡自车通行，左侧车道通行效率较低且左后方无来车，自车应向左变更车道。
1249,138,lane_change,reactive_obstacle_blocking,2.3,wrong_factor,same_category_subtype_swap,[0.75],1.0,1.0,1.0,0.9375,自车道前方有一辆白色小汽车未行驶占据车道，阻挡自车通行，左侧车道通行效率较高且左后方无来车，自车应向左变更车道。,自车道前方有一辆白色小汽车未行驶占据车道，阻挡自车通行，左侧车道通行效率较高且左后方有快速来车，自车应向左变更车道。
1250,138,lane_change,reactive_obstacle_blocking,1.7,wrong_factor,cross_category_swap,[0.0],1.0,1.0,1.0,0.75,自车道前方有一辆白色小汽车未行驶占据车道，阻挡自车通行，左侧车道通行效率较高且左后方无来车，自车应向左变更车道。,前方存在车辆遮挡盲区，自车应向左变更车道。
1251,138,lane_change,reactive_obstacle_blocking,1,unsafe_action,,[1.0],1.0,1.0,1.0,1.0,自车道前方有一辆白色小汽车未行驶占据车道，阻挡自车通行，左侧车道通行效率较高且左后方无来车，自车应向左变更车道。,自车道前方有一辆白色小汽车未行驶占据车道，阻挡自车通行，左侧车道通行效率较高且左后方无来车，自车应向右变更车道。
1252,139,lane_change,proactive_slow_ahead,5,complete,,"[1.0, 1.0, 1.0]",1.0,1.0,1.0,1.0,自车当前在原车道正常行驶，前方有多辆车辆速度较慢，通行效率较低，左侧车道通行效率较高，左后方有一辆白色轿车，速度较慢与自车有安全距离，自车应向左变更车道。,自车当前在原车道正常行驶，前方有多辆车辆速度较慢，通行效率较低，左侧车道通行效率较高，左后方有一辆白色轿车，速度较慢与自车有安全距离，自车应向左变更车道。
1253,139,lane_change,proactive_slow_ahead,4,generalized,,"[0.5, 0.5, 0.0]",0.0,1.0,1.0,0.5,自车当前在原车道正常行驶，前方有多辆车辆速度较慢，通行效率较低，左侧车道通行效率较高，左后方有一辆白色轿车，速度较慢与自车有安全距离，自车应向左变更车道。,前方通行受阻，左侧车道具备换道条件，自车应向左变更车道。
1254,139,lane_change,proactive_slow_ahead,3,missing_factor,,"[1.0, 1.0, 1.0]",1.0,1.0,0.0,0.8333,自车当前在原车道正常行驶，前方有多辆车辆速度较慢，通行效率较低，左侧车道通行效率较高，左后方有一辆白色轿车，速度较慢与自车有安全距离，自车应向左变更车道。,自车当前在原车道正常行驶，前方有多辆车辆速度较慢，通行效率较低，左侧车道通行效率较高，左后方有一辆白色轿车，自车应向左变更车道。
1255,139,lane_change,proactive_slow_ahead,3,missing_factor,,"[1.0, 1.0, 1.0]",1.0,1.0,1.0,1.0,自车当前在原车道正常行驶，前方有多辆车辆速度较慢，通行效率较低，左侧车道通行效率较高，左后方有一辆白色轿车，速度较慢与自车有安全距离，自车应向左变更车道。,前方有多辆车辆速度较慢，通行效率较低，左侧车道通行效率较高，左后方有一辆白色轿车，速度较慢与自车有安全距离，自车应向左变更车道。
1256,139,lane_change,proactive_slow_ahead,3,missing_factor,,"[0.5, 0.0, 0.0]",1.0,1.0,1.0,0.5833,自车当前在原车道正常行驶，前方有多辆车辆速度较慢，通行效率较低，左侧车道通行效率较高，左后方有一辆白色轿车，速度较慢与自车有安全距离，自车应向左变更车道。,自车当前在原车道正常行驶，速度较慢与自车有安全距离，自车应向左变更车道。
1257,139,lane_change,proactive_slow_ahead,2.8,wrong_factor,direction_swap,"[1.0, 0.0, 1.0]",1.0,1.0,1.0,0.8333,自车当前在原车道正常行驶，前方有多辆车辆速度较慢，通行效率较低，左侧车道通行效率较高，左后方有一辆白色轿车，速度较慢与自车有安全距离，自车应向左变更车道。,自车当前在原车道正常行驶，前方有多辆车辆速度较慢，通行效率较低，右侧车道通行效率较高，左后方有一辆白色轿车，速度较慢与自车有安全距离，自车应向左变更车道。
1258,139,lane_change,proactive_slow_ahead,2.8,wrong_factor,direction_swap,"[1.0, 1.0, 0.75]",1.0,1.0,1.0,0.9583,自车当前在原车道正常行驶，前方有多辆车辆速度较慢，通行效率较低，左侧车道通行效率较高，左后方有一辆白色轿车，速度较慢与自车有安全距离，自车应向左变更车道。,自车当前在原车道正常行驶，前方有多辆车辆速度较慢，通行效率较低，左侧车道通行效率较高，右后方有一辆白色轿车，速度较慢与自车有安全距离，自车应向左变更车道。
1259,139,lane_change,proactive_slow_ahead,2.3,wrong_factor,same_category_subtype_swap,"[1.0, 0.75, 1.0]",1.0,1.0,1.0,0.9583,自车当前在原车道正常行驶，前方有多辆车辆速度较慢，通行效率较低，左侧车道通行效率较高，左后方有一辆白色轿车，速度较慢与自车有安全距离，自车应向左变更车道。,自车当前在原车道正常行驶，前方有多辆车辆速度较慢，通行效率较低，左侧车道通行效率较低，左后方有一辆白色轿车，速度较慢与自车有安全距离，自车应向左变更车道。
1260,139,lane_change,proactive_slow_ahead,2.3,wrong_factor,same_category_subtype_swap,"[1.0, 1.0, 1.0]",1.0,1.0,0.0,0.8333,自车当前在原车道正常行驶，前方有多辆车辆速度较慢，通行效率较低，左侧车道通行效率较高，左后方有一辆白色轿车，速度较慢与自车有安全距离，自车应向左变更车道。,自车当前在原车道正常行驶，前方有多辆车辆速度较慢，通行效率较低，左侧车道通行效率较高，左后方有一辆白色轿车，速度较慢与自车有距离较近，自车应向左变更车道。
1261,139,lane_change,proactive_slow_ahead,2.3,wrong_factor,same_category_subtype_swap,"[0.75, 1.0, 1.0]",1.0,1.0,1.0,0.9583,自车当前在原车道正常行驶，前方有多辆车辆速度较慢，通行效率较低，左侧车道通行效率较高，左后方有一辆白色轿车，速度较慢与自车有安全距离，自车应向左变更车道。,自车当前在原车道正常行驶，前方有多辆车辆速度较快，通行效率较低，左侧车道通行效率较高，左后方有一辆白色轿车，速度较慢与自车有安全距离，自车应向左变更车道。
1262,139,lane_change,proactive_slow_ahead,1.7,wrong_factor,cross_category_swap,"[0.0, 0.0, 0.0]",1.0,1.0,0.0,0.3333,自车当前在原车道正常行驶，前方有多辆车辆速度较慢，通行效率较低，左侧车道通行效率较高，左后方有一辆白色轿车，速度较慢与自车有安全距离，自车应向左变更车道。,前方存在车辆遮挡盲区，自车应向左变更车道。
1263,139,lane_change,proactive_slow_ahead,1,unsafe_action,,"[1.0, 1.0, 1.0]",1.0,1.0,1.0,1.0,自车当前在原车道正常行驶，前方有多辆车辆速度较慢，通行效率较低，左侧车道通行效率较高，左后方有一辆白色轿车，速度较慢与自车有安全距离，自车应向左变更车道。,自车当前在原车道正常行驶，前方有多辆车辆速度较慢，通行效率较低，左侧车道通行效率较高，左后方有一辆白色轿车，速度较慢与自车有安全距离，自车应向右变更车道。
1264,140,lane_change,proactive_slow_ahead,5,complete,,[1.0],1.0,1.0,1.0,1.0,自车道前方一辆白色货车速度较慢，自车右侧车道空闲，且右后方无来车，自车应向右变更车道。,自车道前方一辆白色货车速度较慢，自车右侧车道空闲，且右后方无来车，自车应向右变更车道。
1265,140,lane_change,proactive_slow_ahead,4,generalized,,[0.25],0.0,1.0,0.0,0.3125,自车道前方一辆白色货车速度较慢，自车右侧车道空闲，且右后方无来车，自车应向右变更车道。,前方通行受阻，右侧车道具备换道条件，自车应向右变更车道。
1266,140,lane_change,proactive_slow_ahead,3,missing_factor,,[0.0],1.0,1.0,1.0,0.75,自车道前方一辆白色货车速度较慢，自车右侧车道空闲，且右后方无来车，自车应向右变更车道。,自车道前方一辆白色货车速度较慢，自车右侧车道空闲，自车应向右变更车道。
1267,140,lane_change,proactive_slow_ahead,3,missing_factor,,[1.0],1.0,1.0,1.0,1.0,自车道前方一辆白色货车速度较慢，自车右侧车道空闲，且右后方无来车，自车应向右变更车道。,自车右侧车道空闲，且右后方无来车，自车应向右变更车道。
1268,140,lane_change,proactive_slow_ahead,3,missing_factor,,[1.0],1.0,1.0,1.0,1.0,自车道前方一辆白色货车速度较慢，自车右侧车道空闲，且右后方无来车，自车应向右变更车道。,自车道前方一辆白色货车速度较慢，且右后方无来车，自车应向右变更车道。
1269,140,lane_change,proactive_slow_ahead,2.8,wrong_factor,direction_swap,[1.0],1.0,1.0,1.0,1.0,自车道前方一辆白色货车速度较慢，自车右侧车道空闲，且右后方无来车，自车应向右变更车道。,自车道前方一辆白色货车速度较慢，自车左侧车道空闲，且右后方无来车，自车应向右变更车道。
1270,140,lane_change,proactive_slow_ahead,2.8,wrong_factor,direction_swap,[0.75],1.0,1.0,1.0,0.9375,自车道前方一辆白色货车速度较慢，自车右侧车道空闲，且右后方无来车，自车应向右变更车道。,自车道前方一辆白色货车速度较慢，自车右侧车道空闲，且左后方无来车，自车应向右变更车道。
1271,140,lane_change,proactive_slow_ahead,2.3,wrong_factor,same_category_subtype_swap,[1.0],1.0,1.0,1.0,1.0,自车道前方一辆白色货车速度较慢，自车右侧车道空闲，且右后方无来车，自车应向右变更车道。,自车道前方一辆白色货车速度较慢，自车右侧车道拥堵，且右后方无来车，自车应向右变更车道。
1272,140,lane_change,proactive_slow_ahead,2.3,wrong_factor,same_category_subtype_swap,[0.75],1.0,1.0,1.0,0.9375,自车道前方一辆白色货车速度较慢，自车右侧车道空闲，且右后方无来车，自车应向右变更车道。,自车道前方一辆白色货车速度较慢，自车右侧车道空闲，且右后方有快速来车，自车应向右变更车道。
1273,140,lane_change,proactive_slow_ahead,2.3,wrong_factor,same_category_subtype_swap,[1.0],1.0,1.0,1.0,1.0,自车道前方一辆白色货车速度较慢，自车右侧车道空闲，且右后方无来车，自车应向右变更车道。,自车道前方一辆白色货车速度较快，自车右侧车道空闲，且右后方无来车，自车应向右变更车道。
1274,140,lane_change,proactive_slow_ahead,1.7,wrong_factor,cross_category_swap,[0.0],1.0,1.0,1.0,0.75,自车道前方一辆白色货车速度较慢，自车右侧车道空闲，且右后方无来车，自车应向右变更车道。,前方存在车辆遮挡盲区，自车应向右变更车道。
1275,140,lane_change,proactive_slow_ahead,1,unsafe_action,,[1.0],1.0,1.0,1.0,1.0,自车道前方一辆白色货车速度较慢，自车右侧车道空闲，且右后方无来车，自车应向右变更车道。,自车道前方一辆白色货车速度较慢，自车右侧车道空闲，且右后方无来车，自车应向左变更车道。
1276,141,obstacle_avoidance,static_obstacle_blocking_lane,5,complete,,[1.0],1.0,1.0,1.0,1.0,自车右前方有两轮骑行者正在骑行，自车应向左避障。,自车右前方有两轮骑行者正在骑行，自车应向左避障。
1277,141,obstacle_avoidance,static_obstacle_blocking_lane,4,generalized,,[0.0],1.0,1.0,1.0,0.75,自车右前方有两轮骑行者正在骑行，自车应向左避障。,前方存在障碍物影响通行，自车应向左避障。
1278,141,obstacle_avoidance,static_obstacle_blocking_lane,3,missing_factor,,[0.75],1.0,1.0,1.0,0.9375,自车右前方有两轮骑行者正在骑行，自车应向左避障。,自车前方有两轮骑行者正在骑行，自车应向左避障。
1279,141,obstacle_avoidance,static_obstacle_blocking_lane,2.8,wrong_factor,direction_swap,[0.75],1.0,1.0,1.0,0.9375,自车右前方有两轮骑行者正在骑行，自车应向左避障。,自车左前方有两轮骑行者正在骑行，自车应向左避障。
1280,141,obstacle_avoidance,static_obstacle_blocking_lane,2.3,wrong_factor,same_category_subtype_swap,[0.75],1.0,1.0,1.0,0.9375,自车右前方有两轮骑行者正在骑行，自车应向左避障。,自车右前方有三轮骑行者正在骑行，自车应向左避障。
1281,141,obstacle_avoidance,static_obstacle_blocking_lane,1.7,wrong_factor,cross_category_swap,[0.0],1.0,1.0,1.0,0.75,自车右前方有两轮骑行者正在骑行，自车应向左避障。,前方存在车辆遮挡盲区，自车应向左避障。
1282,141,obstacle_avoidance,static_obstacle_blocking_lane,1,unsafe_action,,[0.75],1.0,1.0,1.0,0.9375,自车右前方有两轮骑行者正在骑行，自车应向左避障。,自车右前方有两轮骑行者正在骑行，自车应向右避障。
1283,142,lane_change,proactive_slow_ahead,5,complete,,[1.0],1.0,1.0,1.0,1.0,自车当前在原车道正常行驶，自车道前方路口及导航提示牌，自车道是直行左转车道，右侧车道是直行右转车道，右侧车道空间且右后方有一辆黑色SUV距离自车较远，自车应向右变更车道。,自车当前在原车道正常行驶，自车道前方路口及导航提示牌，自车道是直行左转车道，右侧车道是直行右转车道，右侧车道空间且右后方有一辆黑色SUV距离自车较远，自车应向右变更车道。
1284,142,lane_change,proactive_slow_ahead,4,generalized,,[0.5],0.0,1.0,0.0,0.375,自车当前在原车道正常行驶，自车道前方路口及导航提示牌，自车道是直行左转车道，右侧车道是直行右转车道，右侧车道空间且右后方有一辆黑色SUV距离自车较远，自车应向右变更车道。,前方通行受阻，右侧车道具备换道条件，自车应向右变更车道。
1285,142,lane_change,proactive_slow_ahead,3,missing_factor,,[1.0],1.0,1.0,1.0,1.0,自车当前在原车道正常行驶，自车道前方路口及导航提示牌，自车道是直行左转车道，右侧车道是直行右转车道，右侧车道空间且右后方有一辆黑色SUV距离自车较远，自车应向右变更车道。,自车当前在原车道正常行驶，自车道前方路口及导航提示牌，自车道是直行左转车道，右侧车道是直行右转车道，自车应向右变更车道。
1286,142,lane_change,proactive_slow_ahead,3,missing_factor,,[1.0],1.0,1.0,1.0,1.0,自车当前在原车道正常行驶，自车道前方路口及导航提示牌，自车道是直行左转车道，右侧车道是直行右转车道，右侧车道空间且右后方有一辆黑色SUV距离自车较远，自车应向右变更车道。,自车道前方路口及导航提示牌，自车道是直行左转车道，右侧车道是直行右转车道，右侧车道空间且右后方有一辆黑色SUV距离自车较远，自车应向右变更车道。
1287,142,lane_change,proactive_slow_ahead,3,missing_factor,,[0.0],0.0,1.0,1.0,0.5,自车当前在原车道正常行驶，自车道前方路口及导航提示牌，自车道是直行左转车道，右侧车道是直行右转车道，右侧车道空间且右后方有一辆黑色SUV距离自车较远，自车应向右变更车道。,自车当前在原车道正常行驶，右侧车道空间且右后方有一辆黑色SUV距离自车较远，自车应向右变更车道。
1288,142,lane_change,proactive_slow_ahead,2.8,wrong_factor,direction_swap,[0.0],1.0,1.0,1.0,0.75,自车当前在原车道正常行驶，自车道前方路口及导航提示牌，自车道是直行左转车道，右侧车道是直行右转车道，右侧车道空间且右后方有一辆黑色SUV距离自车较远，自车应向右变更车道。,自车当前在原车道正常行驶，自车道前方路口及导航提示牌，自车道是直行左转车道，左侧车道是直行右转车道，右侧车道空间且右后方有一辆黑色SUV距离自车较远，自车应向右变更车道。
1289,142,lane_change,proactive_slow_ahead,2.8,wrong_factor,direction_swap,[1.0],1.0,1.0,1.0,1.0,自车当前在原车道正常行驶，自车道前方路口及导航提示牌，自车道是直行左转车道，右侧车道是直行右转车道，右侧车道空间且右后方有一辆黑色SUV距离自车较远，自车应向右变更车道。,自车当前在原车道正常行驶，自车道前方路口及导航提示牌，自车道是直行左转车道，右侧车道是直行右转车道，右侧车道空间且左后方有一辆黑色SUV距离自车较远，自车应向右变更车道。
1290,142,lane_change,proactive_slow_ahead,1.7,wrong_factor,cross_category_swap,[0.0],0.0,1.0,1.0,0.5,自车当前在原车道正常行驶，自车道前方路口及导航提示牌，自车道是直行左转车道，右侧车道是直行右转车道，右侧车道空间且右后方有一辆黑色SUV距离自车较远，自车应向右变更车道。,前方存在车辆遮挡盲区，自车应向右变更车道。
1291,142,lane_change,proactive_slow_ahead,1,unsafe_action,,[1.0],1.0,1.0,1.0,1.0,自车当前在原车道正常行驶，自车道前方路口及导航提示牌，自车道是直行左转车道，右侧车道是直行右转车道，右侧车道空间且右后方有一辆黑色SUV距离自车较远，自车应向右变更车道。,自车当前在原车道正常行驶，自车道前方路口及导航提示牌，自车道是直行左转车道，右侧车道是直行右转车道，右侧车道空间且右后方有一辆黑色SUV距离自车较远，自车应向左变更车道。
1292,143,lane_change,must_wait,5,complete,,[1.0],1.0,1.0,1.0,1.0,自车当前在原车道正常行驶，前方有一辆白色汽车未行驶占据自车道，左侧车道空闲且左后方有一白色汽车，速度较快，自车应等待其通过后再向左变更车道。,自车当前在原车道正常行驶，前方有一辆白色汽车未行驶占据自车道，左侧车道空闲且左后方有一白色汽车，速度较快，自车应等待其通过后再向左变更车道。
1293,143,lane_change,must_wait,4,generalized,,[0.5],0.0,1.0,1.0,0.625,自车当前在原车道正常行驶，前方有一辆白色汽车未行驶占据自车道，左侧车道空闲且左后方有一白色汽车，速度较快，自车应等待其通过后再向左变更车道。,前方通行受阻，左侧车道具备换道条件，自车应向左变更车道。
1294,143,lane_change,must_wait,3,missing_factor,,[1.0],1.0,1.0,0.0,0.75,自车当前在原车道正常行驶，前方有一辆白色汽车未行驶占据自车道，左侧车道空闲且左后方有一白色汽车，速度较快，自车应等待其通过后再向左变更车道。,自车当前在原车道正常行驶，前方有一辆白色汽车未行驶占据自车道，左侧车道空闲且左后方有一白色汽车，自车应向左变更车道。
1295,143,lane_change,must_wait,3,missing_factor,,[1.0],1.0,1.0,0.0,0.75,自车当前在原车道正常行驶，前方有一辆白色汽车未行驶占据自车道，左侧车道空闲且左后方有一白色汽车，速度较快，自车应等待其通过后再向左变更车道。,前方有一辆白色汽车未行驶占据自车道，左侧车道空闲且左后方有一白色汽车，速度较快，自车应向左变更车道。
1296,143,lane_change,must_wait,3,missing_factor,,[0.0],1.0,1.0,0.0,0.5,自车当前在原车道正常行驶，前方有一辆白色汽车未行驶占据自车道，左侧车道空闲且左后方有一白色汽车，速度较快，自车应等待其通过后再向左变更车道。,自车当前在原车道正常行驶，速度较快，自车应向左变更车道。
1297,143,lane_change,must_wait,2.8,wrong_factor,direction_swap,[0.0],1.0,1.0,1.0,0.75,自车当前在原车道正常行驶，前方有一辆白色汽车未行驶占据自车道，左侧车道空闲且左后方有一白色汽车，速度较快，自车应等待其通过后再向左变更车道。,自车当前在原车道正常行驶，前方有一辆白色汽车未行驶占据自车道，右侧车道空闲且左后方有一白色汽车，速度较快，自车应等待其通过后再向左变更车道。
1298,143,lane_change,must_wait,2.8,wrong_factor,direction_swap,[0.75],1.0,1.0,1.0,0.9375,自车当前在原车道正常行驶，前方有一辆白色汽车未行驶占据自车道，左侧车道空闲且左后方有一白色汽车，速度较快，自车应等待其通过后再向左变更车道。,自车当前在原车道正常行驶，前方有一辆白色汽车未行驶占据自车道，左侧车道空闲且右后方有一白色汽车，速度较快，自车应等待其通过后再向左变更车道。
1299,143,lane_change,must_wait,2.3,wrong_factor,same_category_subtype_swap,[0.75],1.0,1.0,1.0,0.9375,自车当前在原车道正常行驶，前方有一辆白色汽车未行驶占据自车道，左侧车道空闲且左后方有一白色汽车，速度较快，自车应等待其通过后再向左变更车道。,自车当前在原车道正常行驶，前方有一辆白色汽车未行驶占据自车道，左侧车道拥堵且左后方有一白色汽车，速度较快，自车应等待其通过后再向左变更车道。
1300,143,lane_change,must_wait,2.3,wrong_factor,same_category_subtype_swap,[1.0],1.0,1.0,1.0,1.0,自车当前在原车道正常行驶，前方有一辆白色汽车未行驶占据自车道，左侧车道空闲且左后方有一白色汽车，速度较快，自车应等待其通过后再向左变更车道。,自车当前在原车道正常行驶，前方有一辆白色汽车未行驶占据自车道，左侧车道空闲且左后方有一白色汽车，速度较慢，自车应等待其通过后再向左变更车道。
1301,143,lane_change,must_wait,1.7,wrong_factor,cross_category_swap,[0.0],1.0,1.0,0.0,0.5,自车当前在原车道正常行驶，前方有一辆白色汽车未行驶占据自车道，左侧车道空闲且左后方有一白色汽车，速度较快，自车应等待其通过后再向左变更车道。,前方存在车辆遮挡盲区，自车应向左变更车道。
1302,143,lane_change,must_wait,1,unsafe_action,,[1.0],1.0,1.0,0.0,0.75,自车当前在原车道正常行驶，前方有一辆白色汽车未行驶占据自车道，左侧车道空闲且左后方有一白色汽车，速度较快，自车应等待其通过后再向左变更车道。,自车当前在原车道正常行驶，前方有一辆白色汽车未行驶占据自车道，左侧车道空闲且左后方有一白色汽车，速度较快，自车应向右变更车道。
1303,144,obstacle_avoidance,dynamic_obstacle,5,complete,,[1.0],1.0,1.0,1.0,1.0,自车当前在原车道正常行驶，前方有三轮骑行者正在缓慢骑行，自车应向左避障。,自车当前在原车道正常行驶，前方有三轮骑行者正在缓慢骑行，自车应向左避障。
1304,144,obstacle_avoidance,dynamic_obstacle,4,generalized,,[0.0],1.0,1.0,1.0,0.75,自车当前在原车道正常行驶，前方有三轮骑行者正在缓慢骑行，自车应向左避障。,前方存在障碍物影响通行，自车应向左避障。
1305,144,obstacle_avoidance,dynamic_obstacle,3,missing_factor,,[0.5],1.0,1.0,1.0,0.875,自车当前在原车道正常行驶，前方有三轮骑行者正在缓慢骑行，自车应向左避障。,自车当前在原车道正常行驶，自车应向左避障。
1306,144,obstacle_avoidance,dynamic_obstacle,3,missing_factor,,[1.0],1.0,1.0,1.0,1.0,自车当前在原车道正常行驶，前方有三轮骑行者正在缓慢骑行，自车应向左避障。,前方有三轮骑行者正在缓慢骑行，自车应向左避障。
1307,144,obstacle_avoidance,dynamic_obstacle,2.3,wrong_factor,same_category_subtype_swap,[0.75],1.0,1.0,1.0,0.9375,自车当前在原车道正常行驶，前方有三轮骑行者正在缓慢骑行，自车应向左避障。,自车当前在原车道正常行驶，前方有两轮骑行者正在缓慢骑行，自车应向左避障。
1308,144,obstacle_avoidance,dynamic_obstacle,1.7,wrong_factor,cross_category_swap,[0.0],1.0,1.0,1.0,0.75,自车当前在原车道正常行驶，前方有三轮骑行者正在缓慢骑行，自车应向左避障。,前方存在车辆遮挡盲区，自车应向左避障。
1309,144,obstacle_avoidance,dynamic_obstacle,1,unsafe_action,,[1.0],1.0,1.0,1.0,1.0,自车当前在原车道正常行驶，前方有三轮骑行者正在缓慢骑行，自车应向左避障。,自车当前在原车道正常行驶，前方有三轮骑行者正在缓慢骑行，自车应向右避障。
1310,145,obstacle_avoidance,static_obstacle_blocking_lane,5,complete,,[1.0],1.0,1.0,1.0,1.0,自车当前在原车道正常行驶，右前方有三轮车占道停靠，左前方有小汽车入侵自车道逆向行驶，自车应让行后向左避障。,自车当前在原车道正常行驶，右前方有三轮车占道停靠，左前方有小汽车入侵自车道逆向行驶，自车应让行后向左避障。
1311,145,obstacle_avoidance,static_obstacle_blocking_lane,4,generalized,,[0.25],0.0,1.0,1.0,0.5625,自车当前在原车道正常行驶，右前方有三轮车占道停靠，左前方有小汽车入侵自车道逆向行驶，自车应让行后向左避障。,前方存在障碍物影响通行，自车应减速让行。
1312,145,obstacle_avoidance,static_obstacle_blocking_lane,3,missing_factor,,[1.0],0.0,1.0,1.0,0.75,自车当前在原车道正常行驶，右前方有三轮车占道停靠，左前方有小汽车入侵自车道逆向行驶，自车应让行后向左避障。,自车当前在原车道正常行驶，右前方有三轮车占道停靠，自车应减速让行。
1313,145,obstacle_avoidance,static_obstacle_blocking_lane,3,missing_factor,,[1.0],0.0,1.0,1.0,0.75,自车当前在原车道正常行驶，右前方有三轮车占道停靠，左前方有小汽车入侵自车道逆向行驶，自车应让行后向左避障。,右前方有三轮车占道停靠，左前方有小汽车入侵自车道逆向行驶，自车应减速让行。
1314,145,obstacle_avoidance,static_obstacle_blocking_lane,3,missing_factor,,[0.0],0.0,1.0,1.0,0.5,自车当前在原车道正常行驶，右前方有三轮车占道停靠，左前方有小汽车入侵自车道逆向行驶，自车应让行后向左避障。,自车当前在原车道正常行驶，左前方有小汽车入侵自车道逆向行驶，自车应减速让行。
1315,145,obstacle_avoidance,static_obstacle_blocking_lane,2.8,wrong_factor,direction_swap,[1.0],1.0,1.0,1.0,1.0,自车当前在原车道正常行驶，右前方有三轮车占道停靠，左前方有小汽车入侵自车道逆向行驶，自车应让行后向左避障。,自车当前在原车道正常行驶，右前方有三轮车占道停靠，右前方有小汽车入侵自车道逆向行驶，自车应让行后向左避障。
1316,145,obstacle_avoidance,static_obstacle_blocking_lane,2.8,wrong_factor,direction_swap,[0.75],1.0,1.0,1.0,0.9375,自车当前在原车道正常行驶，右前方有三轮车占道停靠，左前方有小汽车入侵自车道逆向行驶，自车应让行后向左避障。,自车当前在原车道正常行驶，左前方有三轮车占道停靠，左前方有小汽车入侵自车道逆向行驶，自车应让行后向左避障。
1317,145,obstacle_avoidance,static_obstacle_blocking_lane,2.3,wrong_factor,same_category_subtype_swap,[1.0],1.0,1.0,1.0,1.0,自车当前在原车道正常行驶，右前方有三轮车占道停靠，左前方有小汽车入侵自车道逆向行驶，自车应让行后向左避障。,自车当前在原车道正常行驶，右前方有三轮车占道停靠，左前方有货车入侵自车道逆向行驶，自车应让行后向左避障。
1318,145,obstacle_avoidance,static_obstacle_blocking_lane,1.7,wrong_factor,cross_category_swap,[0.0],0.0,1.0,1.0,0.5,自车当前在原车道正常行驶，右前方有三轮车占道停靠，左前方有小汽车入侵自车道逆向行驶，自车应让行后向左避障。,前方存在车辆遮挡盲区，自车应减速让行。
1319,145,obstacle_avoidance,static_obstacle_blocking_lane,1,unsafe_action,,[1.0],0.0,0.0,0.0,0.25,自车当前在原车道正常行驶，右前方有三轮车占道停靠，左前方有小汽车入侵自车道逆向行驶，自车应让行后向左避障。,自车当前在原车道正常行驶，右前方有三轮车占道停靠，左前方有小汽车入侵自车道逆向行驶，自车应加速通过。
1320,146,lane_change,reactive_obstacle_blocking,5,complete,,[1.0],1.0,1.0,1.0,1.0,自车当前正在顺行，自车道前方存在事故，自车应换道。,自车当前正在顺行，自车道前方存在事故，自车应换道。
1321,146,lane_change,reactive_obstacle_blocking,4,generalized,,[0.5],1.0,1.0,0.0,0.625,自车当前正在顺行，自车道前方存在事故，自车应换道。,前方通行受阻，相邻车道具备换道条件，自车应换道。
1322,146,lane_change,reactive_obstacle_blocking,3,missing_factor,,[0.75],1.0,1.0,1.0,0.9375,自车当前正在顺行，自车道前方存在事故，自车应换道。,自车当前正在顺行，自车应换道。
1323,146,lane_change,reactive_obstacle_blocking,3,missing_factor,,[0.75],1.0,1.0,1.0,0.9375,自车当前正在顺行，自车道前方存在事故，自车应换道。,自车道前方存在事故，自车应换道。
1324,146,lane_change,reactive_obstacle_blocking,1.7,wrong_factor,cross_category_swap,[0.0],1.0,1.0,1.0,0.75,自车当前正在顺行，自车道前方存在事故，自车应换道。,前方存在车辆遮挡盲区，自车应换道。
1325,146,lane_change,reactive_obstacle_blocking,1,unsafe_action,,[0.75],0.0,0.0,1.0,0.4375,自车当前正在顺行，自车道前方存在事故，自车应换道。,自车当前正在顺行，自车道前方存在事故，自车应加速通过。
1326,147,yielding,decelerate_to_yield,5,complete,,[1.0],1.0,1.0,1.0,1.0,左前方一辆载物大货车意图切入自车道，自车应减速让行。,左前方一辆载物大货车意图切入自车道，自车应减速让行。
1327,147,yielding,decelerate_to_yield,4,generalized,,[0.0],1.0,1.0,1.0,0.75,左前方一辆载物大货车意图切入自车道，自车应减速让行。,前方有交通参与者影响自车通行，自车应减速让行。
1328,147,yielding,decelerate_to_yield,3,missing_factor,,[0.75],1.0,1.0,1.0,0.9375,左前方一辆载物大货车意图切入自车道，自车应减速让行。,前方一辆载物大货车意图切入自车道，自车应减速让行。
1329,147,yielding,decelerate_to_yield,2.8,wrong_factor,direction_swap,[0.75],1.0,1.0,1.0,0.9375,左前方一辆载物大货车意图切入自车道，自车应减速让行。,右前方一辆载物大货车意图切入自车道，自车应减速让行。
1330,147,yielding,decelerate_to_yield,2.3,wrong_factor,same_category_subtype_swap,[0.0],1.0,1.0,1.0,0.75,左前方一辆载物大货车意图切入自车道，自车应减速让行。,左前方一辆载物大小汽车意图切入自车道，自车应减速让行。
1331,147,yielding,decelerate_to_yield,2.3,wrong_factor,same_category_subtype_swap,[0.75],1.0,1.0,1.0,0.9375,左前方一辆载物大货车意图切入自车道，自车应减速让行。,左前方一辆载物大货车正常行驶自车道，自车应减速让行。
1332,147,yielding,decelerate_to_yield,1.7,wrong_factor,cross_category_swap,[0.0],1.0,1.0,1.0,0.75,左前方一辆载物大货车意图切入自车道，自车应减速让行。,前方存在坑洼路面，自车应减速让行。
1333,147,yielding,decelerate_to_yield,1,unsafe_action,,[1.0],1.0,0.0,1.0,0.75,左前方一辆载物大货车意图切入自车道，自车应减速让行。,左前方一辆载物大货车意图切入自车道，自车应加速通过。
1334,148,obstacle_avoidance,static_obstacle_blocking_lane,5,complete,,[1.0],1.0,1.0,1.0,1.0,右前方有棕色小汽车占道停放且有多名行人正在行走以及一辆三轮车占道停放，对向车道有黄色小汽车正在行驶，自车应减速让行后再向左避障。,右前方有棕色小汽车占道停放且有多名行人正在行走以及一辆三轮车占道停放，对向车道有黄色小汽车正在行驶，自车应减速让行后再向左避障。
1335,148,obstacle_avoidance,static_obstacle_blocking_lane,4,generalized,,[0.25],0.0,1.0,1.0,0.5625,右前方有棕色小汽车占道停放且有多名行人正在行走以及一辆三轮车占道停放，对向车道有黄色小汽车正在行驶，自车应减速让行后再向左避障。,前方存在障碍物影响通行，自车应减速让行。
1336,148,obstacle_avoidance,static_obstacle_blocking_lane,3,missing_factor,,[1.0],0.0,1.0,1.0,0.75,右前方有棕色小汽车占道停放且有多名行人正在行走以及一辆三轮车占道停放，对向车道有黄色小汽车正在行驶，自车应减速让行后再向左避障。,右前方有棕色小汽车占道停放且有多名行人正在行走以及一辆三轮车占道停放，自车应减速让行。
1337,148,obstacle_avoidance,static_obstacle_blocking_lane,3,missing_factor,,[0.0],0.0,1.0,1.0,0.5,右前方有棕色小汽车占道停放且有多名行人正在行走以及一辆三轮车占道停放，对向车道有黄色小汽车正在行驶，自车应减速让行后再向左避障。,对向车道有黄色小汽车正在行驶，自车应减速让行。
1338,148,obstacle_avoidance,static_obstacle_blocking_lane,3,missing_factor,,[0.5],0.0,1.0,1.0,0.625,右前方有棕色小汽车占道停放且有多名行人正在行走以及一辆三轮车占道停放，对向车道有黄色小汽车正在行驶，自车应减速让行后再向左避障。,前方有小汽车占道停放且有多名行人正在行走以及一辆三轮车占道停放，自车应减速让行。
1339,148,obstacle_avoidance,static_obstacle_blocking_lane,2.8,wrong_factor,direction_swap,[0.75],1.0,1.0,1.0,0.9375,右前方有棕色小汽车占道停放且有多名行人正在行走以及一辆三轮车占道停放，对向车道有黄色小汽车正在行驶，自车应减速让行后再向左避障。,左前方有棕色小汽车占道停放且有多名行人正在行走以及一辆三轮车占道停放，对向车道有黄色小汽车正在行驶，自车应减速让行后再向左避障。
1340,148,obstacle_avoidance,static_obstacle_blocking_lane,2.3,wrong_factor,same_category_subtype_swap,[0.75],1.0,1.0,1.0,0.9375,右前方有棕色小汽车占道停放且有多名行人正在行走以及一辆三轮车占道停放，对向车道有黄色小汽车正在行驶，自车应减速让行后再向左避障。,右前方有棕色小汽车占道停放且有多名两轮骑行者正在行走以及一辆三轮车占道停放，对向车道有黄色小汽车正在行驶，自车应减速让行后再向左避障。
1341,148,obstacle_avoidance,static_obstacle_blocking_lane,2.3,wrong_factor,same_category_subtype_swap,[0.75],1.0,1.0,1.0,0.9375,右前方有棕色小汽车占道停放且有多名行人正在行走以及一辆三轮车占道停放，对向车道有黄色小汽车正在行驶，自车应减速让行后再向左避障。,右前方有棕色货车占道停放且有多名行人正在行走以及一辆三轮车占道停放，对向车道有黄色小汽车正在行驶，自车应减速让行后再向左避障。
1342,148,obstacle_avoidance,static_obstacle_blocking_lane,1.7,wrong_factor,cross_category_swap,[0.0],0.0,1.0,1.0,0.5,右前方有棕色小汽车占道停放且有多名行人正在行走以及一辆三轮车占道停放，对向车道有黄色小汽车正在行驶，自车应减速让行后再向左避障。,前方存在车辆遮挡盲区，自车应减速让行。
1343,148,obstacle_avoidance,static_obstacle_blocking_lane,1,unsafe_action,,[1.0],0.0,0.0,1.0,0.5,右前方有棕色小汽车占道停放且有多名行人正在行走以及一辆三轮车占道停放，对向车道有黄色小汽车正在行驶，自车应减速让行后再向左避障。,右前方有棕色小汽车占道停放且有多名行人正在行走以及一辆三轮车占道停放，对向车道有黄色小汽车正在行驶，自车应加速通过。
1344,149,blind_spot,combined_blind_spots,5,complete,,[1.0],1.0,1.0,1.0,1.0,"右前方存在两个豁口盲区，左前方存在弯道盲区,自车应减速行驶通过。","右前方存在两个豁口盲区，左前方存在弯道盲区,自车应减速行驶通过。"
1345,149,blind_spot,combined_blind_spots,4,generalized,,[0.25],1.0,1.0,1.0,0.8125,"右前方存在两个豁口盲区，左前方存在弯道盲区,自车应减速行驶通过。",前方存在盲区风险，自车应减速行驶通过。
1346,149,blind_spot,combined_blind_spots,3,missing_factor,,[0.5],1.0,1.0,1.0,0.875,"右前方存在两个豁口盲区，左前方存在弯道盲区,自车应减速行驶通过。",前方存在两个盲区，自车应减速行驶通过。
1347,149,blind_spot,combined_blind_spots,2.8,wrong_factor,direction_swap,[1.0],1.0,1.0,1.0,1.0,"右前方存在两个豁口盲区，左前方存在弯道盲区,自车应减速行驶通过。","右前方存在两个豁口盲区，右前方存在弯道盲区,自车应减速行驶通过。"
1348,149,blind_spot,combined_blind_spots,2.8,wrong_factor,direction_swap,[0.75],1.0,1.0,1.0,0.9375,"右前方存在两个豁口盲区，左前方存在弯道盲区,自车应减速行驶通过。","左前方存在两个豁口盲区，左前方存在弯道盲区,自车应减速行驶通过。"
1349,149,blind_spot,combined_blind_spots,2.3,wrong_factor,same_category_subtype_swap,[0.75],1.0,1.0,1.0,0.9375,"右前方存在两个豁口盲区，左前方存在弯道盲区,自车应减速行驶通过。","右前方存在两个车辆遮挡盲区，左前方存在弯道盲区,自车应减速行驶通过。"
1350,149,blind_spot,combined_blind_spots,2.3,wrong_factor,same_category_subtype_swap,[1.0],1.0,1.0,1.0,1.0,"右前方存在两个豁口盲区，左前方存在弯道盲区,自车应减速行驶通过。","右前方存在两个豁口盲区，左前方存在无灯路口盲区,自车应减速行驶通过。"
1351,149,blind_spot,combined_blind_spots,1.7,wrong_factor,cross_category_swap,[0.0],1.0,0.5,1.0,0.625,"右前方存在两个豁口盲区，左前方存在弯道盲区,自车应减速行驶通过。","右前方存在两个车辆占道停车，左前方存在弯道盲区,自车应减速行驶通过。"
1352,149,blind_spot,combined_blind_spots,1.7,wrong_factor,cross_category_swap,[1.0],1.0,1.0,1.0,1.0,"右前方存在两个豁口盲区，左前方存在弯道盲区,自车应减速行驶通过。","右前方存在两个豁口盲区，左前方存在减速带,自车应减速行驶通过。"
1353,149,blind_spot,combined_blind_spots,1.7,wrong_factor,cross_category_swap,[0.0],1.0,1.0,1.0,0.75,"右前方存在两个豁口盲区，左前方存在弯道盲区,自车应减速行驶通过。",前方存在锥桶占道，影响自车通行，自车应减速行驶通过。
1354,149,blind_spot,combined_blind_spots,1,unsafe_action,,[1.0],1.0,0.0,1.0,0.75,"右前方存在两个豁口盲区，左前方存在弯道盲区,自车应减速行驶通过。","右前方存在两个豁口盲区，左前方存在弯道盲区,自车应加速通过。"
1355,150,blind_spot,single_blind_spot,5,complete,,"[1.0, 1.0]",1.0,1.0,1.0,1.0,道路右前方存在车辆遮挡盲区，道路左前方存在车辆遮挡盲区，自车应减速行驶通过。,道路右前方存在车辆遮挡盲区，道路左前方存在车辆遮挡盲区，自车应减速行驶通过。
1356,150,blind_spot,single_blind_spot,4,generalized,,"[0.25, 0.0]",1.0,1.0,1.0,0.65,道路右前方存在车辆遮挡盲区，道路左前方存在车辆遮挡盲区，自车应减速行驶通过。,前方存在盲区风险，自车应减速行驶通过。
1357,150,blind_spot,single_blind_spot,3,missing_factor,,"[1.0, 0.0]",1.0,1.0,1.0,0.8,道路右前方存在车辆遮挡盲区，道路左前方存在车辆遮挡盲区，自车应减速行驶通过。,道路右前方存在车辆遮挡盲区，自车应减速行驶通过。
1358,150,blind_spot,single_blind_spot,3,missing_factor,,"[0.0, 1.0]",1.0,1.0,1.0,0.8,道路右前方存在车辆遮挡盲区，道路左前方存在车辆遮挡盲区，自车应减速行驶通过。,道路左前方存在车辆遮挡盲区，自车应减速行驶通过。
1359,150,blind_spot,single_blind_spot,3,missing_factor,,"[0.5, 0.0]",1.0,1.0,1.0,0.7,道路右前方存在车辆遮挡盲区，道路左前方存在车辆遮挡盲区，自车应减速行驶通过。,道路前方存在盲区，自车应减速行驶通过。
1360,150,blind_spot,single_blind_spot,2.8,wrong_factor,direction_swap,"[1.0, 0.75]",1.0,1.0,1.0,0.95,道路右前方存在车辆遮挡盲区，道路左前方存在车辆遮挡盲区，自车应减速行驶通过。,道路右前方存在车辆遮挡盲区，道路右前方存在车辆遮挡盲区，自车应减速行驶通过。
1361,150,blind_spot,single_blind_spot,2.8,wrong_factor,direction_swap,"[0.75, 1.0]",1.0,1.0,1.0,0.95,道路右前方存在车辆遮挡盲区，道路左前方存在车辆遮挡盲区，自车应减速行驶通过。,道路左前方存在车辆遮挡盲区，道路左前方存在车辆遮挡盲区，自车应减速行驶通过。
1362,150,blind_spot,single_blind_spot,2.3,wrong_factor,same_category_subtype_swap,"[0.75, 1.0]",1.0,1.0,1.0,0.95,道路右前方存在车辆遮挡盲区，道路左前方存在车辆遮挡盲区，自车应减速行驶通过。,道路右前方存在豁口盲区，道路左前方存在车辆遮挡盲区，自车应减速行驶通过。
1363,150,blind_spot,single_blind_spot,1.7,wrong_factor,cross_category_swap,"[0.0, 1.0]",1.0,1.0,1.0,0.8,道路右前方存在车辆遮挡盲区，道路左前方存在车辆遮挡盲区，自车应减速行驶通过。,道路右前方存在施工区域占道，道路左前方存在车辆遮挡盲区，自车应减速行驶通过。
1364,150,blind_spot,single_blind_spot,1.7,wrong_factor,cross_category_swap,"[0.0, 0.0]",1.0,1.0,1.0,0.6,道路右前方存在车辆遮挡盲区，道路左前方存在车辆遮挡盲区，自车应减速行驶通过。,前方存在锥桶占道，影响自车通行，自车应减速行驶通过。
1365,150,blind_spot,single_blind_spot,1,unsafe_action,,"[1.0, 1.0]",1.0,0.0,1.0,0.8,道路右前方存在车辆遮挡盲区，道路左前方存在车辆遮挡盲区，自车应减速行驶通过。,道路右前方存在车辆遮挡盲区，道路左前方存在车辆遮挡盲区，自车应加速通过。
1366,151,curve,curve_geometry,5,complete,,"[1.0, 1.0]",1.0,1.0,1.0,1.0,前方大曲率弯道，前方白色小汽车刹车减速，自车应与前车保持安全距离减速通过。,前方大曲率弯道，前方白色小汽车刹车减速，自车应与前车保持安全距离减速通过。
1367,151,curve,curve_geometry,4,generalized,,"[0.5, 0.0]",1.0,1.0,0.0,0.5,前方大曲率弯道，前方白色小汽车刹车减速，自车应与前车保持安全距离减速通过。,前方存在弯道风险，自车应减速行驶通过。
1368,151,curve,curve_geometry,3,missing_factor,,"[1.0, 0.0]",1.0,1.0,0.0,0.6,前方大曲率弯道，前方白色小汽车刹车减速，自车应与前车保持安全距离减速通过。,前方大曲率弯道，自车应减速行驶通过。
1369,151,curve,curve_geometry,3,missing_factor,,"[0.0, 1.0]",1.0,1.0,0.0,0.6,前方大曲率弯道，前方白色小汽车刹车减速，自车应与前车保持安全距离减速通过。,前方白色小汽车刹车减速，自车应减速行驶通过。
1370,151,curve,curve_geometry,2.3,wrong_factor,same_category_subtype_swap,"[0.0, 1.0]",1.0,1.0,1.0,0.8,前方大曲率弯道，前方白色小汽车刹车减速，自车应与前车保持安全距离减速通过。,前方坡道，前方白色小汽车刹车减速，自车应与前车保持安全距离减速通过。
1371,151,curve,curve_geometry,1.7,wrong_factor,cross_category_swap,"[0.0, 0.5]",1.0,1.0,1.0,0.7,前方大曲率弯道，前方白色小汽车刹车减速，自车应与前车保持安全距离减速通过。,右前方有车辆意图切入自车道，自车应减速行驶通过。
1372,151,curve,curve_geometry,1,unsafe_action,,"[1.0, 1.0]",1.0,0.5,0.0,0.7,前方大曲率弯道，前方白色小汽车刹车减速，自车应与前车保持安全距离减速通过。,前方大曲率弯道，前方白色小汽车刹车减速，自车应加速通过。
1373,152,lane_change,proactive_slow_ahead,5,complete,,[1.0],1.0,1.0,1.0,1.0,自车当前在原车道行驶，自车道前方一辆黑色SUV速度较慢，右侧车道空闲且右后方SUV速度较慢，自车应向右变更车道。,自车当前在原车道行驶，自车道前方一辆黑色SUV速度较慢，右侧车道空闲且右后方SUV速度较慢，自车应向右变更车道。
1374,152,lane_change,proactive_slow_ahead,4,generalized,,[0.5],0.0,1.0,0.0,0.375,自车当前在原车道行驶，自车道前方一辆黑色SUV速度较慢，右侧车道空闲且右后方SUV速度较慢，自车应向右变更车道。,前方通行受阻，右侧车道具备换道条件，自车应向右变更车道。
1375,152,lane_change,proactive_slow_ahead,3,missing_factor,,[0.0],1.0,1.0,1.0,0.75,自车当前在原车道行驶，自车道前方一辆黑色SUV速度较慢，右侧车道空闲且右后方SUV速度较慢，自车应向右变更车道。,自车当前在原车道行驶，自车道前方一辆黑色SUV速度较慢，自车应向右变更车道。
1376,152,lane_change,proactive_slow_ahead,3,missing_factor,,[1.0],1.0,1.0,1.0,1.0,自车当前在原车道行驶，自车道前方一辆黑色SUV速度较慢，右侧车道空闲且右后方SUV速度较慢，自车应向右变更车道。,自车道前方一辆黑色SUV速度较慢，右侧车道空闲且右后方SUV速度较慢，自车应向右变更车道。
1377,152,lane_change,proactive_slow_ahead,3,missing_factor,,[1.0],1.0,1.0,1.0,1.0,自车当前在原车道行驶，自车道前方一辆黑色SUV速度较慢，右侧车道空闲且右后方SUV速度较慢，自车应向右变更车道。,自车当前在原车道行驶，右侧车道空闲且右后方SUV速度较慢，自车应向右变更车道。
1378,152,lane_change,proactive_slow_ahead,2.8,wrong_factor,direction_swap,[0.0],1.0,1.0,1.0,0.75,自车当前在原车道行驶，自车道前方一辆黑色SUV速度较慢，右侧车道空闲且右后方SUV速度较慢，自车应向右变更车道。,自车当前在原车道行驶，自车道前方一辆黑色SUV速度较慢，左侧车道空闲且右后方SUV速度较慢，自车应向右变更车道。
1379,152,lane_change,proactive_slow_ahead,2.8,wrong_factor,direction_swap,[0.75],1.0,1.0,1.0,0.9375,自车当前在原车道行驶，自车道前方一辆黑色SUV速度较慢，右侧车道空闲且右后方SUV速度较慢，自车应向右变更车道。,自车当前在原车道行驶，自车道前方一辆黑色SUV速度较慢，右侧车道空闲且左后方SUV速度较慢，自车应向右变更车道。
1380,152,lane_change,proactive_slow_ahead,2.3,wrong_factor,same_category_subtype_swap,[0.75],1.0,1.0,1.0,0.9375,自车当前在原车道行驶，自车道前方一辆黑色SUV速度较慢，右侧车道空闲且右后方SUV速度较慢，自车应向右变更车道。,自车当前在原车道行驶，自车道前方一辆黑色SUV速度较慢，右侧车道拥堵且右后方SUV速度较慢，自车应向右变更车道。
1381,152,lane_change,proactive_slow_ahead,2.3,wrong_factor,same_category_subtype_swap,[1.0],1.0,1.0,1.0,1.0,自车当前在原车道行驶，自车道前方一辆黑色SUV速度较慢，右侧车道空闲且右后方SUV速度较慢，自车应向右变更车道。,自车当前在原车道行驶，自车道前方一辆黑色SUV速度较快，右侧车道空闲且右后方SUV速度较慢，自车应向右变更车道。
1382,152,lane_change,proactive_slow_ahead,1.7,wrong_factor,cross_category_swap,[0.0],1.0,1.0,1.0,0.75,自车当前在原车道行驶，自车道前方一辆黑色SUV速度较慢，右侧车道空闲且右后方SUV速度较慢，自车应向右变更车道。,前方存在车辆遮挡盲区，自车应向右变更车道。
1383,152,lane_change,proactive_slow_ahead,1,unsafe_action,,[1.0],1.0,1.0,1.0,1.0,自车当前在原车道行驶，自车道前方一辆黑色SUV速度较慢，右侧车道空闲且右后方SUV速度较慢，自车应向右变更车道。,自车当前在原车道行驶，自车道前方一辆黑色SUV速度较慢，右侧车道空闲且右后方SUV速度较慢，自车应向左变更车道。
1384,153,blind_spot,combined_blind_spots,5,complete,,"[1.0, 1.0, 1.0]",1.0,1.0,1.0,1.0,右前方存在豁口盲区，左前方存在弯道盲区，右前方存在车辆遮挡盲区，自车应减速行驶通过。,右前方存在豁口盲区，左前方存在弯道盲区，右前方存在车辆遮挡盲区，自车应减速行驶通过。
1385,153,blind_spot,combined_blind_spots,4,generalized,,"[0.25, 0.0, 0.0]",1.0,1.0,1.0,0.5417,右前方存在豁口盲区，左前方存在弯道盲区，右前方存在车辆遮挡盲区，自车应减速行驶通过。,前方存在盲区风险，自车应减速行驶通过。
1386,153,blind_spot,combined_blind_spots,3,missing_factor,,"[1.0, 1.0, 0.0]",1.0,1.0,1.0,0.8333,右前方存在豁口盲区，左前方存在弯道盲区，右前方存在车辆遮挡盲区，自车应减速行驶通过。,右前方存在豁口盲区，左前方存在弯道盲区，自车应减速行驶通过。
1387,153,blind_spot,combined_blind_spots,3,missing_factor,,"[0.0, 1.0, 1.0]",1.0,1.0,1.0,0.8333,右前方存在豁口盲区，左前方存在弯道盲区，右前方存在车辆遮挡盲区，自车应减速行驶通过。,左前方存在弯道盲区，右前方存在车辆遮挡盲区，自车应减速行驶通过。
1388,153,blind_spot,combined_blind_spots,3,missing_factor,,"[1.0, 0.0, 1.0]",1.0,1.0,1.0,0.8333,右前方存在豁口盲区，左前方存在弯道盲区，右前方存在车辆遮挡盲区，自车应减速行驶通过。,右前方存在豁口盲区，右前方存在车辆遮挡盲区，自车应减速行驶通过。
1389,153,blind_spot,combined_blind_spots,2.8,wrong_factor,direction_swap,"[1.0, 0.75, 1.0]",1.0,1.0,1.0,0.9583,右前方存在豁口盲区，左前方存在弯道盲区，右前方存在车辆遮挡盲区，自车应减速行驶通过。,右前方存在豁口盲区，右前方存在弯道盲区，右前方存在车辆遮挡盲区，自车应减速行驶通过。
1390,153,blind_spot,combined_blind_spots,2.8,wrong_factor,direction_swap,"[0.75, 1.0, 1.0]",1.0,1.0,1.0,0.9583,右前方存在豁口盲区，左前方存在弯道盲区，右前方存在车辆遮挡盲区，自车应减速行驶通过。,左前方存在豁口盲区，左前方存在弯道盲区，右前方存在车辆遮挡盲区，自车应减速行驶通过。
1391,153,blind_spot,combined_blind_spots,2.3,wrong_factor,same_category_subtype_swap,"[1.0, 1.0, 0.5]",1.0,1.0,1.0,0.9167,右前方存在豁口盲区，左前方存在弯道盲区，右前方存在车辆遮挡盲区，自车应减速行驶通过。,右前方存在豁口盲区，左前方存在弯道盲区，右前方存在豁口盲区，自车应减速行驶通过。
1392,153,blind_spot,combined_blind_spots,2.3,wrong_factor,same_category_subtype_swap,"[0.5, 1.0, 1.0]",1.0,1.0,1.0,0.9167,右前方存在豁口盲区，左前方存在弯道盲区，右前方存在车辆遮挡盲区，自车应减速行驶通过。,右前方存在车辆遮挡盲区，左前方存在弯道盲区，右前方存在车辆遮挡盲区，自车应减速行驶通过。
1393,153,blind_spot,combined_blind_spots,2.3,wrong_factor,same_category_subtype_swap,"[1.0, 0.5, 1.0]",1.0,1.0,1.0,0.9167,右前方存在豁口盲区，左前方存在弯道盲区，右前方存在车辆遮挡盲区，自车应减速行驶通过。,右前方存在豁口盲区，左前方存在无灯路口盲区，右前方存在车辆遮挡盲区，自车应减速行驶通过。
1394,153,blind_spot,combined_blind_spots,1.7,wrong_factor,cross_category_swap,"[1.0, 1.0, 0.0]",1.0,1.0,1.0,0.8333,右前方存在豁口盲区，左前方存在弯道盲区，右前方存在车辆遮挡盲区，自车应减速行驶通过。,右前方存在豁口盲区，左前方存在弯道盲区，右前方存在施工区域占道，自车应减速行驶通过。
1395,153,blind_spot,combined_blind_spots,1.7,wrong_factor,cross_category_swap,"[0.0, 1.0, 1.0]",1.0,0.5,1.0,0.75,右前方存在豁口盲区，左前方存在弯道盲区，右前方存在车辆遮挡盲区，自车应减速行驶通过。,右前方存在车辆占道停车，左前方存在弯道盲区，右前方存在车辆遮挡盲区，自车应减速行驶通过。
1396,153,blind_spot,combined_blind_spots,1.7,wrong_factor,cross_category_swap,"[0.0, 0.0, 0.0]",1.0,1.0,1.0,0.5,右前方存在豁口盲区，左前方存在弯道盲区，右前方存在车辆遮挡盲区，自车应减速行驶通过。,前方存在锥桶占道，影响自车通行，自车应减速行驶通过。
1397,153,blind_spot,combined_blind_spots,1,unsafe_action,,"[1.0, 1.0, 1.0]",1.0,0.0,1.0,0.8333,右前方存在豁口盲区，左前方存在弯道盲区，右前方存在车辆遮挡盲区，自车应减速行驶通过。,右前方存在豁口盲区，左前方存在弯道盲区，右前方存在车辆遮挡盲区，自车应加速通过。
1398,154,lane_change,must_wait,5,complete,,[1.0],1.0,1.0,1.0,1.0,自车当前在原车道正常行驶，自车道前方有较多车辆行驶缓慢导致自车道通行效率较低，自车右侧车道通行效率较高，且右后方有一辆黄色SUV，速度较慢与自车有安全距离，但自车右侧有一辆红色轿车正在行驶，速度较快，等待其通过后，自车应向右变更车道。,自车当前在原车道正常行驶，自车道前方有较多车辆行驶缓慢导致自车道通行效率较低，自车右侧车道通行效率较高，且右后方有一辆黄色SUV，速度较慢与自车有安全距离，但自车右侧有一辆红色轿车正在行驶，速度较快，等待其通过后，自车应向右变更车道。
1399,154,lane_change,must_wait,4,generalized,,[0.25],0.0,1.0,1.0,0.5625,自车当前在原车道正常行驶，自车道前方有较多车辆行驶缓慢导致自车道通行效率较低，自车右侧车道通行效率较高，且右后方有一辆黄色SUV，速度较慢与自车有安全距离，但自车右侧有一辆红色轿车正在行驶，速度较快，等待其通过后，自车应向右变更车道。,前方通行受阻，右侧车道具备换道条件，自车应向右变更车道。
1400,154,lane_change,must_wait,3,missing_factor,,[1.0],1.0,1.0,1.0,1.0,自车当前在原车道正常行驶，自车道前方有较多车辆行驶缓慢导致自车道通行效率较低，自车右侧车道通行效率较高，且右后方有一辆黄色SUV，速度较慢与自车有安全距离，但自车右侧有一辆红色轿车正在行驶，速度较快，等待其通过后，自车应向右变更车道。,自车当前在原车道正常行驶，自车道前方有较多车辆行驶缓慢导致自车道通行效率较低，自车右侧车道通行效率较高，且右后方有一辆黄色SUV，速度较慢与自车有安全距离，但自车右侧有一辆红色轿车正在行驶，速度较快，自车应向右变更车道。
1401,154,lane_change,must_wait,3,missing_factor,,[1.0],1.0,1.0,1.0,1.0,自车当前在原车道正常行驶，自车道前方有较多车辆行驶缓慢导致自车道通行效率较低，自车右侧车道通行效率较高，且右后方有一辆黄色SUV，速度较慢与自车有安全距离，但自车右侧有一辆红色轿车正在行驶，速度较快，等待其通过后，自车应向右变更车道。,自车道前方有较多车辆行驶缓慢导致自车道通行效率较低，自车右侧车道通行效率较高，且右后方有一辆黄色SUV，速度较慢与自车有安全距离，但自车右侧有一辆红色轿车正在行驶，速度较快，等待其通过后，自车应向右变更车道。
1402,154,lane_change,must_wait,3,missing_factor,,[0.0],1.0,1.0,1.0,0.75,自车当前在原车道正常行驶，自车道前方有较多车辆行驶缓慢导致自车道通行效率较低，自车右侧车道通行效率较高，且右后方有一辆黄色SUV，速度较慢与自车有安全距离，但自车右侧有一辆红色轿车正在行驶，速度较快，等待其通过后，自车应向右变更车道。,自车当前在原车道正常行驶，等待其通过后，自车应向右变更车道。
1403,154,lane_change,must_wait,2.8,wrong_factor,direction_swap,[1.0],1.0,1.0,1.0,1.0,自车当前在原车道正常行驶，自车道前方有较多车辆行驶缓慢导致自车道通行效率较低，自车右侧车道通行效率较高，且右后方有一辆黄色SUV，速度较慢与自车有安全距离，但自车右侧有一辆红色轿车正在行驶，速度较快，等待其通过后，自车应向右变更车道。,自车当前在原车道正常行驶，自车道前方有较多车辆行驶缓慢导致自车道通行效率较低，自车左侧车道通行效率较高，且右后方有一辆黄色SUV，速度较慢与自车有安全距离，但自车右侧有一辆红色轿车正在行驶，速度较快，等待其通过后，自车应向右变更车道。
1404,154,lane_change,must_wait,2.8,wrong_factor,direction_swap,[0.75],1.0,1.0,1.0,0.9375,自车当前在原车道正常行驶，自车道前方有较多车辆行驶缓慢导致自车道通行效率较低，自车右侧车道通行效率较高，且右后方有一辆黄色SUV，速度较慢与自车有安全距离，但自车右侧有一辆红色轿车正在行驶，速度较快，等待其通过后，自车应向右变更车道。,自车当前在原车道正常行驶，自车道前方有较多车辆行驶缓慢导致自车道通行效率较低，自车右侧车道通行效率较高，且左后方有一辆黄色SUV，速度较慢与自车有安全距离，但自车右侧有一辆红色轿车正在行驶，速度较快，等待其通过后，自车应向右变更车道。
1405,154,lane_change,must_wait,2.3,wrong_factor,same_category_subtype_swap,[1.0],1.0,1.0,1.0,1.0,自车当前在原车道正常行驶，自车道前方有较多车辆行驶缓慢导致自车道通行效率较低，自车右侧车道通行效率较高，且右后方有一辆黄色SUV，速度较慢与自车有安全距离，但自车右侧有一辆红色轿车正在行驶，速度较快，等待其通过后，自车应向右变更车道。,自车当前在原车道正常行驶，自车道前方有较多车辆行驶缓慢导致自车道通行效率较低，自车右侧车道通行效率较低，且右后方有一辆黄色SUV，速度较慢与自车有安全距离，但自车右侧有一辆红色轿车正在行驶，速度较快，等待其通过后，自车应向右变更车道。
1406,154,lane_change,must_wait,2.3,wrong_factor,same_category_subtype_swap,[1.0],1.0,1.0,1.0,1.0,自车当前在原车道正常行驶，自车道前方有较多车辆行驶缓慢导致自车道通行效率较低，自车右侧车道通行效率较高，且右后方有一辆黄色SUV，速度较慢与自车有安全距离，但自车右侧有一辆红色轿车正在行驶，速度较快，等待其通过后，自车应向右变更车道。,自车当前在原车道正常行驶，自车道前方有较多车辆行驶缓慢导致自车道通行效率较低，自车右侧车道通行效率较高，且右后方有一辆黄色SUV，速度较慢与自车有距离较近，但自车右侧有一辆红色轿车正在行驶，速度较快，等待其通过后，自车应向右变更车道。
1407,154,lane_change,must_wait,2.3,wrong_factor,same_category_subtype_swap,[1.0],1.0,1.0,1.0,1.0,自车当前在原车道正常行驶，自车道前方有较多车辆行驶缓慢导致自车道通行效率较低，自车右侧车道通行效率较高，且右后方有一辆黄色SUV，速度较慢与自车有安全距离，但自车右侧有一辆红色轿车正在行驶，速度较快，等待其通过后，自车应向右变更车道。,自车当前在原车道正常行驶，自车道前方有较多车辆行驶缓慢导致自车道通行效率较低，自车右侧车道通行效率较高，且右后方有一辆黄色SUV，速度较快与自车有安全距离，但自车右侧有一辆红色轿车正在行驶，速度较快，等待其通过后，自车应向右变更车道。
1408,154,lane_change,must_wait,1.7,wrong_factor,cross_category_swap,[0.0],1.0,1.0,0.0,0.5,自车当前在原车道正常行驶，自车道前方有较多车辆行驶缓慢导致自车道通行效率较低，自车右侧车道通行效率较高，且右后方有一辆黄色SUV，速度较慢与自车有安全距离，但自车右侧有一辆红色轿车正在行驶，速度较快，等待其通过后，自车应向右变更车道。,前方存在车辆遮挡盲区，自车应向右变更车道。
1409,154,lane_change,must_wait,1,unsafe_action,,[1.0],1.0,1.0,1.0,1.0,自车当前在原车道正常行驶，自车道前方有较多车辆行驶缓慢导致自车道通行效率较低，自车右侧车道通行效率较高，且右后方有一辆黄色SUV，速度较慢与自车有安全距离，但自车右侧有一辆红色轿车正在行驶，速度较快，等待其通过后，自车应向右变更车道。,自车当前在原车道正常行驶，自车道前方有较多车辆行驶缓慢导致自车道通行效率较低，自车右侧车道通行效率较高，且右后方有一辆黄色SUV，速度较慢与自车有安全距离，但自车右侧有一辆红色轿车正在行驶，速度较快，等待其通过后，自车应向左变更车道。
1410,155,obstacle_avoidance,static_obstacle_blocking_lane,5,complete,,[1.0],1.0,1.0,1.0,1.0,自车前方有白色车辆占道停放，左前方有黑色车辆正在行驶，自车应减速让行后向左避障。,自车前方有白色车辆占道停放，左前方有黑色车辆正在行驶，自车应减速让行后向左避障。
1411,155,obstacle_avoidance,static_obstacle_blocking_lane,4,generalized,,[0.0],0.0,1.0,1.0,0.5,自车前方有白色车辆占道停放，左前方有黑色车辆正在行驶，自车应减速让行后向左避障。,前方存在障碍物影响通行，自车应减速让行。
1412,155,obstacle_avoidance,static_obstacle_blocking_lane,3,missing_factor,,[0.0],0.0,1.0,1.0,0.5,自车前方有白色车辆占道停放，左前方有黑色车辆正在行驶，自车应减速让行后向左避障。,自车前方有白色车辆占道停放，自车应减速让行。
1413,155,obstacle_avoidance,static_obstacle_blocking_lane,3,missing_factor,,[1.0],0.0,1.0,1.0,0.75,自车前方有白色车辆占道停放，左前方有黑色车辆正在行驶，自车应减速让行后向左避障。,左前方有黑色车辆正在行驶，自车应减速让行。
1414,155,obstacle_avoidance,static_obstacle_blocking_lane,3,missing_factor,,[0.0],0.0,1.0,1.0,0.5,自车前方有白色车辆占道停放，左前方有黑色车辆正在行驶，自车应减速让行后向左避障。,自车前方有车辆占道停放，自车应减速让行。
1415,155,obstacle_avoidance,static_obstacle_blocking_lane,2.8,wrong_factor,direction_swap,[0.75],1.0,1.0,1.0,0.9375,自车前方有白色车辆占道停放，左前方有黑色车辆正在行驶，自车应减速让行后向左避障。,自车前方有白色车辆占道停放，右前方有黑色车辆正在行驶，自车应减速让行后向左避障。
1416,155,obstacle_avoidance,static_obstacle_blocking_lane,1.7,wrong_factor,cross_category_swap,[0.0],0.0,1.0,1.0,0.5,自车前方有白色车辆占道停放，左前方有黑色车辆正在行驶，自车应减速让行后向左避障。,前方存在车辆遮挡盲区，自车应减速让行。
1417,155,obstacle_avoidance,static_obstacle_blocking_lane,1,unsafe_action,,[1.0],0.0,0.0,0.0,0.25,自车前方有白色车辆占道停放，左前方有黑色车辆正在行驶，自车应减速让行后向左避障。,自车前方有白色车辆占道停放，左前方有黑色车辆正在行驶，自车应加速通过。
1418,156,obstacle_avoidance,static_obstacle_blocking_lane,5,complete,,[1.0],1.0,1.0,1.0,1.0,自车当前在原车道正常行驶，前方有蓝色货车占道停靠，自车应向左避障。,自车当前在原车道正常行驶，前方有蓝色货车占道停靠，自车应向左避障。
1419,156,obstacle_avoidance,static_obstacle_blocking_lane,4,generalized,,[0.5],1.0,1.0,1.0,0.875,自车当前在原车道正常行驶，前方有蓝色货车占道停靠，自车应向左避障。,前方存在障碍物影响通行，自车应向左避障。
1420,156,obstacle_avoidance,static_obstacle_blocking_lane,3,missing_factor,,[0.0],1.0,1.0,1.0,0.75,自车当前在原车道正常行驶，前方有蓝色货车占道停靠，自车应向左避障。,自车当前在原车道正常行驶，自车应向左避障。
1421,156,obstacle_avoidance,static_obstacle_blocking_lane,3,missing_factor,,[1.0],1.0,1.0,1.0,1.0,自车当前在原车道正常行驶，前方有蓝色货车占道停靠，自车应向左避障。,前方有蓝色货车占道停靠，自车应向左避障。
1422,156,obstacle_avoidance,static_obstacle_blocking_lane,2.3,wrong_factor,same_category_subtype_swap,[0.75],1.0,1.0,1.0,0.9375,自车当前在原车道正常行驶，前方有蓝色货车占道停靠，自车应向左避障。,自车当前在原车道正常行驶，前方有蓝色小汽车占道停靠，自车应向左避障。
1423,156,obstacle_avoidance,static_obstacle_blocking_lane,1.7,wrong_factor,cross_category_swap,[0.0],1.0,1.0,1.0,0.75,自车当前在原车道正常行驶，前方有蓝色货车占道停靠，自车应向左避障。,前方存在车辆遮挡盲区，自车应向左避障。
1424,156,obstacle_avoidance,static_obstacle_blocking_lane,1,unsafe_action,,[1.0],1.0,1.0,1.0,1.0,自车当前在原车道正常行驶，前方有蓝色货车占道停靠，自车应向左避障。,自车当前在原车道正常行驶，前方有蓝色货车占道停靠，自车应向右避障。
1425,157,obstacle_avoidance,static_obstacle_blocking_lane,5,complete,,[1.0],1.0,1.0,1.0,1.0,自车在原车道正常行驶，前方有黑色小汽车占道停车，自车应向左避障。,自车在原车道正常行驶，前方有黑色小汽车占道停车，自车应向左避障。
1426,157,obstacle_avoidance,static_obstacle_blocking_lane,4,generalized,,[0.5],1.0,0.0,1.0,0.625,自车在原车道正常行驶，前方有黑色小汽车占道停车，自车应向左避障。,前方存在障碍物影响通行，自车应向左避障。
1427,157,obstacle_avoidance,static_obstacle_blocking_lane,3,missing_factor,,[0.0],1.0,0.0,1.0,0.5,自车在原车道正常行驶，前方有黑色小汽车占道停车，自车应向左避障。,自车在原车道正常行驶，自车应向左避障。
1428,157,obstacle_avoidance,static_obstacle_blocking_lane,3,missing_factor,,[1.0],1.0,1.0,1.0,1.0,自车在原车道正常行驶，前方有黑色小汽车占道停车，自车应向左避障。,前方有黑色小汽车占道停车，自车应向左避障。
1429,157,obstacle_avoidance,static_obstacle_blocking_lane,2.3,wrong_factor,same_category_subtype_swap,[0.75],1.0,1.0,1.0,0.9375,自车在原车道正常行驶，前方有黑色小汽车占道停车，自车应向左避障。,自车在原车道正常行驶，前方有黑色货车占道停车，自车应向左避障。
1430,157,obstacle_avoidance,static_obstacle_blocking_lane,1.7,wrong_factor,cross_category_swap,[0.0],1.0,0.0,1.0,0.5,自车在原车道正常行驶，前方有黑色小汽车占道停车，自车应向左避障。,前方存在车辆遮挡盲区，自车应向左避障。
1431,157,obstacle_avoidance,static_obstacle_blocking_lane,1,unsafe_action,,[1.0],1.0,1.0,1.0,1.0,自车在原车道正常行驶，前方有黑色小汽车占道停车，自车应向左避障。,自车在原车道正常行驶，前方有黑色小汽车占道停车，自车应向右避障。
1432,158,obstacle_avoidance,static_obstacle_blocking_lane,5,complete,,[1.0],1.0,1.0,1.0,1.0,自车当前在原车道正常行驶，对向车道有黑色小汽车、红色大货车和白色小汽车正常行驶，前方有红色大货车占道停靠，自车应减速让行后向左避障。,自车当前在原车道正常行驶，对向车道有黑色小汽车、红色大货车和白色小汽车正常行驶，前方有红色大货车占道停靠，自车应减速让行后向左避障。
1433,158,obstacle_avoidance,static_obstacle_blocking_lane,4,generalized,,[0.5],0.0,1.0,1.0,0.625,自车当前在原车道正常行驶，对向车道有黑色小汽车、红色大货车和白色小汽车正常行驶，前方有红色大货车占道停靠，自车应减速让行后向左避障。,前方存在障碍物影响通行，自车应减速让行。
1434,158,obstacle_avoidance,static_obstacle_blocking_lane,3,missing_factor,,[0.5],0.0,1.0,1.0,0.625,自车当前在原车道正常行驶，对向车道有黑色小汽车、红色大货车和白色小汽车正常行驶，前方有红色大货车占道停靠，自车应减速让行后向左避障。,自车当前在原车道正常行驶，对向车道有黑色小汽车、红色大货车和白色小汽车正常行驶，自车应减速让行。
1435,158,obstacle_avoidance,static_obstacle_blocking_lane,3,missing_factor,,[1.0],0.0,1.0,1.0,0.75,自车当前在原车道正常行驶，对向车道有黑色小汽车、红色大货车和白色小汽车正常行驶，前方有红色大货车占道停靠，自车应减速让行后向左避障。,对向车道有黑色小汽车、红色大货车和白色小汽车正常行驶，前方有红色大货车占道停靠，自车应减速让行。
1436,158,obstacle_avoidance,static_obstacle_blocking_lane,3,missing_factor,,[1.0],0.0,1.0,1.0,0.75,自车当前在原车道正常行驶，对向车道有黑色小汽车、红色大货车和白色小汽车正常行驶，前方有红色大货车占道停靠，自车应减速让行后向左避障。,自车当前在原车道正常行驶，前方有红色大货车占道停靠，自车应减速让行。
1437,158,obstacle_avoidance,static_obstacle_blocking_lane,2.3,wrong_factor,same_category_subtype_swap,[1.0],1.0,1.0,1.0,1.0,自车当前在原车道正常行驶，对向车道有黑色小汽车、红色大货车和白色小汽车正常行驶，前方有红色大货车占道停靠，自车应减速让行后向左避障。,自车当前在原车道正常行驶，对向车道有黑色货车、红色大货车和白色小汽车正常行驶，前方有红色大货车占道停靠，自车应减速让行后向左避障。
1438,158,obstacle_avoidance,static_obstacle_blocking_lane,2.3,wrong_factor,same_category_subtype_swap,[1.0],1.0,1.0,1.0,1.0,自车当前在原车道正常行驶，对向车道有黑色小汽车、红色大货车和白色小汽车正常行驶，前方有红色大货车占道停靠，自车应减速让行后向左避障。,自车当前在原车道正常行驶，对向车道有黑色小汽车、红色大小汽车和白色小汽车正常行驶，前方有红色大货车占道停靠，自车应减速让行后向左避障。
1439,158,obstacle_avoidance,static_obstacle_blocking_lane,1.7,wrong_factor,cross_category_swap,[0.0],0.0,1.0,1.0,0.5,自车当前在原车道正常行驶，对向车道有黑色小汽车、红色大货车和白色小汽车正常行驶，前方有红色大货车占道停靠，自车应减速让行后向左避障。,前方存在车辆遮挡盲区，自车应减速让行。
1440,158,obstacle_avoidance,static_obstacle_blocking_lane,1,unsafe_action,,[1.0],0.0,0.0,0.0,0.25,自车当前在原车道正常行驶，对向车道有黑色小汽车、红色大货车和白色小汽车正常行驶，前方有红色大货车占道停靠，自车应减速让行后向左避障。,自车当前在原车道正常行驶，对向车道有黑色小汽车、红色大货车和白色小汽车正常行驶，前方有红色大货车占道停靠，自车应加速通过。
1441,159,blind_spot,single_blind_spot,5,complete,,[1.0],1.0,1.0,1.0,1.0,左前方和右前方均存在车辆遮挡盲区，自车应减速行驶通过。,左前方和右前方均存在车辆遮挡盲区，自车应减速行驶通过。
1442,159,blind_spot,single_blind_spot,4,generalized,,[0.25],1.0,1.0,1.0,0.8125,左前方和右前方均存在车辆遮挡盲区，自车应减速行驶通过。,前方存在盲区风险，自车应减速行驶通过。
1443,159,blind_spot,single_blind_spot,3,missing_factor,,[0.5],1.0,1.0,1.0,0.875,左前方和右前方均存在车辆遮挡盲区，自车应减速行驶通过。,前方和前方均存在盲区，自车应减速行驶通过。
1444,159,blind_spot,single_blind_spot,2.8,wrong_factor,direction_swap,[0.75],1.0,1.0,1.0,0.9375,左前方和右前方均存在车辆遮挡盲区，自车应减速行驶通过。,右前方和右前方均存在车辆遮挡盲区，自车应减速行驶通过。
1445,159,blind_spot,single_blind_spot,2.8,wrong_factor,direction_swap,[0.75],1.0,1.0,1.0,0.9375,左前方和右前方均存在车辆遮挡盲区，自车应减速行驶通过。,左前方和左前方均存在车辆遮挡盲区，自车应减速行驶通过。
1446,159,blind_spot,single_blind_spot,2.3,wrong_factor,same_category_subtype_swap,[0.75],1.0,1.0,1.0,0.9375,左前方和右前方均存在车辆遮挡盲区，自车应减速行驶通过。,左前方和右前方均存在豁口盲区，自车应减速行驶通过。
1447,159,blind_spot,single_blind_spot,1.7,wrong_factor,cross_category_swap,[0.0],1.0,1.0,1.0,0.75,左前方和右前方均存在车辆遮挡盲区，自车应减速行驶通过。,左前方和右前方均存在施工区域占道，自车应减速行驶通过。
1448,159,blind_spot,single_blind_spot,1.7,wrong_factor,cross_category_swap,[0.0],1.0,1.0,1.0,0.75,左前方和右前方均存在车辆遮挡盲区，自车应减速行驶通过。,前方存在锥桶占道，影响自车通行，自车应减速行驶通过。
1449,159,blind_spot,single_blind_spot,1,unsafe_action,,[1.0],1.0,0.0,1.0,0.75,左前方和右前方均存在车辆遮挡盲区，自车应减速行驶通过。,左前方和右前方均存在车辆遮挡盲区，自车应加速通过。
1450,160,blind_spot,single_blind_spot,5,complete,,[1.0],1.0,1.0,1.0,1.0,左前方存在坡道盲区，自车应减速行驶通过。,左前方存在坡道盲区，自车应减速行驶通过。
1451,160,blind_spot,single_blind_spot,4,generalized,,[0.25],1.0,1.0,1.0,0.8125,左前方存在坡道盲区，自车应减速行驶通过。,前方存在盲区风险，自车应减速行驶通过。
1452,160,blind_spot,single_blind_spot,3,missing_factor,,[0.5],1.0,1.0,1.0,0.875,左前方存在坡道盲区，自车应减速行驶通过。,前方存在盲区，自车应减速行驶通过。
1453,160,blind_spot,single_blind_spot,2.8,wrong_factor,direction_swap,[0.75],1.0,1.0,1.0,0.9375,左前方存在坡道盲区，自车应减速行驶通过。,右前方存在坡道盲区，自车应减速行驶通过。
1454,160,blind_spot,single_blind_spot,2.3,wrong_factor,same_category_subtype_swap,[0.5],1.0,1.0,1.0,0.875,左前方存在坡道盲区，自车应减速行驶通过。,左前方存在豁口盲区，自车应减速行驶通过。
1455,160,blind_spot,single_blind_spot,1.7,wrong_factor,cross_category_swap,[0.0],1.0,1.0,0.0,0.5,左前方存在坡道盲区，自车应减速行驶通过。,左前方存在车辆切入自车道，自车应减速行驶通过。
1456,160,blind_spot,single_blind_spot,1.7,wrong_factor,cross_category_swap,[0.0],1.0,1.0,1.0,0.75,左前方存在坡道盲区，自车应减速行驶通过。,前方存在锥桶占道，影响自车通行，自车应减速行驶通过。
1457,160,blind_spot,single_blind_spot,1,unsafe_action,,[1.0],1.0,0.0,1.0,0.75,左前方存在坡道盲区，自车应减速行驶通过。,左前方存在坡道盲区，自车应加速通过。
1458,161,obstacle_avoidance,static_obstacle_blocking_lane,5,complete,,[1.0],1.0,1.0,1.0,1.0,自车前方有白色车辆占道，自车应向左避障。,自车前方有白色车辆占道，自车应向左避障。
1459,161,obstacle_avoidance,static_obstacle_blocking_lane,4,generalized,,[0.5],1.0,1.0,1.0,0.875,自车前方有白色车辆占道，自车应向左避障。,前方存在障碍物影响通行，自车应向左避障。
1460,161,obstacle_avoidance,static_obstacle_blocking_lane,3,missing_factor,,[0.75],1.0,1.0,1.0,0.9375,自车前方有白色车辆占道，自车应向左避障。,自车前方有车辆占道，自车应向左避障。
1461,161,obstacle_avoidance,static_obstacle_blocking_lane,1.7,wrong_factor,cross_category_swap,[0.0],1.0,1.0,1.0,0.75,自车前方有白色车辆占道，自车应向左避障。,前方存在车辆遮挡盲区，自车应向左避障。
1462,161,obstacle_avoidance,static_obstacle_blocking_lane,1,unsafe_action,,[0.75],1.0,1.0,1.0,0.9375,自车前方有白色车辆占道，自车应向左避障。,自车前方有白色车辆占道，自车应向右避障。
1463,162,lane_change,must_wait,5,complete,,"[1.0, 1.0]",1.0,1.0,1.0,1.0,自车当前在原车道正常行驶，前方有较多车辆行驶缓慢，通行效率较低，左侧车道通行效率较高且左后方有一辆白色轿车速度较慢，但当前有一辆银色轿车正在行驶，等待其通过后自车应向左变更车道。,自车当前在原车道正常行驶，前方有较多车辆行驶缓慢，通行效率较低，左侧车道通行效率较高且左后方有一辆白色轿车速度较慢，但当前有一辆银色轿车正在行驶，等待其通过后自车应向左变更车道。
1464,162,lane_change,must_wait,4,generalized,,"[0.5, 0.5]",0.0,1.0,1.0,0.6,自车当前在原车道正常行驶，前方有较多车辆行驶缓慢，通行效率较低，左侧车道通行效率较高且左后方有一辆白色轿车速度较慢，但当前有一辆银色轿车正在行驶，等待其通过后自车应向左变更车道。,前方通行受阻，左侧车道具备换道条件，自车应向左变更车道。
1465,162,lane_change,must_wait,3,missing_factor,,"[1.0, 1.0]",1.0,1.0,0.0,0.8,自车当前在原车道正常行驶，前方有较多车辆行驶缓慢，通行效率较低，左侧车道通行效率较高且左后方有一辆白色轿车速度较慢，但当前有一辆银色轿车正在行驶，等待其通过后自车应向左变更车道。,自车当前在原车道正常行驶，前方有较多车辆行驶缓慢，通行效率较低，左侧车道通行效率较高且左后方有一辆白色轿车速度较慢，自车应向左变更车道。
1466,162,lane_change,must_wait,3,missing_factor,,"[1.0, 1.0]",1.0,1.0,0.0,0.8,自车当前在原车道正常行驶，前方有较多车辆行驶缓慢，通行效率较低，左侧车道通行效率较高且左后方有一辆白色轿车速度较慢，但当前有一辆银色轿车正在行驶，等待其通过后自车应向左变更车道。,前方有较多车辆行驶缓慢，通行效率较低，左侧车道通行效率较高且左后方有一辆白色轿车速度较慢，但当前有一辆银色轿车正在行驶，自车应向左变更车道。
1467,162,lane_change,must_wait,3,missing_factor,,"[0.5, 0.0]",1.0,1.0,0.0,0.5,自车当前在原车道正常行驶，前方有较多车辆行驶缓慢，通行效率较低，左侧车道通行效率较高且左后方有一辆白色轿车速度较慢，但当前有一辆银色轿车正在行驶，等待其通过后自车应向左变更车道。,自车当前在原车道正常行驶，但当前有一辆银色轿车正在行驶，自车应向左变更车道。
1468,162,lane_change,must_wait,2.8,wrong_factor,direction_swap,"[1.0, 0.0]",1.0,1.0,1.0,0.8,自车当前在原车道正常行驶，前方有较多车辆行驶缓慢，通行效率较低，左侧车道通行效率较高且左后方有一辆白色轿车速度较慢，但当前有一辆银色轿车正在行驶，等待其通过后自车应向左变更车道。,自车当前在原车道正常行驶，前方有较多车辆行驶缓慢，通行效率较低，右侧车道通行效率较高且左后方有一辆白色轿车速度较慢，但当前有一辆银色轿车正在行驶，等待其通过后自车应向左变更车道。
1469,162,lane_change,must_wait,2.8,wrong_factor,direction_swap,"[1.0, 0.75]",1.0,1.0,1.0,0.95,自车当前在原车道正常行驶，前方有较多车辆行驶缓慢，通行效率较低，左侧车道通行效率较高且左后方有一辆白色轿车速度较慢，但当前有一辆银色轿车正在行驶，等待其通过后自车应向左变更车道。,自车当前在原车道正常行驶，前方有较多车辆行驶缓慢，通行效率较低，左侧车道通行效率较高且右后方有一辆白色轿车速度较慢，但当前有一辆银色轿车正在行驶，等待其通过后自车应向左变更车道。
1470,162,lane_change,must_wait,2.3,wrong_factor,same_category_subtype_swap,"[1.0, 0.75]",1.0,1.0,1.0,0.95,自车当前在原车道正常行驶，前方有较多车辆行驶缓慢，通行效率较低，左侧车道通行效率较高且左后方有一辆白色轿车速度较慢，但当前有一辆银色轿车正在行驶，等待其通过后自车应向左变更车道。,自车当前在原车道正常行驶，前方有较多车辆行驶缓慢，通行效率较低，左侧车道通行效率较低且左后方有一辆白色轿车速度较慢，但当前有一辆银色轿车正在行驶，等待其通过后自车应向左变更车道。
1471,162,lane_change,must_wait,2.3,wrong_factor,same_category_subtype_swap,"[1.0, 0.75]",1.0,1.0,1.0,0.95,自车当前在原车道正常行驶，前方有较多车辆行驶缓慢，通行效率较低，左侧车道通行效率较高且左后方有一辆白色轿车速度较慢，但当前有一辆银色轿车正在行驶，等待其通过后自车应向左变更车道。,自车当前在原车道正常行驶，前方有较多车辆行驶缓慢，通行效率较低，左侧车道通行效率较高且左后方有一辆白色轿车速度较快，但当前有一辆银色轿车正在行驶，等待其通过后自车应向左变更车道。
1472,162,lane_change,must_wait,1.7,wrong_factor,cross_category_swap,"[0.0, 0.0]",1.0,1.0,0.0,0.4,自车当前在原车道正常行驶，前方有较多车辆行驶缓慢，通行效率较低，左侧车道通行效率较高且左后方有一辆白色轿车速度较慢，但当前有一辆银色轿车正在行驶，等待其通过后自车应向左变更车道。,前方存在车辆遮挡盲区，自车应向左变更车道。
1473,162,lane_change,must_wait,1,unsafe_action,,"[1.0, 1.0]",1.0,1.0,1.0,1.0,自车当前在原车道正常行驶，前方有较多车辆行驶缓慢，通行效率较低，左侧车道通行效率较高且左后方有一辆白色轿车速度较慢，但当前有一辆银色轿车正在行驶，等待其通过后自车应向左变更车道。,自车当前在原车道正常行驶，前方有较多车辆行驶缓慢，通行效率较低，左侧车道通行效率较高且左后方有一辆白色轿车速度较慢，但当前有一辆银色轿车正在行驶，等待其通过后自车应向右变更车道。
1474,163,yielding,decelerate_to_yield,5,complete,,[1.0],1.0,1.0,1.0,1.0,自车当前在原车道正常行驶，前方有锥桶和施工障碍物，对向车道有白色小汽车正在行驶，自车应减速让行后再向左避障。,自车当前在原车道正常行驶，前方有锥桶和施工障碍物，对向车道有白色小汽车正在行驶，自车应减速让行后再向左避障。
1475,163,yielding,decelerate_to_yield,4,generalized,,[0.0],0.0,1.0,1.0,0.5,自车当前在原车道正常行驶，前方有锥桶和施工障碍物，对向车道有白色小汽车正在行驶，自车应减速让行后再向左避障。,前方有交通参与者影响自车通行，自车应减速让行。
1476,163,yielding,decelerate_to_yield,3,missing_factor,,[1.0],0.0,1.0,1.0,0.75,自车当前在原车道正常行驶，前方有锥桶和施工障碍物，对向车道有白色小汽车正在行驶，自车应减速让行后再向左避障。,自车当前在原车道正常行驶，前方有锥桶和施工障碍物，自车应减速让行。
1477,163,yielding,decelerate_to_yield,3,missing_factor,,[1.0],0.0,1.0,1.0,0.75,自车当前在原车道正常行驶，前方有锥桶和施工障碍物，对向车道有白色小汽车正在行驶，自车应减速让行后再向左避障。,前方有锥桶和施工障碍物，对向车道有白色小汽车正在行驶，自车应减速让行。
1478,163,yielding,decelerate_to_yield,3,missing_factor,,[0.0],0.0,1.0,1.0,0.5,自车当前在原车道正常行驶，前方有锥桶和施工障碍物，对向车道有白色小汽车正在行驶，自车应减速让行后再向左避障。,自车当前在原车道正常行驶，对向车道有白色小汽车正在行驶，自车应减速让行。
1479,163,yielding,decelerate_to_yield,2.3,wrong_factor,same_category_subtype_swap,[1.0],1.0,1.0,1.0,1.0,自车当前在原车道正常行驶，前方有锥桶和施工障碍物，对向车道有白色小汽车正在行驶，自车应减速让行后再向左避障。,自车当前在原车道正常行驶，前方有锥桶和施工障碍物，对向车道有白色货车正在行驶，自车应减速让行后再向左避障。
1480,163,yielding,decelerate_to_yield,1.7,wrong_factor,cross_category_swap,[0.0],1.0,1.0,1.0,0.75,自车当前在原车道正常行驶，前方有锥桶和施工障碍物，对向车道有白色小汽车正在行驶，自车应减速让行后再向左避障。,自车当前在原车道正常行驶，前方有豁口盲区和施工障碍物，对向车道有白色小汽车正在行驶，自车应减速让行后再向左避障。
1481,163,yielding,decelerate_to_yield,1.7,wrong_factor,cross_category_swap,[0.0],0.0,1.0,1.0,0.5,自车当前在原车道正常行驶，前方有锥桶和施工障碍物，对向车道有白色小汽车正在行驶，自车应减速让行后再向左避障。,前方存在坑洼路面，自车应减速让行。
1482,163,yielding,decelerate_to_yield,1,unsafe_action,,[1.0],0.0,0.0,0.0,0.25,自车当前在原车道正常行驶，前方有锥桶和施工障碍物，对向车道有白色小汽车正在行驶，自车应减速让行后再向左避障。,自车当前在原车道正常行驶，前方有锥桶和施工障碍物，对向车道有白色小汽车正在行驶，自车应加速通过。
1483,164,obstacle_avoidance,dynamic_obstacle,5,complete,,[1.0],1.0,1.0,1.0,1.0,右前方有两轮骑行者缓慢行驶，自车应向左避障。,右前方有两轮骑行者缓慢行驶，自车应向左避障。
1484,164,obstacle_avoidance,dynamic_obstacle,4,generalized,,[0.0],1.0,0.0,1.0,0.5,右前方有两轮骑行者缓慢行驶，自车应向左避障。,前方存在障碍物影响通行，自车应向左避障。
1485,164,obstacle_avoidance,dynamic_obstacle,3,missing_factor,,[0.75],1.0,1.0,1.0,0.9375,右前方有两轮骑行者缓慢行驶，自车应向左避障。,前方有两轮骑行者缓慢行驶，自车应向左避障。
1486,164,obstacle_avoidance,dynamic_obstacle,2.8,wrong_factor,direction_swap,[0.75],1.0,1.0,1.0,0.9375,右前方有两轮骑行者缓慢行驶，自车应向左避障。,左前方有两轮骑行者缓慢行驶，自车应向左避障。
1487,164,obstacle_avoidance,dynamic_obstacle,2.3,wrong_factor,same_category_subtype_swap,[0.75],1.0,1.0,1.0,0.9375,右前方有两轮骑行者缓慢行驶，自车应向左避障。,右前方有三轮骑行者缓慢行驶，自车应向左避障。
1488,164,obstacle_avoidance,dynamic_obstacle,1.7,wrong_factor,cross_category_swap,[0.0],1.0,0.0,1.0,0.5,右前方有两轮骑行者缓慢行驶，自车应向左避障。,前方存在车辆遮挡盲区，自车应向左避障。
1489,164,obstacle_avoidance,dynamic_obstacle,1,unsafe_action,,[1.0],1.0,1.0,1.0,1.0,右前方有两轮骑行者缓慢行驶，自车应向左避障。,右前方有两轮骑行者缓慢行驶，自车应向右避障。
1490,165,traffic_signal,red_light_stop,5,complete,,"[1.0, 1.0]",1.0,1.0,1.0,1.0,自车当前在原车道正常行驶，前方有较多车辆等待红绿灯通行效率较低，右侧车道等待红绿灯车辆较少，右后方有一辆红色三轮车速度较慢与自车有安全距离，自车应向右变更车道。,自车当前在原车道正常行驶，前方有较多车辆等待红绿灯通行效率较低，右侧车道等待红绿灯车辆较少，右后方有一辆红色三轮车速度较慢与自车有安全距离，自车应向右变更车道。
1491,165,traffic_signal,red_light_stop,4,generalized,,"[0.0, 0.0]",1.0,1.0,1.0,0.6,自车当前在原车道正常行驶，前方有较多车辆等待红绿灯通行效率较低，右侧车道等待红绿灯车辆较少，右后方有一辆红色三轮车速度较慢与自车有安全距离，自车应向右变更车道。,当前路口信号允许通行，自车应向右变更车道。
1492,165,traffic_signal,red_light_stop,3,missing_factor,,"[1.0, 1.0]",1.0,1.0,1.0,1.0,自车当前在原车道正常行驶，前方有较多车辆等待红绿灯通行效率较低，右侧车道等待红绿灯车辆较少，右后方有一辆红色三轮车速度较慢与自车有安全距离，自车应向右变更车道。,自车当前在原车道正常行驶，前方有较多车辆等待红绿灯通行效率较低，右侧车道等待红绿灯车辆较少，自车应向右变更车道。
1493,165,traffic_signal,red_light_stop,3,missing_factor,,"[1.0, 1.0]",1.0,1.0,1.0,1.0,自车当前在原车道正常行驶，前方有较多车辆等待红绿灯通行效率较低，右侧车道等待红绿灯车辆较少，右后方有一辆红色三轮车速度较慢与自车有安全距离，自车应向右变更车道。,前方有较多车辆等待红绿灯通行效率较低，右侧车道等待红绿灯车辆较少，右后方有一辆红色三轮车速度较慢与自车有安全距离，自车应向右变更车道。
1494,165,traffic_signal,red_light_stop,3,missing_factor,,"[0.0, 0.0]",1.0,1.0,1.0,0.6,自车当前在原车道正常行驶，前方有较多车辆等待红绿灯通行效率较低，右侧车道等待红绿灯车辆较少，右后方有一辆红色三轮车速度较慢与自车有安全距离，自车应向右变更车道。,自车当前在原车道正常行驶，右后方有一辆红色三轮车速度较慢与自车有安全距离，自车应向右变更车道。
1495,165,traffic_signal,red_light_stop,2.8,wrong_factor,direction_swap,"[1.0, 0.0]",1.0,1.0,1.0,0.8,自车当前在原车道正常行驶，前方有较多车辆等待红绿灯通行效率较低，右侧车道等待红绿灯车辆较少，右后方有一辆红色三轮车速度较慢与自车有安全距离，自车应向右变更车道。,自车当前在原车道正常行驶，前方有较多车辆等待红绿灯通行效率较低，左侧车道等待红绿灯车辆较少，右后方有一辆红色三轮车速度较慢与自车有安全距离，自车应向右变更车道。
1496,165,traffic_signal,red_light_stop,2.8,wrong_factor,direction_swap,"[1.0, 1.0]",1.0,1.0,1.0,1.0,自车当前在原车道正常行驶，前方有较多车辆等待红绿灯通行效率较低，右侧车道等待红绿灯车辆较少，右后方有一辆红色三轮车速度较慢与自车有安全距离，自车应向右变更车道。,自车当前在原车道正常行驶，前方有较多车辆等待红绿灯通行效率较低，右侧车道等待红绿灯车辆较少，左后方有一辆红色三轮车速度较慢与自车有安全距离，自车应向右变更车道。
1497,165,traffic_signal,red_light_stop,2.3,wrong_factor,same_category_subtype_swap,"[1.0, 1.0]",1.0,1.0,1.0,1.0,自车当前在原车道正常行驶，前方有较多车辆等待红绿灯通行效率较低，右侧车道等待红绿灯车辆较少，右后方有一辆红色三轮车速度较慢与自车有安全距离，自车应向右变更车道。,自车当前在原车道正常行驶，前方有较多车辆等待红绿灯通行效率较低，右侧车道等待红绿灯车辆较少，右后方有一辆绿色三轮车速度较慢与自车有安全距离，自车应向右变更车道。
1498,165,traffic_signal,red_light_stop,2.3,wrong_factor,same_category_subtype_swap,"[0.75, 1.0]",1.0,1.0,1.0,0.95,自车当前在原车道正常行驶，前方有较多车辆等待红绿灯通行效率较低，右侧车道等待红绿灯车辆较少，右后方有一辆红色三轮车速度较慢与自车有安全距离，自车应向右变更车道。,自车当前在原车道正常行驶，前方有较多车辆等待红红灯通行效率较低，右侧车道等待红绿灯车辆较少，右后方有一辆红色三轮车速度较慢与自车有安全距离，自车应向右变更车道。
1499,165,traffic_signal,red_light_stop,1.7,wrong_factor,cross_category_swap,"[0.0, 0.0]",1.0,1.0,0.0,0.4,自车当前在原车道正常行驶，前方有较多车辆等待红绿灯通行效率较低，右侧车道等待红绿灯车辆较少，右后方有一辆红色三轮车速度较慢与自车有安全距离，自车应向右变更车道。,前方存在施工区域占道，自车应向右变更车道。
1500,165,traffic_signal,red_light_stop,1,unsafe_action,,"[1.0, 1.0]",1.0,1.0,1.0,1.0,自车当前在原车道正常行驶，前方有较多车辆等待红绿灯通行效率较低，右侧车道等待红绿灯车辆较少，右后方有一辆红色三轮车速度较慢与自车有安全距离，自车应向右变更车道。,自车当前在原车道正常行驶，前方有较多车辆等待红绿灯通行效率较低，右侧车道等待红绿灯车辆较少，右后方有一辆红色三轮车速度较慢与自车有安全距离，自车应向左变更车道。
1501,166,lane_change,reactive_obstacle_blocking,5,complete,,"[1.0, 1.0]",1.0,1.0,1.0,1.0,自车当前在原车道正常行驶，前方有多辆汽车未行驶占据车道，阻碍自车通行，左侧车道通行效率较高且左前方浅棕色客车与左后方的白色轿车存在足够换道空隙，自车应向左换道。,自车当前在原车道正常行驶，前方有多辆汽车未行驶占据车道，阻碍自车通行，左侧车道通行效率较高且左前方浅棕色客车与左后方的白色轿车存在足够换道空隙，自车应向左换道。
1502,166,lane_change,reactive_obstacle_blocking,4,generalized,,"[0.5, 0.5]",1.0,1.0,0.0,0.6,自车当前在原车道正常行驶，前方有多辆汽车未行驶占据车道，阻碍自车通行，左侧车道通行效率较高且左前方浅棕色客车与左后方的白色轿车存在足够换道空隙，自车应向左换道。,前方通行受阻，左侧车道具备换道条件，自车应向左变更车道。
1503,166,lane_change,reactive_obstacle_blocking,3,missing_factor,,"[1.0, 0.0]",0.0,1.0,1.0,0.6,自车当前在原车道正常行驶，前方有多辆汽车未行驶占据车道，阻碍自车通行，左侧车道通行效率较高且左前方浅棕色客车与左后方的白色轿车存在足够换道空隙，自车应向左换道。,自车当前在原车道正常行驶，前方有多辆汽车未行驶占据车道，阻碍自车通行，自车应向左变更车道。
1504,166,lane_change,reactive_obstacle_blocking,3,missing_factor,,"[1.0, 1.0]",1.0,1.0,1.0,1.0,自车当前在原车道正常行驶，前方有多辆汽车未行驶占据车道，阻碍自车通行，左侧车道通行效率较高且左前方浅棕色客车与左后方的白色轿车存在足够换道空隙，自车应向左换道。,前方有多辆汽车未行驶占据车道，阻碍自车通行，左侧车道通行效率较高且左前方浅棕色客车与左后方的白色轿车存在足够换道空隙，自车应向左变更车道。
1505,166,lane_change,reactive_obstacle_blocking,3,missing_factor,,"[0.0, 1.0]",1.0,1.0,1.0,0.8,自车当前在原车道正常行驶，前方有多辆汽车未行驶占据车道，阻碍自车通行，左侧车道通行效率较高且左前方浅棕色客车与左后方的白色轿车存在足够换道空隙，自车应向左换道。,自车当前在原车道正常行驶，左侧车道通行效率较高且左前方浅棕色客车与左后方的白色轿车存在足够换道空隙，自车应向左变更车道。
1506,166,lane_change,reactive_obstacle_blocking,2.8,wrong_factor,direction_swap,"[1.0, 0.75]",1.0,1.0,1.0,0.95,自车当前在原车道正常行驶，前方有多辆汽车未行驶占据车道，阻碍自车通行，左侧车道通行效率较高且左前方浅棕色客车与左后方的白色轿车存在足够换道空隙，自车应向左换道。,自车当前在原车道正常行驶，前方有多辆汽车未行驶占据车道，阻碍自车通行，左侧车道通行效率较高且右前方浅棕色客车与左后方的白色轿车存在足够换道空隙，自车应向左换道。
1507,166,lane_change,reactive_obstacle_blocking,2.8,wrong_factor,direction_swap,"[1.0, 0.0]",1.0,1.0,1.0,0.8,自车当前在原车道正常行驶，前方有多辆汽车未行驶占据车道，阻碍自车通行，左侧车道通行效率较高且左前方浅棕色客车与左后方的白色轿车存在足够换道空隙，自车应向左换道。,自车当前在原车道正常行驶，前方有多辆汽车未行驶占据车道，阻碍自车通行，右侧车道通行效率较高且左前方浅棕色客车与左后方的白色轿车存在足够换道空隙，自车应向左换道。
1508,166,lane_change,reactive_obstacle_blocking,2.3,wrong_factor,same_category_subtype_swap,"[1.0, 0.75]",1.0,1.0,1.0,0.95,自车当前在原车道正常行驶，前方有多辆汽车未行驶占据车道，阻碍自车通行，左侧车道通行效率较高且左前方浅棕色客车与左后方的白色轿车存在足够换道空隙，自车应向左换道。,自车当前在原车道正常行驶，前方有多辆汽车未行驶占据车道，阻碍自车通行，左侧车道通行效率较低且左前方浅棕色客车与左后方的白色轿车存在足够换道空隙，自车应向左换道。
1509,166,lane_change,reactive_obstacle_blocking,1.7,wrong_factor,cross_category_swap,"[0.0, 0.0]",0.0,1.0,1.0,0.4,自车当前在原车道正常行驶，前方有多辆汽车未行驶占据车道，阻碍自车通行，左侧车道通行效率较高且左前方浅棕色客车与左后方的白色轿车存在足够换道空隙，自车应向左换道。,前方存在车辆遮挡盲区，自车应向左变更车道。
1510,166,lane_change,reactive_obstacle_blocking,1,unsafe_action,,"[1.0, 1.0]",1.0,1.0,1.0,1.0,自车当前在原车道正常行驶，前方有多辆汽车未行驶占据车道，阻碍自车通行，左侧车道通行效率较高且左前方浅棕色客车与左后方的白色轿车存在足够换道空隙，自车应向左换道。,自车当前在原车道正常行驶，前方有多辆汽车未行驶占据车道，阻碍自车通行，左侧车道通行效率较高且左前方浅棕色客车与左后方的白色轿车存在足够换道空隙，自车应向右变更车道。
1511,167,lane_change,proactive_slow_ahead,5,complete,,"[1.0, 1.0, 1.0]",1.0,1.0,1.0,1.0,自车当前在原车道正常行驶，前方有一辆白色小轿车临时停车，占据自车道，阻碍自车通行，左侧车道正常通行，左前方白色轿车与左后方棕色SUV存在足够换道空隙，自车应向左变更车道。,自车当前在原车道正常行驶，前方有一辆白色小轿车临时停车，占据自车道，阻碍自车通行，左侧车道正常通行，左前方白色轿车与左后方棕色SUV存在足够换道空隙，自车应向左变更车道。
1512,167,lane_change,proactive_slow_ahead,4,generalized,,"[0.5, 0.5, 0.0]",1.0,0.0,0.0,0.3333,自车当前在原车道正常行驶，前方有一辆白色小轿车临时停车，占据自车道，阻碍自车通行，左侧车道正常通行，左前方白色轿车与左后方棕色SUV存在足够换道空隙，自车应向左变更车道。,前方通行受阻，左侧车道具备换道条件，自车应向左变更车道。
1513,167,lane_change,proactive_slow_ahead,3,missing_factor,,"[1.0, 1.0, 0.0]",0.0,1.0,1.0,0.6667,自车当前在原车道正常行驶，前方有一辆白色小轿车临时停车，占据自车道，阻碍自车通行，左侧车道正常通行，左前方白色轿车与左后方棕色SUV存在足够换道空隙，自车应向左变更车道。,自车当前在原车道正常行驶，前方有一辆白色小轿车临时停车，占据自车道，阻碍自车通行，左侧车道正常通行，自车应向左变更车道。
1514,167,lane_change,proactive_slow_ahead,3,missing_factor,,"[1.0, 1.0, 1.0]",1.0,1.0,1.0,1.0,自车当前在原车道正常行驶，前方有一辆白色小轿车临时停车，占据自车道，阻碍自车通行，左侧车道正常通行，左前方白色轿车与左后方棕色SUV存在足够换道空隙，自车应向左变更车道。,前方有一辆白色小轿车临时停车，占据自车道，阻碍自车通行，左侧车道正常通行，左前方白色轿车与左后方棕色SUV存在足够换道空隙，自车应向左变更车道。
1515,167,lane_change,proactive_slow_ahead,3,missing_factor,,"[0.0, 0.0, 1.0]",1.0,0.0,1.0,0.5,自车当前在原车道正常行驶，前方有一辆白色小轿车临时停车，占据自车道，阻碍自车通行，左侧车道正常通行，左前方白色轿车与左后方棕色SUV存在足够换道空隙，自车应向左变更车道。,自车当前在原车道正常行驶，左前方白色轿车与左后方棕色SUV存在足够换道空隙，自车应向左变更车道。
1516,167,lane_change,proactive_slow_ahead,2.8,wrong_factor,direction_swap,"[1.0, 1.0, 0.75]",1.0,1.0,1.0,0.9583,自车当前在原车道正常行驶，前方有一辆白色小轿车临时停车，占据自车道，阻碍自车通行，左侧车道正常通行，左前方白色轿车与左后方棕色SUV存在足够换道空隙，自车应向左变更车道。,自车当前在原车道正常行驶，前方有一辆白色小轿车临时停车，占据自车道，阻碍自车通行，左侧车道正常通行，右前方白色轿车与左后方棕色SUV存在足够换道空隙，自车应向左变更车道。
1517,167,lane_change,proactive_slow_ahead,2.8,wrong_factor,direction_swap,"[1.0, 0.0, 1.0]",1.0,1.0,1.0,0.8333,自车当前在原车道正常行驶，前方有一辆白色小轿车临时停车，占据自车道，阻碍自车通行，左侧车道正常通行，左前方白色轿车与左后方棕色SUV存在足够换道空隙，自车应向左变更车道。,自车当前在原车道正常行驶，前方有一辆白色小轿车临时停车，占据自车道，阻碍自车通行，右侧车道正常通行，左前方白色轿车与左后方棕色SUV存在足够换道空隙，自车应向左变更车道。
1518,167,lane_change,proactive_slow_ahead,2.3,wrong_factor,same_category_subtype_swap,"[1.0, 0.75, 1.0]",1.0,1.0,1.0,0.9583,自车当前在原车道正常行驶，前方有一辆白色小轿车临时停车，占据自车道，阻碍自车通行，左侧车道正常通行，左前方白色轿车与左后方棕色SUV存在足够换道空隙，自车应向左变更车道。,自车当前在原车道正常行驶，前方有一辆白色小轿车临时停车，占据自车道，阻碍自车通行，左侧车道通行效率较低，左前方白色轿车与左后方棕色SUV存在足够换道空隙，自车应向左变更车道。
1519,167,lane_change,proactive_slow_ahead,1.7,wrong_factor,cross_category_swap,"[0.0, 0.0, 0.0]",0.0,0.0,1.0,0.1667,自车当前在原车道正常行驶，前方有一辆白色小轿车临时停车，占据自车道，阻碍自车通行，左侧车道正常通行，左前方白色轿车与左后方棕色SUV存在足够换道空隙，自车应向左变更车道。,前方存在车辆遮挡盲区，自车应向左变更车道。
1520,167,lane_change,proactive_slow_ahead,1,unsafe_action,,"[1.0, 1.0, 1.0]",1.0,1.0,1.0,1.0,自车当前在原车道正常行驶，前方有一辆白色小轿车临时停车，占据自车道，阻碍自车通行，左侧车道正常通行，左前方白色轿车与左后方棕色SUV存在足够换道空隙，自车应向左变更车道。,自车当前在原车道正常行驶，前方有一辆白色小轿车临时停车，占据自车道，阻碍自车通行，左侧车道正常通行，左前方白色轿车与左后方棕色SUV存在足够换道空隙，自车应向右变更车道。
1521,168,curve,curve_geometry,5,complete,,"[1.0, 1.0]",1.0,1.0,1.0,1.0,前方大曲率弯道，前方存在黑色车辆正在刹车减速，自车应与前车保持安全距离减速通过。,前方大曲率弯道，前方存在黑色车辆正在刹车减速，自车应与前车保持安全距离减速通过。
1522,168,curve,curve_geometry,4,generalized,,"[0.5, 0.0]",1.0,1.0,0.0,0.5,前方大曲率弯道，前方存在黑色车辆正在刹车减速，自车应与前车保持安全距离减速通过。,前方存在弯道风险，自车应减速行驶通过。
1523,168,curve,curve_geometry,3,missing_factor,,"[1.0, 0.0]",1.0,1.0,0.0,0.6,前方大曲率弯道，前方存在黑色车辆正在刹车减速，自车应与前车保持安全距离减速通过。,前方大曲率弯道，自车应减速行驶通过。
1524,168,curve,curve_geometry,3,missing_factor,,"[0.0, 1.0]",1.0,1.0,0.0,0.6,前方大曲率弯道，前方存在黑色车辆正在刹车减速，自车应与前车保持安全距离减速通过。,前方存在黑色车辆正在刹车减速，自车应减速行驶通过。
1525,168,curve,curve_geometry,2.3,wrong_factor,same_category_subtype_swap,"[0.0, 1.0]",1.0,1.0,1.0,0.8,前方大曲率弯道，前方存在黑色车辆正在刹车减速，自车应与前车保持安全距离减速通过。,前方坡道，前方存在黑色车辆正在刹车减速，自车应与前车保持安全距离减速通过。
1526,168,curve,curve_geometry,1.7,wrong_factor,cross_category_swap,"[0.0, 0.5]",1.0,1.0,1.0,0.7,前方大曲率弯道，前方存在黑色车辆正在刹车减速，自车应与前车保持安全距离减速通过。,右前方有车辆意图切入自车道，自车应减速行驶通过。
1527,168,curve,curve_geometry,1,unsafe_action,,"[1.0, 1.0]",1.0,0.5,0.0,0.7,前方大曲率弯道，前方存在黑色车辆正在刹车减速，自车应与前车保持安全距离减速通过。,前方大曲率弯道，前方存在黑色车辆正在刹车减速，自车应加速通过。
1528,169,blind_spot,single_blind_spot,5,complete,,[1.0],1.0,1.0,1.0,1.0,左前方存在施工盲区，自车应减速行驶通过。,左前方存在施工盲区，自车应减速行驶通过。
1529,169,blind_spot,single_blind_spot,4,generalized,,[0.25],1.0,1.0,1.0,0.8125,左前方存在施工盲区，自车应减速行驶通过。,前方存在盲区风险，自车应减速行驶通过。
1530,169,blind_spot,single_blind_spot,3,missing_factor,,[0.5],1.0,1.0,1.0,0.875,左前方存在施工盲区，自车应减速行驶通过。,前方存在盲区，自车应减速行驶通过。
1531,169,blind_spot,single_blind_spot,2.8,wrong_factor,direction_swap,[0.75],1.0,1.0,1.0,0.9375,左前方存在施工盲区，自车应减速行驶通过。,右前方存在施工盲区，自车应减速行驶通过。
1532,169,blind_spot,single_blind_spot,2.3,wrong_factor,same_category_subtype_swap,[0.5],1.0,1.0,1.0,0.875,左前方存在施工盲区，自车应减速行驶通过。,左前方存在车辆遮挡盲区，自车应减速行驶通过。
1533,169,blind_spot,single_blind_spot,1.7,wrong_factor,cross_category_swap,[0.0],1.0,1.0,1.0,0.75,左前方存在施工盲区，自车应减速行驶通过。,左前方存在红灯，自车应减速行驶通过。
1534,169,blind_spot,single_blind_spot,1.7,wrong_factor,cross_category_swap,[0.0],1.0,1.0,1.0,0.75,左前方存在施工盲区，自车应减速行驶通过。,前方存在锥桶占道，影响自车通行，自车应减速行驶通过。
1535,169,blind_spot,single_blind_spot,1,unsafe_action,,[1.0],1.0,0.0,1.0,0.75,左前方存在施工盲区，自车应减速行驶通过。,左前方存在施工盲区，自车应加速通过。
1536,170,yielding,decelerate_to_yield,5,complete,,[1.0],1.0,1.0,1.0,1.0,自车前方有农民在劳作，左前方有黑色和白色汽车对向行驶，自车应让行后向左避障。,自车前方有农民在劳作，左前方有黑色和白色汽车对向行驶，自车应让行后向左避障。
1537,170,yielding,decelerate_to_yield,4,generalized,,[0.25],0.0,1.0,1.0,0.5625,自车前方有农民在劳作，左前方有黑色和白色汽车对向行驶，自车应让行后向左避障。,前方有交通参与者影响自车通行，自车应减速让行。
1538,170,yielding,decelerate_to_yield,3,missing_factor,,[0.25],0.0,1.0,1.0,0.5625,自车前方有农民在劳作，左前方有黑色和白色汽车对向行驶，自车应让行后向左避障。,自车前方有农民在劳作，自车应减速让行。
1539,170,yielding,decelerate_to_yield,3,missing_factor,,[1.0],0.0,1.0,1.0,0.75,自车前方有农民在劳作，左前方有黑色和白色汽车对向行驶，自车应让行后向左避障。,左前方有黑色和白色汽车对向行驶，自车应减速让行。
1540,170,yielding,decelerate_to_yield,2.8,wrong_factor,direction_swap,[0.75],1.0,1.0,1.0,0.9375,自车前方有农民在劳作，左前方有黑色和白色汽车对向行驶，自车应让行后向左避障。,自车前方有农民在劳作，右前方有黑色和白色汽车对向行驶，自车应让行后向左避障。
1541,170,yielding,decelerate_to_yield,1.7,wrong_factor,cross_category_swap,[0.0],0.0,1.0,1.0,0.5,自车前方有农民在劳作，左前方有黑色和白色汽车对向行驶，自车应让行后向左避障。,前方存在坑洼路面，自车应减速让行。
1542,170,yielding,decelerate_to_yield,1,unsafe_action,,[1.0],0.0,0.0,0.0,0.25,自车前方有农民在劳作，左前方有黑色和白色汽车对向行驶，自车应让行后向左避障。,自车前方有农民在劳作，左前方有黑色和白色汽车对向行驶，自车应加速通过。
1543,171,obstacle_avoidance,dynamic_obstacle,5,complete,,[1.0],1.0,1.0,1.0,1.0,自车当前在原车道正常行驶，前方有小汽车逆向行驶，自车应向右避障。,自车当前在原车道正常行驶，前方有小汽车逆向行驶，自车应向右避障。
1544,171,obstacle_avoidance,dynamic_obstacle,4,generalized,,[0.0],1.0,1.0,1.0,0.75,自车当前在原车道正常行驶，前方有小汽车逆向行驶，自车应向右避障。,前方存在障碍物影响通行，自车应向右避障。
1545,171,obstacle_avoidance,dynamic_obstacle,3,missing_factor,,[0.5],1.0,1.0,1.0,0.875,自车当前在原车道正常行驶，前方有小汽车逆向行驶，自车应向右避障。,自车当前在原车道正常行驶，自车应向右避障。
1546,171,obstacle_avoidance,dynamic_obstacle,3,missing_factor,,[1.0],1.0,1.0,1.0,1.0,自车当前在原车道正常行驶，前方有小汽车逆向行驶，自车应向右避障。,前方有小汽车逆向行驶，自车应向右避障。
1547,171,obstacle_avoidance,dynamic_obstacle,2.3,wrong_factor,same_category_subtype_swap,[0.75],1.0,1.0,1.0,0.9375,自车当前在原车道正常行驶，前方有小汽车逆向行驶，自车应向右避障。,自车当前在原车道正常行驶，前方有货车逆向行驶，自车应向右避障。
1548,171,obstacle_avoidance,dynamic_obstacle,1.7,wrong_factor,cross_category_swap,[0.0],1.0,1.0,1.0,0.75,自车当前在原车道正常行驶，前方有小汽车逆向行驶，自车应向右避障。,前方存在车辆遮挡盲区，自车应向右避障。
1549,171,obstacle_avoidance,dynamic_obstacle,1,unsafe_action,,[1.0],1.0,1.0,1.0,1.0,自车当前在原车道正常行驶，前方有小汽车逆向行驶，自车应向右避障。,自车当前在原车道正常行驶，前方有小汽车逆向行驶，自车应向左避障。
1550,172,lane_change,must_wait,5,complete,,[1.0],1.0,1.0,1.0,1.0,自车当前在原车道行驶，自车道前方有施工地用锥桶阻挡自车车道，右侧车道拥挤且右侧车道有多辆汽车超过自车，自车应等待其通过后向右变更车道。,自车当前在原车道行驶，自车道前方有施工地用锥桶阻挡自车车道，右侧车道拥挤且右侧车道有多辆汽车超过自车，自车应等待其通过后向右变更车道。
1551,172,lane_change,must_wait,4,generalized,,[0.0],0.0,1.0,1.0,0.5,自车当前在原车道行驶，自车道前方有施工地用锥桶阻挡自车车道，右侧车道拥挤且右侧车道有多辆汽车超过自车，自车应等待其通过后向右变更车道。,前方通行受阻，右侧车道具备换道条件，自车应向右变更车道。
1552,172,lane_change,must_wait,3,missing_factor,,[0.75],1.0,1.0,0.0,0.6875,自车当前在原车道行驶，自车道前方有施工地用锥桶阻挡自车车道，右侧车道拥挤且右侧车道有多辆汽车超过自车，自车应等待其通过后向右变更车道。,自车当前在原车道行驶，自车道前方有施工地用锥桶阻挡自车车道，自车应向右变更车道。
1553,172,lane_change,must_wait,3,missing_factor,,[0.75],1.0,1.0,0.0,0.6875,自车当前在原车道行驶，自车道前方有施工地用锥桶阻挡自车车道，右侧车道拥挤且右侧车道有多辆汽车超过自车，自车应等待其通过后向右变更车道。,自车道前方有施工地用锥桶阻挡自车车道，右侧车道拥挤且右侧车道有多辆汽车超过自车，自车应向右变更车道。
1554,172,lane_change,must_wait,3,missing_factor,,[0.0],1.0,1.0,0.0,0.5,自车当前在原车道行驶，自车道前方有施工地用锥桶阻挡自车车道，右侧车道拥挤且右侧车道有多辆汽车超过自车，自车应等待其通过后向右变更车道。,自车当前在原车道行驶，右侧车道拥挤且右侧车道有多辆汽车超过自车，自车应向右变更车道。
1555,172,lane_change,must_wait,2.8,wrong_factor,direction_swap,[0.75],1.0,1.0,1.0,0.9375,自车当前在原车道行驶，自车道前方有施工地用锥桶阻挡自车车道，右侧车道拥挤且右侧车道有多辆汽车超过自车，自车应等待其通过后向右变更车道。,自车当前在原车道行驶，自车道前方有施工地用锥桶阻挡自车车道，左侧车道拥挤且右侧车道有多辆汽车超过自车，自车应等待其通过后向右变更车道。
1556,172,lane_change,must_wait,1.7,wrong_factor,cross_category_swap,[0.0],1.0,1.0,1.0,0.75,自车当前在原车道行驶，自车道前方有施工地用锥桶阻挡自车车道，右侧车道拥挤且右侧车道有多辆汽车超过自车，自车应等待其通过后向右变更车道。,自车当前在原车道行驶，自车道前方有施工地用豁口盲区阻挡自车车道，右侧车道拥挤且右侧车道有多辆汽车超过自车，自车应等待其通过后向右变更车道。
1557,172,lane_change,must_wait,1.7,wrong_factor,cross_category_swap,[0.0],1.0,1.0,0.0,0.5,自车当前在原车道行驶，自车道前方有施工地用锥桶阻挡自车车道，右侧车道拥挤且右侧车道有多辆汽车超过自车，自车应等待其通过后向右变更车道。,前方存在车辆遮挡盲区，自车应向右变更车道。
1558,172,lane_change,must_wait,1,unsafe_action,,[0.75],1.0,1.0,0.0,0.6875,自车当前在原车道行驶，自车道前方有施工地用锥桶阻挡自车车道，右侧车道拥挤且右侧车道有多辆汽车超过自车，自车应等待其通过后向右变更车道。,自车当前在原车道行驶，自车道前方有施工地用锥桶阻挡自车车道，右侧车道拥挤且右侧车道有多辆汽车超过自车，自车应向左变更车道。
1559,173,obstacle_avoidance,dynamic_obstacle,5,complete,,[1.0],1.0,1.0,1.0,1.0,自车当前在原车道正常行驶，前方有多辆两轮骑行者和一辆三轮骑行者缓速行驶，自车应向左避障。,自车当前在原车道正常行驶，前方有多辆两轮骑行者和一辆三轮骑行者缓速行驶，自车应向左避障。
1560,173,obstacle_avoidance,dynamic_obstacle,4,generalized,,[0.0],1.0,1.0,1.0,0.75,自车当前在原车道正常行驶，前方有多辆两轮骑行者和一辆三轮骑行者缓速行驶，自车应向左避障。,前方存在障碍物影响通行，自车应向左避障。
1561,173,obstacle_avoidance,dynamic_obstacle,3,missing_factor,,[0.5],1.0,1.0,1.0,0.875,自车当前在原车道正常行驶，前方有多辆两轮骑行者和一辆三轮骑行者缓速行驶，自车应向左避障。,自车当前在原车道正常行驶，自车应向左避障。
1562,173,obstacle_avoidance,dynamic_obstacle,3,missing_factor,,[1.0],1.0,1.0,1.0,1.0,自车当前在原车道正常行驶，前方有多辆两轮骑行者和一辆三轮骑行者缓速行驶，自车应向左避障。,前方有多辆两轮骑行者和一辆三轮骑行者缓速行驶，自车应向左避障。
1563,173,obstacle_avoidance,dynamic_obstacle,2.3,wrong_factor,same_category_subtype_swap,[0.75],1.0,1.0,1.0,0.9375,自车当前在原车道正常行驶，前方有多辆两轮骑行者和一辆三轮骑行者缓速行驶，自车应向左避障。,自车当前在原车道正常行驶，前方有多辆三轮骑行者和一辆三轮骑行者缓速行驶，自车应向左避障。
1564,173,obstacle_avoidance,dynamic_obstacle,2.3,wrong_factor,same_category_subtype_swap,[0.75],1.0,1.0,1.0,0.9375,自车当前在原车道正常行驶，前方有多辆两轮骑行者和一辆三轮骑行者缓速行驶，自车应向左避障。,自车当前在原车道正常行驶，前方有多辆两轮骑行者和一辆两轮骑行者缓速行驶，自车应向左避障。
1565,173,obstacle_avoidance,dynamic_obstacle,1.7,wrong_factor,cross_category_swap,[0.0],1.0,1.0,1.0,0.75,自车当前在原车道正常行驶，前方有多辆两轮骑行者和一辆三轮骑行者缓速行驶，自车应向左避障。,前方存在车辆遮挡盲区，自车应向左避障。
1566,173,obstacle_avoidance,dynamic_obstacle,1,unsafe_action,,[1.0],1.0,1.0,1.0,1.0,自车当前在原车道正常行驶，前方有多辆两轮骑行者和一辆三轮骑行者缓速行驶，自车应向左避障。,自车当前在原车道正常行驶，前方有多辆两轮骑行者和一辆三轮骑行者缓速行驶，自车应向右避障。
1567,174,traffic_signal,red_light_stop,5,complete,,[1.0],1.0,1.0,1.0,1.0,自车当前实际行驶方向为直行，圆灯为红色，箭头灯为红色，自车应刹停在路口停止线前。,自车当前实际行驶方向为直行，圆灯为红色，箭头灯为红色，自车应刹停在路口停止线前。
1568,174,traffic_signal,red_light_stop,4,generalized,,[0.5],1.0,1.0,0.0,0.625,自车当前实际行驶方向为直行，圆灯为红色，箭头灯为红色，自车应刹停在路口停止线前。,当前路口信号不允许通行，自车应刹停在路口停止线前。
1569,174,traffic_signal,red_light_stop,3,missing_factor,,[0.75],1.0,1.0,1.0,0.9375,自车当前实际行驶方向为直行，圆灯为红色，箭头灯为红色，自车应刹停在路口停止线前。,自车当前实际行驶方向为直行，圆灯为红色，自车应刹停在路口停止线前。
1570,174,traffic_signal,red_light_stop,3,missing_factor,,[0.5],1.0,1.0,1.0,0.875,自车当前实际行驶方向为直行，圆灯为红色，箭头灯为红色，自车应刹停在路口停止线前。,圆灯为红色，箭头灯为红色，自车应刹停在路口停止线前。
1571,174,traffic_signal,red_light_stop,3,missing_factor,,[0.75],1.0,1.0,1.0,0.9375,自车当前实际行驶方向为直行，圆灯为红色，箭头灯为红色，自车应刹停在路口停止线前。,自车当前实际行驶方向为直行，箭头灯为红色，自车应刹停在路口停止线前。
1572,174,traffic_signal,red_light_stop,2.3,wrong_factor,same_category_subtype_swap,[0.75],1.0,1.0,1.0,0.9375,自车当前实际行驶方向为直行，圆灯为红色，箭头灯为红色，自车应刹停在路口停止线前。,自车当前实际行驶方向为直行，圆灯为绿色，箭头灯为红色，自车应刹停在路口停止线前。
1573,174,traffic_signal,red_light_stop,1.7,wrong_factor,cross_category_swap,[0.0],1.0,1.0,1.0,0.75,自车当前实际行驶方向为直行，圆灯为红色，箭头灯为红色，自车应刹停在路口停止线前。,前方存在施工区域占道，自车应刹停在路口停止线前。
1574,174,traffic_signal,red_light_stop,1,unsafe_action,,[0.75],1.0,0.0,1.0,0.6875,自车当前实际行驶方向为直行，圆灯为红色，箭头灯为红色，自车应刹停在路口停止线前。,自车当前实际行驶方向为直行，圆灯为红色，箭头灯为红色，自车应加速通过路口。
1575,175,lane_change,proactive_slow_ahead,5,complete,,[1.0],1.0,1.0,1.0,1.0,自车当前在原车道正常行驶，自车道前方有一行人占据车道，影响自车通行，左侧车道空闲且左后方有一黑色SUV，速度较慢与自车有安全距离，自车应向左变更车道。,自车当前在原车道正常行驶，自车道前方有一行人占据车道，影响自车通行，左侧车道空闲且左后方有一黑色SUV，速度较慢与自车有安全距离，自车应向左变更车道。
1576,175,lane_change,proactive_slow_ahead,4,generalized,,[0.5],0.0,1.0,1.0,0.625,自车当前在原车道正常行驶，自车道前方有一行人占据车道，影响自车通行，左侧车道空闲且左后方有一黑色SUV，速度较慢与自车有安全距离，自车应向左变更车道。,前方通行受阻，左侧车道具备换道条件，自车应向左变更车道。
1577,175,lane_change,proactive_slow_ahead,3,missing_factor,,[1.0],1.0,1.0,1.0,1.0,自车当前在原车道正常行驶，自车道前方有一行人占据车道，影响自车通行，左侧车道空闲且左后方有一黑色SUV，速度较慢与自车有安全距离，自车应向左变更车道。,自车当前在原车道正常行驶，自车道前方有一行人占据车道，影响自车通行，左侧车道空闲且左后方有一黑色SUV，自车应向左变更车道。
1578,175,lane_change,proactive_slow_ahead,3,missing_factor,,[1.0],1.0,1.0,1.0,1.0,自车当前在原车道正常行驶，自车道前方有一行人占据车道，影响自车通行，左侧车道空闲且左后方有一黑色SUV，速度较慢与自车有安全距离，自车应向左变更车道。,自车道前方有一行人占据车道，影响自车通行，左侧车道空闲且左后方有一黑色SUV，速度较慢与自车有安全距离，自车应向左变更车道。
1579,175,lane_change,proactive_slow_ahead,3,missing_factor,,[0.0],1.0,1.0,1.0,0.75,自车当前在原车道正常行驶，自车道前方有一行人占据车道，影响自车通行，左侧车道空闲且左后方有一黑色SUV，速度较慢与自车有安全距离，自车应向左变更车道。,自车当前在原车道正常行驶，速度较慢与自车有安全距离，自车应向左变更车道。
1580,175,lane_change,proactive_slow_ahead,2.8,wrong_factor,direction_swap,[0.0],1.0,1.0,1.0,0.75,自车当前在原车道正常行驶，自车道前方有一行人占据车道，影响自车通行，左侧车道空闲且左后方有一黑色SUV，速度较慢与自车有安全距离，自车应向左变更车道。,自车当前在原车道正常行驶，自车道前方有一行人占据车道，影响自车通行，右侧车道空闲且左后方有一黑色SUV，速度较慢与自车有安全距离，自车应向左变更车道。
1581,175,lane_change,proactive_slow_ahead,2.8,wrong_factor,direction_swap,[0.75],1.0,1.0,1.0,0.9375,自车当前在原车道正常行驶，自车道前方有一行人占据车道，影响自车通行，左侧车道空闲且左后方有一黑色SUV，速度较慢与自车有安全距离，自车应向左变更车道。,自车当前在原车道正常行驶，自车道前方有一行人占据车道，影响自车通行，左侧车道空闲且右后方有一黑色SUV，速度较慢与自车有安全距离，自车应向左变更车道。
1582,175,lane_change,proactive_slow_ahead,2.3,wrong_factor,same_category_subtype_swap,[0.75],1.0,1.0,1.0,0.9375,自车当前在原车道正常行驶，自车道前方有一行人占据车道，影响自车通行，左侧车道空闲且左后方有一黑色SUV，速度较慢与自车有安全距离，自车应向左变更车道。,自车当前在原车道正常行驶，自车道前方有一行人占据车道，影响自车通行，左侧车道拥堵且左后方有一黑色SUV，速度较慢与自车有安全距离，自车应向左变更车道。
1583,175,lane_change,proactive_slow_ahead,2.3,wrong_factor,same_category_subtype_swap,[1.0],1.0,1.0,1.0,1.0,自车当前在原车道正常行驶，自车道前方有一行人占据车道，影响自车通行，左侧车道空闲且左后方有一黑色SUV，速度较慢与自车有安全距离，自车应向左变更车道。,自车当前在原车道正常行驶，自车道前方有一行人占据车道，影响自车通行，左侧车道空闲且左后方有一黑色SUV，速度较慢与自车有距离较近，自车应向左变更车道。
1584,175,lane_change,proactive_slow_ahead,2.3,wrong_factor,same_category_subtype_swap,[1.0],1.0,1.0,1.0,1.0,自车当前在原车道正常行驶，自车道前方有一行人占据车道，影响自车通行，左侧车道空闲且左后方有一黑色SUV，速度较慢与自车有安全距离，自车应向左变更车道。,自车当前在原车道正常行驶，自车道前方有一行人占据车道，影响自车通行，左侧车道空闲且左后方有一黑色SUV，速度较快与自车有安全距离，自车应向左变更车道。
1585,175,lane_change,proactive_slow_ahead,1.7,wrong_factor,cross_category_swap,[0.0],1.0,1.0,0.0,0.5,自车当前在原车道正常行驶，自车道前方有一行人占据车道，影响自车通行，左侧车道空闲且左后方有一黑色SUV，速度较慢与自车有安全距离，自车应向左变更车道。,前方存在车辆遮挡盲区，自车应向左变更车道。
1586,175,lane_change,proactive_slow_ahead,1,unsafe_action,,[1.0],1.0,1.0,1.0,1.0,自车当前在原车道正常行驶，自车道前方有一行人占据车道，影响自车通行，左侧车道空闲且左后方有一黑色SUV，速度较慢与自车有安全距离，自车应向左变更车道。,自车当前在原车道正常行驶，自车道前方有一行人占据车道，影响自车通行，左侧车道空闲且左后方有一黑色SUV，速度较慢与自车有安全距离，自车应向右变更车道。
1587,176,blind_spot,single_blind_spot,5,complete,,[1.0],1.0,1.0,1.0,1.0,右前方及左前方存在无灯路口盲区，自车应减速行驶通过。,右前方及左前方存在无灯路口盲区，自车应减速行驶通过。
1588,176,blind_spot,single_blind_spot,4,generalized,,[0.25],1.0,1.0,1.0,0.8125,右前方及左前方存在无灯路口盲区，自车应减速行驶通过。,前方存在盲区风险，自车应减速行驶通过。
1589,176,blind_spot,single_blind_spot,3,missing_factor,,[0.5],1.0,1.0,1.0,0.875,右前方及左前方存在无灯路口盲区，自车应减速行驶通过。,前方及前方存在盲区，自车应减速行驶通过。
1590,176,blind_spot,single_blind_spot,2.8,wrong_factor,direction_swap,[0.75],1.0,1.0,1.0,0.9375,右前方及左前方存在无灯路口盲区，自车应减速行驶通过。,右前方及右前方存在无灯路口盲区，自车应减速行驶通过。
1591,176,blind_spot,single_blind_spot,2.8,wrong_factor,direction_swap,[0.75],1.0,1.0,1.0,0.9375,右前方及左前方存在无灯路口盲区，自车应减速行驶通过。,左前方及左前方存在无灯路口盲区，自车应减速行驶通过。
1592,176,blind_spot,single_blind_spot,2.3,wrong_factor,same_category_subtype_swap,[0.75],1.0,1.0,1.0,0.9375,右前方及左前方存在无灯路口盲区，自车应减速行驶通过。,右前方及左前方存在弯道盲区，自车应减速行驶通过。
1593,176,blind_spot,single_blind_spot,1.7,wrong_factor,cross_category_swap,[0.0],1.0,1.0,1.0,0.75,右前方及左前方存在无灯路口盲区，自车应减速行驶通过。,右前方及左前方存在锥桶占道，自车应减速行驶通过。
1594,176,blind_spot,single_blind_spot,1.7,wrong_factor,cross_category_swap,[0.0],1.0,1.0,1.0,0.75,右前方及左前方存在无灯路口盲区，自车应减速行驶通过。,前方存在锥桶占道，影响自车通行，自车应减速行驶通过。
1595,176,blind_spot,single_blind_spot,1,unsafe_action,,[1.0],1.0,0.0,1.0,0.75,右前方及左前方存在无灯路口盲区，自车应减速行驶通过。,右前方及左前方存在无灯路口盲区，自车应加速通过。
1596,177,lane_change,must_wait,5,complete,,[1.0],1.0,1.0,1.0,1.0,自车当前在原车道正常行驶，自车道前方有较多车辆速度较慢导致自车通行效率较低，自车左侧车道通行效率较高且左后方有一辆白色SUV，速度较快，自车应等待其通过后再向左变更车道。,自车当前在原车道正常行驶，自车道前方有较多车辆速度较慢导致自车通行效率较低，自车左侧车道通行效率较高且左后方有一辆白色SUV，速度较快，自车应等待其通过后再向左变更车道。
1597,177,lane_change,must_wait,4,generalized,,[0.5],0.0,1.0,1.0,0.625,自车当前在原车道正常行驶，自车道前方有较多车辆速度较慢导致自车通行效率较低，自车左侧车道通行效率较高且左后方有一辆白色SUV，速度较快，自车应等待其通过后再向左变更车道。,前方通行受阻，左侧车道具备换道条件，自车应向左变更车道。
1598,177,lane_change,must_wait,3,missing_factor,,[0.75],1.0,1.0,0.0,0.6875,自车当前在原车道正常行驶，自车道前方有较多车辆速度较慢导致自车通行效率较低，自车左侧车道通行效率较高且左后方有一辆白色SUV，速度较快，自车应等待其通过后再向左变更车道。,自车当前在原车道正常行驶，自车道前方有较多车辆速度较慢导致自车通行效率较低，自车左侧车道通行效率较高且左后方有一辆白色SUV，自车应向左变更车道。
1599,177,lane_change,must_wait,3,missing_factor,,[0.75],1.0,1.0,0.0,0.6875,自车当前在原车道正常行驶，自车道前方有较多车辆速度较慢导致自车通行效率较低，自车左侧车道通行效率较高且左后方有一辆白色SUV，速度较快，自车应等待其通过后再向左变更车道。,自车道前方有较多车辆速度较慢导致自车通行效率较低，自车左侧车道通行效率较高且左后方有一辆白色SUV，速度较快，自车应向左变更车道。
1600,177,lane_change,must_wait,3,missing_factor,,[0.75],1.0,1.0,0.0,0.6875,自车当前在原车道正常行驶，自车道前方有较多车辆速度较慢导致自车通行效率较低，自车左侧车道通行效率较高且左后方有一辆白色SUV，速度较快，自车应等待其通过后再向左变更车道。,自车当前在原车道正常行驶，速度较快，自车应向左变更车道。
1601,177,lane_change,must_wait,2.8,wrong_factor,direction_swap,[0.75],1.0,1.0,1.0,0.9375,自车当前在原车道正常行驶，自车道前方有较多车辆速度较慢导致自车通行效率较低，自车左侧车道通行效率较高且左后方有一辆白色SUV，速度较快，自车应等待其通过后再向左变更车道。,自车当前在原车道正常行驶，自车道前方有较多车辆速度较慢导致自车通行效率较低，自车右侧车道通行效率较高且左后方有一辆白色SUV，速度较快，自车应等待其通过后再向左变更车道。
1602,177,lane_change,must_wait,2.8,wrong_factor,direction_swap,[0.75],1.0,1.0,1.0,0.9375,自车当前在原车道正常行驶，自车道前方有较多车辆速度较慢导致自车通行效率较低，自车左侧车道通行效率较高且左后方有一辆白色SUV，速度较快，自车应等待其通过后再向左变更车道。,自车当前在原车道正常行驶，自车道前方有较多车辆速度较慢导致自车通行效率较低，自车左侧车道通行效率较高且右后方有一辆白色SUV，速度较快，自车应等待其通过后再向左变更车道。
1603,177,lane_change,must_wait,2.3,wrong_factor,same_category_subtype_swap,[0.75],1.0,1.0,1.0,0.9375,自车当前在原车道正常行驶，自车道前方有较多车辆速度较慢导致自车通行效率较低，自车左侧车道通行效率较高且左后方有一辆白色SUV，速度较快，自车应等待其通过后再向左变更车道。,自车当前在原车道正常行驶，自车道前方有较多车辆速度较慢导致自车通行效率较低，自车左侧车道通行效率较低且左后方有一辆白色SUV，速度较快，自车应等待其通过后再向左变更车道。
1604,177,lane_change,must_wait,2.3,wrong_factor,same_category_subtype_swap,[0.75],1.0,1.0,1.0,0.9375,自车当前在原车道正常行驶，自车道前方有较多车辆速度较慢导致自车通行效率较低，自车左侧车道通行效率较高且左后方有一辆白色SUV，速度较快，自车应等待其通过后再向左变更车道。,自车当前在原车道正常行驶，自车道前方有较多车辆速度较快导致自车通行效率较低，自车左侧车道通行效率较高且左后方有一辆白色SUV，速度较快，自车应等待其通过后再向左变更车道。
1605,177,lane_change,must_wait,2.3,wrong_factor,same_category_subtype_swap,[0.75],1.0,1.0,1.0,0.9375,自车当前在原车道正常行驶，自车道前方有较多车辆速度较慢导致自车通行效率较低，自车左侧车道通行效率较高且左后方有一辆白色SUV，速度较快，自车应等待其通过后再向左变更车道。,自车当前在原车道正常行驶，自车道前方有较多车辆速度较慢导致自车通行效率较低，自车左侧车道通行效率较高且左后方有一辆白色SUV，速度较慢，自车应等待其通过后再向左变更车道。
1606,177,lane_change,must_wait,1.7,wrong_factor,cross_category_swap,[0.0],1.0,1.0,0.0,0.5,自车当前在原车道正常行驶，自车道前方有较多车辆速度较慢导致自车通行效率较低，自车左侧车道通行效率较高且左后方有一辆白色SUV，速度较快，自车应等待其通过后再向左变更车道。,前方存在车辆遮挡盲区，自车应向左变更车道。
1607,177,lane_change,must_wait,1,unsafe_action,,[0.75],1.0,1.0,0.0,0.6875,自车当前在原车道正常行驶，自车道前方有较多车辆速度较慢导致自车通行效率较低，自车左侧车道通行效率较高且左后方有一辆白色SUV，速度较快，自车应等待其通过后再向左变更车道。,自车当前在原车道正常行驶，自车道前方有较多车辆速度较慢导致自车通行效率较低，自车左侧车道通行效率较高且左后方有一辆白色SUV，速度较快，自车应向右变更车道。
1608,178,lane_change,proactive_slow_ahead,5,complete,,"[1.0, 1.0]",1.0,1.0,1.0,1.0,自车当前在原车道跟车行驶，自车前方有一辆出租车行驶缓慢通行效率低，右侧车道通行效率高，且右后方并无来车，自车应向右变更车道。,自车当前在原车道跟车行驶，自车前方有一辆出租车行驶缓慢通行效率低，右侧车道通行效率高，且右后方并无来车，自车应向右变更车道。
1609,178,lane_change,proactive_slow_ahead,4,generalized,,"[0.5, 0.0]",0.0,1.0,0.0,0.3,自车当前在原车道跟车行驶，自车前方有一辆出租车行驶缓慢通行效率低，右侧车道通行效率高，且右后方并无来车，自车应向右变更车道。,前方通行受阻，右侧车道具备换道条件，自车应向右变更车道。
1610,178,lane_change,proactive_slow_ahead,3,missing_factor,,"[1.0, 0.0]",1.0,1.0,1.0,0.8,自车当前在原车道跟车行驶，自车前方有一辆出租车行驶缓慢通行效率低，右侧车道通行效率高，且右后方并无来车，自车应向右变更车道。,自车当前在原车道跟车行驶，自车前方有一辆出租车行驶缓慢通行效率低，右侧车道通行效率高，自车应向右变更车道。
1611,178,lane_change,proactive_slow_ahead,3,missing_factor,,"[1.0, 1.0]",1.0,1.0,1.0,1.0,自车当前在原车道跟车行驶，自车前方有一辆出租车行驶缓慢通行效率低，右侧车道通行效率高，且右后方并无来车，自车应向右变更车道。,自车前方有一辆出租车行驶缓慢通行效率低，右侧车道通行效率高，且右后方并无来车，自车应向右变更车道。
1612,178,lane_change,proactive_slow_ahead,3,missing_factor,,"[0.0, 1.0]",1.0,1.0,1.0,0.8,自车当前在原车道跟车行驶，自车前方有一辆出租车行驶缓慢通行效率低，右侧车道通行效率高，且右后方并无来车，自车应向右变更车道。,自车当前在原车道跟车行驶，且右后方并无来车，自车应向右变更车道。
1613,178,lane_change,proactive_slow_ahead,2.8,wrong_factor,direction_swap,"[0.0, 1.0]",1.0,1.0,1.0,0.8,自车当前在原车道跟车行驶，自车前方有一辆出租车行驶缓慢通行效率低，右侧车道通行效率高，且右后方并无来车，自车应向右变更车道。,自车当前在原车道跟车行驶，自车前方有一辆出租车行驶缓慢通行效率低，左侧车道通行效率高，且右后方并无来车，自车应向右变更车道。
1614,178,lane_change,proactive_slow_ahead,2.8,wrong_factor,direction_swap,"[1.0, 0.75]",1.0,1.0,1.0,0.95,自车当前在原车道跟车行驶，自车前方有一辆出租车行驶缓慢通行效率低，右侧车道通行效率高，且右后方并无来车，自车应向右变更车道。,自车当前在原车道跟车行驶，自车前方有一辆出租车行驶缓慢通行效率低，右侧车道通行效率高，且左后方并无来车，自车应向右变更车道。
1615,178,lane_change,proactive_slow_ahead,2.3,wrong_factor,same_category_subtype_swap,"[1.0, 0.75]",1.0,1.0,1.0,0.95,自车当前在原车道跟车行驶，自车前方有一辆出租车行驶缓慢通行效率低，右侧车道通行效率高，且右后方并无来车，自车应向右变更车道。,自车当前在原车道跟车行驶，自车前方有一辆出租车行驶缓慢通行效率低，右侧车道通行效率高，且右后方并有快速来车，自车应向右变更车道。
1616,178,lane_change,proactive_slow_ahead,1.7,wrong_factor,cross_category_swap,"[0.0, 0.0]",1.0,1.0,1.0,0.6,自车当前在原车道跟车行驶，自车前方有一辆出租车行驶缓慢通行效率低，右侧车道通行效率高，且右后方并无来车，自车应向右变更车道。,前方存在车辆遮挡盲区，自车应向右变更车道。
1617,178,lane_change,proactive_slow_ahead,1,unsafe_action,,"[1.0, 1.0]",1.0,1.0,1.0,1.0,自车当前在原车道跟车行驶，自车前方有一辆出租车行驶缓慢通行效率低，右侧车道通行效率高，且右后方并无来车，自车应向右变更车道。,自车当前在原车道跟车行驶，自车前方有一辆出租车行驶缓慢通行效率低，右侧车道通行效率高，且右后方并无来车，自车应向左变更车道。
1618,179,special,unclassified,5,complete,,[1.0],1.0,1.0,1.0,1.0,右前方一辆出租车向左变道，意图切入自车道。,右前方一辆出租车向左变道，意图切入自车道，自车应谨慎通行。
1619,179,special,unclassified,4,generalized,,[0.25],0.0,1.0,0.0,0.3125,右前方一辆出租车向左变道，意图切入自车道。,前方存在通行风险，自车应谨慎通行。
1620,179,special,unclassified,3,missing_factor,,[1.0],1.0,1.0,1.0,1.0,右前方一辆出租车向左变道，意图切入自车道。,右前方一辆出租车向左变道，自车应谨慎通行。
1621,179,special,unclassified,3,missing_factor,,[0.25],0.0,1.0,1.0,0.5625,右前方一辆出租车向左变道，意图切入自车道。,意图切入自车道，自车应谨慎通行。
1622,179,special,unclassified,3,missing_factor,,[0.75],1.0,1.0,1.0,0.9375,右前方一辆出租车向左变道，意图切入自车道。,前方一辆出租车向左变道，自车应谨慎通行。
1623,179,special,unclassified,2.8,wrong_factor,direction_swap,[0.75],1.0,1.0,1.0,0.9375,右前方一辆出租车向左变道，意图切入自车道。,左前方一辆出租车向左变道，意图切入自车道，自车应谨慎通行。
1624,179,special,unclassified,1.7,wrong_factor,cross_category_swap,[0.0],0.0,1.0,0.0,0.25,右前方一辆出租车向左变道，意图切入自车道。,前方存在无灯路口盲区，自车应谨慎通行。
1625,179,special,unclassified,1,unsafe_action,,[1.0],1.0,0.0,1.0,0.75,右前方一辆出租车向左变道，意图切入自车道。,右前方一辆出租车向左变道，意图切入自车道，自车应加速通过。
1626,180,yielding,decelerate_to_yield,5,complete,,[1.0],1.0,1.0,1.0,1.0,自车应减速让行。,自车应减速让行。
1627,180,yielding,decelerate_to_yield,4,generalized,,[0.5],1.0,1.0,1.0,0.875,自车应减速让行。,前方有交通参与者影响自车通行，自车应减速让行。
1628,180,yielding,decelerate_to_yield,1.7,wrong_factor,cross_category_swap,[0.0],1.0,1.0,1.0,0.75,自车应减速让行。,前方存在坑洼路面，自车应减速让行。
1629,180,yielding,decelerate_to_yield,1,unsafe_action,,[0.75],1.0,0.0,0.0,0.4375,自车应减速让行。,自车应加速通过。
1630,181,traffic_signal,red_light_stop,5,complete,,[1.0],1.0,1.0,1.0,1.0,自车当前行驶在左转待转区车道，左转交通灯为红色，直行交通灯为绿色，自车应减速进入左转待转区。,自车当前行驶在左转待转区车道，左转交通灯为红色，直行交通灯为绿色，自车应减速进入左转待转区。
1631,181,traffic_signal,red_light_stop,4,generalized,,[0.5],0.0,1.0,0.0,0.375,自车当前行驶在左转待转区车道，左转交通灯为红色，直行交通灯为绿色，自车应减速进入左转待转区。,当前路口信号允许通行，自车应减速行驶通过。
1632,181,traffic_signal,red_light_stop,3,missing_factor,,[0.75],1.0,1.0,1.0,0.9375,自车当前行驶在左转待转区车道，左转交通灯为红色，直行交通灯为绿色，自车应减速进入左转待转区。,自车当前行驶在左转待转区车道，左转交通灯为红色，自车应减速行驶通过。
1633,181,traffic_signal,red_light_stop,3,missing_factor,,[0.75],1.0,1.0,1.0,0.9375,自车当前行驶在左转待转区车道，左转交通灯为红色，直行交通灯为绿色，自车应减速进入左转待转区。,左转交通灯为红色，直行交通灯为绿色，自车应减速行驶通过。
1634,181,traffic_signal,red_light_stop,3,missing_factor,,[0.75],1.0,1.0,1.0,0.9375,自车当前行驶在左转待转区车道，左转交通灯为红色，直行交通灯为绿色，自车应减速进入左转待转区。,自车当前行驶在左转待转区车道，直行交通灯为绿色，自车应减速行驶通过。
1635,181,traffic_signal,red_light_stop,2.3,wrong_factor,same_category_subtype_swap,[0.75],1.0,1.0,1.0,0.9375,自车当前行驶在左转待转区车道，左转交通灯为红色，直行交通灯为绿色，自车应减速进入左转待转区。,自车当前行驶在左转待转区车道，左转交通灯为绿色，直行交通灯为绿色，自车应减速进入左转待转区。
1636,181,traffic_signal,red_light_stop,2.3,wrong_factor,same_category_subtype_swap,[0.75],1.0,1.0,1.0,0.9375,自车当前行驶在左转待转区车道，左转交通灯为红色，直行交通灯为绿色，自车应减速进入左转待转区。,自车当前行驶在左转待转区车道，左转交通灯为红色，直行交通灯为红色，自车应减速进入左转待转区。
1637,181,traffic_signal,red_light_stop,1.7,wrong_factor,cross_category_swap,[0.0],0.0,1.0,1.0,0.5,自车当前行驶在左转待转区车道，左转交通灯为红色，直行交通灯为绿色，自车应减速进入左转待转区。,前方存在施工区域占道，自车应减速行驶通过。
1638,181,traffic_signal,red_light_stop,1,unsafe_action,,[0.75],1.0,0.0,1.0,0.6875,自车当前行驶在左转待转区车道，左转交通灯为红色，直行交通灯为绿色，自车应减速进入左转待转区。,自车当前行驶在左转待转区车道，左转交通灯为红色，直行交通灯为绿色，自车应加速通过。
1639,182,obstacle_avoidance,static_obstacle_blocking_lane,5,complete,,[1.0],1.0,1.0,1.0,1.0,自车当前在原车道正常行驶，前方有工程车占道停靠，对向车道有小汽车正在行驶，自车应减速让行后再向左避障。,自车当前在原车道正常行驶，前方有工程车占道停靠，对向车道有小汽车正在行驶，自车应减速让行后再向左避障。
1640,182,obstacle_avoidance,static_obstacle_blocking_lane,4,generalized,,[0.5],0.0,1.0,1.0,0.625,自车当前在原车道正常行驶，前方有工程车占道停靠，对向车道有小汽车正在行驶，自车应减速让行后再向左避障。,前方存在障碍物影响通行，自车应减速让行。
1641,182,obstacle_avoidance,static_obstacle_blocking_lane,3,missing_factor,,[1.0],0.0,1.0,1.0,0.75,自车当前在原车道正常行驶，前方有工程车占道停靠，对向车道有小汽车正在行驶，自车应减速让行后再向左避障。,自车当前在原车道正常行驶，前方有工程车占道停靠，自车应减速让行。
1642,182,obstacle_avoidance,static_obstacle_blocking_lane,3,missing_factor,,[1.0],0.0,1.0,1.0,0.75,自车当前在原车道正常行驶，前方有工程车占道停靠，对向车道有小汽车正在行驶，自车应减速让行后再向左避障。,前方有工程车占道停靠，对向车道有小汽车正在行驶，自车应减速让行。
1643,182,obstacle_avoidance,static_obstacle_blocking_lane,3,missing_factor,,[0.0],0.0,1.0,1.0,0.5,自车当前在原车道正常行驶，前方有工程车占道停靠，对向车道有小汽车正在行驶，自车应减速让行后再向左避障。,自车当前在原车道正常行驶，对向车道有小汽车正在行驶，自车应减速让行。
1644,182,obstacle_avoidance,static_obstacle_blocking_lane,2.3,wrong_factor,same_category_subtype_swap,[1.0],1.0,1.0,1.0,1.0,自车当前在原车道正常行驶，前方有工程车占道停靠，对向车道有小汽车正在行驶，自车应减速让行后再向左避障。,自车当前在原车道正常行驶，前方有工程车占道停靠，对向车道有货车正在行驶，自车应减速让行后再向左避障。
1645,182,obstacle_avoidance,static_obstacle_blocking_lane,2.3,wrong_factor,same_category_subtype_swap,[0.75],1.0,1.0,1.0,0.9375,自车当前在原车道正常行驶，前方有工程车占道停靠，对向车道有小汽车正在行驶，自车应减速让行后再向左避障。,自车当前在原车道正常行驶，前方有公交车占道停靠，对向车道有小汽车正在行驶，自车应减速让行后再向左避障。
1646,182,obstacle_avoidance,static_obstacle_blocking_lane,1.7,wrong_factor,cross_category_swap,[0.0],0.0,1.0,1.0,0.5,自车当前在原车道正常行驶，前方有工程车占道停靠，对向车道有小汽车正在行驶，自车应减速让行后再向左避障。,前方存在车辆遮挡盲区，自车应减速让行。
1647,182,obstacle_avoidance,static_obstacle_blocking_lane,1,unsafe_action,,[1.0],0.0,0.0,0.0,0.25,自车当前在原车道正常行驶，前方有工程车占道停靠，对向车道有小汽车正在行驶，自车应减速让行后再向左避障。,自车当前在原车道正常行驶，前方有工程车占道停靠，对向车道有小汽车正在行驶，自车应加速通过。
1648,183,special,unclassified,5,complete,,[1.0],1.0,1.0,1.0,1.0,右方出租车即将向左变道，入侵自车道。,右方出租车即将向左变道，入侵自车道，自车应谨慎通行。
1649,183,special,unclassified,4,generalized,,[0.5],0.0,1.0,0.0,0.375,右方出租车即将向左变道，入侵自车道。,前方存在通行风险，自车应谨慎通行。
1650,183,special,unclassified,3,missing_factor,,[0.75],1.0,1.0,1.0,0.9375,右方出租车即将向左变道，入侵自车道。,右方出租车即将向左变道，自车应谨慎通行。
1651,183,special,unclassified,3,missing_factor,,[0.75],0.0,1.0,0.0,0.4375,右方出租车即将向左变道，入侵自车道。,入侵自车道，自车应谨慎通行。
1652,183,special,unclassified,2.8,wrong_factor,direction_swap,[0.75],1.0,1.0,1.0,0.9375,右方出租车即将向左变道，入侵自车道。,左方出租车即将向左变道，入侵自车道，自车应谨慎通行。
1653,183,special,unclassified,1.7,wrong_factor,cross_category_swap,[0.0],0.0,1.0,0.0,0.25,右方出租车即将向左变道，入侵自车道。,前方存在无灯路口盲区，自车应谨慎通行。
1654,183,special,unclassified,1,unsafe_action,,[1.0],1.0,0.0,1.0,0.75,右方出租车即将向左变道，入侵自车道。,右方出租车即将向左变道，入侵自车道，自车应加速通过。
1655,184,special,unclassified,5,complete,,[1.0],1.0,1.0,1.0,1.0,自车应减速行驶。,自车应减速行驶。
1656,184,special,unclassified,4,generalized,,[0.5],1.0,1.0,1.0,0.875,自车应减速行驶。,前方存在通行风险，自车应减速行驶通过。
1657,184,special,unclassified,1.7,wrong_factor,cross_category_swap,[0.0],1.0,1.0,1.0,0.75,自车应减速行驶。,前方存在无灯路口盲区，自车应减速行驶通过。
1658,184,special,unclassified,1,unsafe_action,,[0.75],1.0,0.0,1.0,0.6875,自车应减速行驶。,自车应加速通过。
1659,185,lane_change,reactive_obstacle_blocking,5,complete,,[1.0],1.0,1.0,1.0,1.0,自车当前在原车道正常行驶，自车道前方存在施工区域占用自车道，阻挡自车通行，右侧车道正常通行且右后方无来车，自车应向右变更车道。,自车当前在原车道正常行驶，自车道前方存在施工区域占用自车道，阻挡自车通行，右侧车道正常通行且右后方无来车，自车应向右变更车道。
1660,185,lane_change,reactive_obstacle_blocking,4,generalized,,[0.5],0.0,1.0,0.0,0.375,自车当前在原车道正常行驶，自车道前方存在施工区域占用自车道，阻挡自车通行，右侧车道正常通行且右后方无来车，自车应向右变更车道。,前方通行受阻，右侧车道具备换道条件，自车应向右变更车道。
1661,185,lane_change,reactive_obstacle_blocking,3,missing_factor,,[0.0],1.0,1.0,1.0,0.75,自车当前在原车道正常行驶，自车道前方存在施工区域占用自车道，阻挡自车通行，右侧车道正常通行且右后方无来车，自车应向右变更车道。,自车当前在原车道正常行驶，自车道前方存在施工区域占用自车道，阻挡自车通行，自车应向右变更车道。
1662,185,lane_change,reactive_obstacle_blocking,3,missing_factor,,[1.0],1.0,1.0,1.0,1.0,自车当前在原车道正常行驶，自车道前方存在施工区域占用自车道，阻挡自车通行，右侧车道正常通行且右后方无来车，自车应向右变更车道。,自车道前方存在施工区域占用自车道，阻挡自车通行，右侧车道正常通行且右后方无来车，自车应向右变更车道。
1663,185,lane_change,reactive_obstacle_blocking,3,missing_factor,,[1.0],1.0,1.0,1.0,1.0,自车当前在原车道正常行驶，自车道前方存在施工区域占用自车道，阻挡自车通行，右侧车道正常通行且右后方无来车，自车应向右变更车道。,自车当前在原车道正常行驶，右侧车道正常通行且右后方无来车，自车应向右变更车道。
1664,185,lane_change,reactive_obstacle_blocking,2.8,wrong_factor,direction_swap,[0.0],1.0,1.0,1.0,0.75,自车当前在原车道正常行驶，自车道前方存在施工区域占用自车道，阻挡自车通行，右侧车道正常通行且右后方无来车，自车应向右变更车道。,自车当前在原车道正常行驶，自车道前方存在施工区域占用自车道，阻挡自车通行，左侧车道正常通行且右后方无来车，自车应向右变更车道。
1665,185,lane_change,reactive_obstacle_blocking,2.8,wrong_factor,direction_swap,[0.75],1.0,1.0,1.0,0.9375,自车当前在原车道正常行驶，自车道前方存在施工区域占用自车道，阻挡自车通行，右侧车道正常通行且右后方无来车，自车应向右变更车道。,自车当前在原车道正常行驶，自车道前方存在施工区域占用自车道，阻挡自车通行，右侧车道正常通行且左后方无来车，自车应向右变更车道。
1666,185,lane_change,reactive_obstacle_blocking,2.3,wrong_factor,same_category_subtype_swap,[0.75],1.0,1.0,1.0,0.9375,自车当前在原车道正常行驶，自车道前方存在施工区域占用自车道，阻挡自车通行，右侧车道正常通行且右后方无来车，自车应向右变更车道。,自车当前在原车道正常行驶，自车道前方存在施工区域占用自车道，阻挡自车通行，右侧车道通行效率较低且右后方无来车，自车应向右变更车道。
1667,185,lane_change,reactive_obstacle_blocking,2.3,wrong_factor,same_category_subtype_swap,[0.75],1.0,1.0,1.0,0.9375,自车当前在原车道正常行驶，自车道前方存在施工区域占用自车道，阻挡自车通行，右侧车道正常通行且右后方无来车，自车应向右变更车道。,自车当前在原车道正常行驶，自车道前方存在施工区域占用自车道，阻挡自车通行，右侧车道正常通行且右后方有快速来车，自车应向右变更车道。
1668,185,lane_change,reactive_obstacle_blocking,1.7,wrong_factor,cross_category_swap,[1.0],1.0,1.0,1.0,1.0,自车当前在原车道正常行驶，自车道前方存在施工区域占用自车道，阻挡自车通行，右侧车道正常通行且右后方无来车，自车应向右变更车道。,自车当前在原车道正常行驶，自车道前方存在车辆遮挡盲区占用自车道，阻挡自车通行，右侧车道正常通行且右后方无来车，自车应向右变更车道。
1669,185,lane_change,reactive_obstacle_blocking,1.7,wrong_factor,cross_category_swap,[0.0],1.0,1.0,1.0,0.75,自车当前在原车道正常行驶，自车道前方存在施工区域占用自车道，阻挡自车通行，右侧车道正常通行且右后方无来车，自车应向右变更车道。,前方存在车辆遮挡盲区，自车应向右变更车道。
1670,185,lane_change,reactive_obstacle_blocking,1,unsafe_action,,[1.0],1.0,1.0,1.0,1.0,自车当前在原车道正常行驶，自车道前方存在施工区域占用自车道，阻挡自车通行，右侧车道正常通行且右后方无来车，自车应向右变更车道。,自车当前在原车道正常行驶，自车道前方存在施工区域占用自车道，阻挡自车通行，右侧车道正常通行且右后方无来车，自车应向左变更车道。
1671,186,lane_change,reactive_obstacle_blocking,5,complete,,"[1.0, 1.0, 1.0]",1.0,1.0,1.0,1.0,前方出现锥桶障碍物，影响自车通行，左侧车道可行驶，左后方有灰色轿车行驶但车速较慢，自车应向左变更车道。,前方出现锥桶障碍物，影响自车通行，左侧车道可行驶，左后方有灰色轿车行驶但车速较慢，自车应向左变更车道。
1672,186,lane_change,reactive_obstacle_blocking,4,generalized,,"[0.0, 0.5, 0.0]",0.0,1.0,0.0,0.25,前方出现锥桶障碍物，影响自车通行，左侧车道可行驶，左后方有灰色轿车行驶但车速较慢，自车应向左变更车道。,前方通行受阻，左侧车道具备换道条件，自车应向左变更车道。
1673,186,lane_change,reactive_obstacle_blocking,3,missing_factor,,"[1.0, 1.0, 0.0]",1.0,1.0,1.0,0.8333,前方出现锥桶障碍物，影响自车通行，左侧车道可行驶，左后方有灰色轿车行驶但车速较慢，自车应向左变更车道。,前方出现锥桶障碍物，影响自车通行，左侧车道可行驶，自车应向左变更车道。
1674,186,lane_change,reactive_obstacle_blocking,3,missing_factor,,"[0.0, 1.0, 1.0]",1.0,1.0,1.0,0.8333,前方出现锥桶障碍物，影响自车通行，左侧车道可行驶，左后方有灰色轿车行驶但车速较慢，自车应向左变更车道。,影响自车通行，左侧车道可行驶，左后方有灰色轿车行驶但车速较慢，自车应向左变更车道。
1675,186,lane_change,reactive_obstacle_blocking,3,missing_factor,,"[1.0, 0.0, 1.0]",1.0,1.0,1.0,0.8333,前方出现锥桶障碍物，影响自车通行，左侧车道可行驶，左后方有灰色轿车行驶但车速较慢，自车应向左变更车道。,前方出现锥桶障碍物，左后方有灰色轿车行驶但车速较慢，自车应向左变更车道。
1676,186,lane_change,reactive_obstacle_blocking,2.8,wrong_factor,direction_swap,"[1.0, 0.0, 1.0]",1.0,1.0,1.0,0.8333,前方出现锥桶障碍物，影响自车通行，左侧车道可行驶，左后方有灰色轿车行驶但车速较慢，自车应向左变更车道。,前方出现锥桶障碍物，影响自车通行，右侧车道可行驶，左后方有灰色轿车行驶但车速较慢，自车应向左变更车道。
1677,186,lane_change,reactive_obstacle_blocking,2.8,wrong_factor,direction_swap,"[1.0, 1.0, 0.75]",1.0,1.0,1.0,0.9583,前方出现锥桶障碍物，影响自车通行，左侧车道可行驶，左后方有灰色轿车行驶但车速较慢，自车应向左变更车道。,前方出现锥桶障碍物，影响自车通行，左侧车道可行驶，右后方有灰色轿车行驶但车速较慢，自车应向左变更车道。
1678,186,lane_change,reactive_obstacle_blocking,1.7,wrong_factor,cross_category_swap,"[0.0, 1.0, 1.0]",1.0,1.0,1.0,0.8333,前方出现锥桶障碍物，影响自车通行，左侧车道可行驶，左后方有灰色轿车行驶但车速较慢，自车应向左变更车道。,前方出现豁口盲区障碍物，影响自车通行，左侧车道可行驶，左后方有灰色轿车行驶但车速较慢，自车应向左变更车道。
1679,186,lane_change,reactive_obstacle_blocking,1.7,wrong_factor,cross_category_swap,"[0.0, 0.0, 0.0]",1.0,1.0,1.0,0.5,前方出现锥桶障碍物，影响自车通行，左侧车道可行驶，左后方有灰色轿车行驶但车速较慢，自车应向左变更车道。,前方存在车辆遮挡盲区，自车应向左变更车道。
1680,186,lane_change,reactive_obstacle_blocking,1,unsafe_action,,"[1.0, 1.0, 1.0]",1.0,1.0,1.0,1.0,前方出现锥桶障碍物，影响自车通行，左侧车道可行驶，左后方有灰色轿车行驶但车速较慢，自车应向左变更车道。,前方出现锥桶障碍物，影响自车通行，左侧车道可行驶，左后方有灰色轿车行驶但车速较慢，自车应向右变更车道。
1681,187,blind_spot,combined_blind_spots,5,complete,,"[1.0, 1.0]",1.0,1.0,1.0,1.0,道路左前方存在无灯路口盲区，右前方存在豁口盲区和无灯路口盲区，自车应减速行驶通过。,道路左前方存在无灯路口盲区，右前方存在豁口盲区和无灯路口盲区，自车应减速行驶通过。
1682,187,blind_spot,combined_blind_spots,4,generalized,,"[0.25, 0.0]",1.0,1.0,1.0,0.65,道路左前方存在无灯路口盲区，右前方存在豁口盲区和无灯路口盲区，自车应减速行驶通过。,前方存在盲区风险，自车应减速行驶通过。
1683,187,blind_spot,combined_blind_spots,3,missing_factor,,"[1.0, 0.0]",1.0,1.0,1.0,0.8,道路左前方存在无灯路口盲区，右前方存在豁口盲区和无灯路口盲区，自车应减速行驶通过。,道路左前方存在无灯路口盲区，自车应减速行驶通过。
1684,187,blind_spot,combined_blind_spots,3,missing_factor,,"[0.0, 1.0]",1.0,1.0,1.0,0.8,道路左前方存在无灯路口盲区，右前方存在豁口盲区和无灯路口盲区，自车应减速行驶通过。,右前方存在豁口盲区和无灯路口盲区，自车应减速行驶通过。
1685,187,blind_spot,combined_blind_spots,3,missing_factor,,"[0.5, 0.0]",1.0,1.0,1.0,0.7,道路左前方存在无灯路口盲区，右前方存在豁口盲区和无灯路口盲区，自车应减速行驶通过。,道路前方存在盲区，自车应减速行驶通过。
1686,187,blind_spot,combined_blind_spots,2.8,wrong_factor,direction_swap,"[0.75, 1.0]",1.0,1.0,1.0,0.95,道路左前方存在无灯路口盲区，右前方存在豁口盲区和无灯路口盲区，自车应减速行驶通过。,道路右前方存在无灯路口盲区，右前方存在豁口盲区和无灯路口盲区，自车应减速行驶通过。
1687,187,blind_spot,combined_blind_spots,2.8,wrong_factor,direction_swap,"[1.0, 0.75]",1.0,1.0,1.0,0.95,道路左前方存在无灯路口盲区，右前方存在豁口盲区和无灯路口盲区，自车应减速行驶通过。,道路左前方存在无灯路口盲区，左前方存在豁口盲区和无灯路口盲区，自车应减速行驶通过。
1688,187,blind_spot,combined_blind_spots,2.3,wrong_factor,same_category_subtype_swap,"[1.0, 0.75]",1.0,1.0,1.0,0.95,道路左前方存在无灯路口盲区，右前方存在豁口盲区和无灯路口盲区，自车应减速行驶通过。,道路左前方存在无灯路口盲区，右前方存在车辆遮挡盲区和无灯路口盲区，自车应减速行驶通过。
1689,187,blind_spot,combined_blind_spots,2.3,wrong_factor,same_category_subtype_swap,"[0.75, 1.0]",1.0,1.0,1.0,0.95,道路左前方存在无灯路口盲区，右前方存在豁口盲区和无灯路口盲区，自车应减速行驶通过。,道路左前方存在弯道盲区，右前方存在豁口盲区和无灯路口盲区，自车应减速行驶通过。
1690,187,blind_spot,combined_blind_spots,1.7,wrong_factor,cross_category_swap,"[1.0, 0.75]",1.0,0.5,1.0,0.85,道路左前方存在无灯路口盲区，右前方存在豁口盲区和无灯路口盲区，自车应减速行驶通过。,道路左前方存在无灯路口盲区，右前方存在车辆占道停车和无灯路口盲区，自车应减速行驶通过。
1691,187,blind_spot,combined_blind_spots,1.7,wrong_factor,cross_category_swap,"[0.0, 1.0]",1.0,1.0,1.0,0.8,道路左前方存在无灯路口盲区，右前方存在豁口盲区和无灯路口盲区，自车应减速行驶通过。,道路左前方存在锥桶占道，右前方存在豁口盲区和无灯路口盲区，自车应减速行驶通过。
1692,187,blind_spot,combined_blind_spots,1.7,wrong_factor,cross_category_swap,"[0.0, 0.0]",1.0,1.0,1.0,0.6,道路左前方存在无灯路口盲区，右前方存在豁口盲区和无灯路口盲区，自车应减速行驶通过。,前方存在锥桶占道，影响自车通行，自车应减速行驶通过。
1693,187,blind_spot,combined_blind_spots,1,unsafe_action,,"[1.0, 1.0]",1.0,0.0,1.0,0.8,道路左前方存在无灯路口盲区，右前方存在豁口盲区和无灯路口盲区，自车应减速行驶通过。,道路左前方存在无灯路口盲区，右前方存在豁口盲区和无灯路口盲区，自车应加速通过。
1694,188,obstacle_avoidance,static_obstacle_blocking_lane,5,complete,,[1.0],1.0,1.0,1.0,1.0,自车当前在原车道正常行驶，前方有小汽车占道停放，对向车道有小汽车和两名两轮骑行者正常行驶，自车应减速让行后向左避障。,自车当前在原车道正常行驶，前方有小汽车占道停放，对向车道有小汽车和两名两轮骑行者正常行驶，自车应减速让行后向左避障。
1695,188,obstacle_avoidance,static_obstacle_blocking_lane,4,generalized,,[0.5],0.0,1.0,1.0,0.625,自车当前在原车道正常行驶，前方有小汽车占道停放，对向车道有小汽车和两名两轮骑行者正常行驶，自车应减速让行后向左避障。,前方存在障碍物影响通行，自车应减速让行。
1696,188,obstacle_avoidance,static_obstacle_blocking_lane,3,missing_factor,,[1.0],0.0,1.0,1.0,0.75,自车当前在原车道正常行驶，前方有小汽车占道停放，对向车道有小汽车和两名两轮骑行者正常行驶，自车应减速让行后向左避障。,自车当前在原车道正常行驶，前方有小汽车占道停放，自车应减速让行。
1697,188,obstacle_avoidance,static_obstacle_blocking_lane,3,missing_factor,,[1.0],0.0,1.0,1.0,0.75,自车当前在原车道正常行驶，前方有小汽车占道停放，对向车道有小汽车和两名两轮骑行者正常行驶，自车应减速让行后向左避障。,前方有小汽车占道停放，对向车道有小汽车和两名两轮骑行者正常行驶，自车应减速让行。
1698,188,obstacle_avoidance,static_obstacle_blocking_lane,3,missing_factor,,[0.0],0.0,1.0,1.0,0.5,自车当前在原车道正常行驶，前方有小汽车占道停放，对向车道有小汽车和两名两轮骑行者正常行驶，自车应减速让行后向左避障。,自车当前在原车道正常行驶，对向车道有小汽车和两名两轮骑行者正常行驶，自车应减速让行。
1699,188,obstacle_avoidance,static_obstacle_blocking_lane,2.3,wrong_factor,same_category_subtype_swap,[1.0],1.0,1.0,1.0,1.0,自车当前在原车道正常行驶，前方有小汽车占道停放，对向车道有小汽车和两名两轮骑行者正常行驶，自车应减速让行后向左避障。,自车当前在原车道正常行驶，前方有小汽车占道停放，对向车道有小汽车和两名三轮骑行者正常行驶，自车应减速让行后向左避障。
1700,188,obstacle_avoidance,static_obstacle_blocking_lane,2.3,wrong_factor,same_category_subtype_swap,[0.75],1.0,1.0,1.0,0.9375,自车当前在原车道正常行驶，前方有小汽车占道停放，对向车道有小汽车和两名两轮骑行者正常行驶，自车应减速让行后向左避障。,自车当前在原车道正常行驶，前方有货车占道停放，对向车道有小汽车和两名两轮骑行者正常行驶，自车应减速让行后向左避障。
1701,188,obstacle_avoidance,static_obstacle_blocking_lane,1.7,wrong_factor,cross_category_swap,[0.0],0.0,1.0,1.0,0.5,自车当前在原车道正常行驶，前方有小汽车占道停放，对向车道有小汽车和两名两轮骑行者正常行驶，自车应减速让行后向左避障。,前方存在车辆遮挡盲区，自车应减速让行。
1702,188,obstacle_avoidance,static_obstacle_blocking_lane,1,unsafe_action,,[1.0],0.0,0.0,0.0,0.25,自车当前在原车道正常行驶，前方有小汽车占道停放，对向车道有小汽车和两名两轮骑行者正常行驶，自车应减速让行后向左避障。,自车当前在原车道正常行驶，前方有小汽车占道停放，对向车道有小汽车和两名两轮骑行者正常行驶，自车应加速通过。
1703,189,blind_spot,combined_blind_spots,5,complete,,"[1.0, 1.0]",1.0,1.0,1.0,1.0,左前方存在无灯路口盲区，右前方存在弯道盲区，自车应减速行驶通过。,左前方存在无灯路口盲区，右前方存在弯道盲区，自车应减速行驶通过。
1704,189,blind_spot,combined_blind_spots,4,generalized,,"[0.25, 0.0]",1.0,1.0,1.0,0.65,左前方存在无灯路口盲区，右前方存在弯道盲区，自车应减速行驶通过。,前方存在盲区风险，自车应减速行驶通过。
1705,189,blind_spot,combined_blind_spots,3,missing_factor,,"[1.0, 0.0]",1.0,1.0,1.0,0.8,左前方存在无灯路口盲区，右前方存在弯道盲区，自车应减速行驶通过。,左前方存在无灯路口盲区，自车应减速行驶通过。
1706,189,blind_spot,combined_blind_spots,3,missing_factor,,"[0.0, 1.0]",1.0,1.0,1.0,0.8,左前方存在无灯路口盲区，右前方存在弯道盲区，自车应减速行驶通过。,右前方存在弯道盲区，自车应减速行驶通过。
1707,189,blind_spot,combined_blind_spots,3,missing_factor,,"[0.5, 0.0]",1.0,1.0,1.0,0.7,左前方存在无灯路口盲区，右前方存在弯道盲区，自车应减速行驶通过。,前方存在盲区，自车应减速行驶通过。
1708,189,blind_spot,combined_blind_spots,2.8,wrong_factor,direction_swap,"[0.75, 1.0]",1.0,1.0,1.0,0.95,左前方存在无灯路口盲区，右前方存在弯道盲区，自车应减速行驶通过。,右前方存在无灯路口盲区，右前方存在弯道盲区，自车应减速行驶通过。
1709,189,blind_spot,combined_blind_spots,2.8,wrong_factor,direction_swap,"[1.0, 0.75]",1.0,1.0,1.0,0.95,左前方存在无灯路口盲区，右前方存在弯道盲区，自车应减速行驶通过。,左前方存在无灯路口盲区，左前方存在弯道盲区，自车应减速行驶通过。
1710,189,blind_spot,combined_blind_spots,2.3,wrong_factor,same_category_subtype_swap,"[1.0, 0.5]",1.0,1.0,1.0,0.9,左前方存在无灯路口盲区，右前方存在弯道盲区，自车应减速行驶通过。,左前方存在无灯路口盲区，右前方存在无灯路口盲区，自车应减速行驶通过。
1711,189,blind_spot,combined_blind_spots,2.3,wrong_factor,same_category_subtype_swap,"[0.5, 1.0]",1.0,1.0,1.0,0.9,左前方存在无灯路口盲区，右前方存在弯道盲区，自车应减速行驶通过。,左前方存在弯道盲区，右前方存在弯道盲区，自车应减速行驶通过。
1712,189,blind_spot,combined_blind_spots,1.7,wrong_factor,cross_category_swap,"[1.0, 0.0]",1.0,1.0,1.0,0.8,左前方存在无灯路口盲区，右前方存在弯道盲区，自车应减速行驶通过。,左前方存在无灯路口盲区，右前方存在减速带，自车应减速行驶通过。
1713,189,blind_spot,combined_blind_spots,1.7,wrong_factor,cross_category_swap,"[0.0, 1.0]",1.0,1.0,1.0,0.8,左前方存在无灯路口盲区，右前方存在弯道盲区，自车应减速行驶通过。,左前方存在锥桶占道，右前方存在弯道盲区，自车应减速行驶通过。
1714,189,blind_spot,combined_blind_spots,1.7,wrong_factor,cross_category_swap,"[0.0, 0.0]",1.0,1.0,1.0,0.6,左前方存在无灯路口盲区，右前方存在弯道盲区，自车应减速行驶通过。,前方存在锥桶占道，影响自车通行，自车应减速行驶通过。
1715,189,blind_spot,combined_blind_spots,1,unsafe_action,,"[1.0, 1.0]",1.0,0.0,1.0,0.8,左前方存在无灯路口盲区，右前方存在弯道盲区，自车应减速行驶通过。,左前方存在无灯路口盲区，右前方存在弯道盲区，自车应加速通过。
1716,190,special,unclassified,5,complete,,[1.0],1.0,1.0,1.0,1.0,右前方存在弯道路口，自车应减速行驶通过。,右前方存在弯道路口，自车应减速行驶通过。
1717,190,special,unclassified,4,generalized,,[0.0],1.0,1.0,1.0,0.75,右前方存在弯道路口，自车应减速行驶通过。,前方存在通行风险，自车应减速行驶通过。
1718,190,special,unclassified,3,missing_factor,,[0.75],1.0,1.0,1.0,0.9375,右前方存在弯道路口，自车应减速行驶通过。,前方存在弯道路口，自车应减速行驶通过。
1719,190,special,unclassified,2.8,wrong_factor,direction_swap,[0.75],1.0,1.0,1.0,0.9375,右前方存在弯道路口，自车应减速行驶通过。,左前方存在弯道路口，自车应减速行驶通过。
1720,190,special,unclassified,1.7,wrong_factor,cross_category_swap,[0.0],1.0,1.0,1.0,0.75,右前方存在弯道路口，自车应减速行驶通过。,前方存在无灯路口盲区，自车应减速行驶通过。
1721,190,special,unclassified,1,unsafe_action,,[1.0],1.0,0.0,1.0,0.75,右前方存在弯道路口，自车应减速行驶通过。,右前方存在弯道路口，自车应加速通过。
1722,191,traffic_signal,red_light_stop,5,complete,,[1.0],1.0,1.0,1.0,1.0,自车当前行驶在左转待转区车道，直行交通灯为绿色，左转交通灯为红色，自车应减速进入左转待转区。,自车当前行驶在左转待转区车道，直行交通灯为绿色，左转交通灯为红色，自车应减速进入左转待转区。
1723,191,traffic_signal,red_light_stop,4,generalized,,[0.5],0.0,1.0,0.0,0.375,自车当前行驶在左转待转区车道，直行交通灯为绿色，左转交通灯为红色，自车应减速进入左转待转区。,当前路口信号允许通行，自车应减速行驶通过。
1724,191,traffic_signal,red_light_stop,3,missing_factor,,[0.75],1.0,1.0,1.0,0.9375,自车当前行驶在左转待转区车道，直行交通灯为绿色，左转交通灯为红色，自车应减速进入左转待转区。,自车当前行驶在左转待转区车道，直行交通灯为绿色，自车应减速行驶通过。
1725,191,traffic_signal,red_light_stop,3,missing_factor,,[0.75],1.0,1.0,1.0,0.9375,自车当前行驶在左转待转区车道，直行交通灯为绿色，左转交通灯为红色，自车应减速进入左转待转区。,直行交通灯为绿色，左转交通灯为红色，自车应减速行驶通过。
1726,191,traffic_signal,red_light_stop,3,missing_factor,,[0.75],1.0,1.0,1.0,0.9375,自车当前行驶在左转待转区车道，直行交通灯为绿色，左转交通灯为红色，自车应减速进入左转待转区。,自车当前行驶在左转待转区车道，左转交通灯为红色，自车应减速行驶通过。
1727,191,traffic_signal,red_light_stop,2.3,wrong_factor,same_category_subtype_swap,[0.75],1.0,1.0,1.0,0.9375,自车当前行驶在左转待转区车道，直行交通灯为绿色，左转交通灯为红色，自车应减速进入左转待转区。,自车当前行驶在左转待转区车道，直行交通灯为绿色，左转交通灯为绿色，自车应减速进入左转待转区。
1728,191,traffic_signal,red_light_stop,2.3,wrong_factor,same_category_subtype_swap,[0.75],1.0,1.0,1.0,0.9375,自车当前行驶在左转待转区车道，直行交通灯为绿色，左转交通灯为红色，自车应减速进入左转待转区。,自车当前行驶在左转待转区车道，直行交通灯为红色，左转交通灯为红色，自车应减速进入左转待转区。
1729,191,traffic_signal,red_light_stop,1.7,wrong_factor,cross_category_swap,[0.0],0.0,1.0,1.0,0.5,自车当前行驶在左转待转区车道，直行交通灯为绿色，左转交通灯为红色，自车应减速进入左转待转区。,前方存在施工区域占道，自车应减速行驶通过。
1730,191,traffic_signal,red_light_stop,1,unsafe_action,,[0.75],1.0,0.0,1.0,0.6875,自车当前行驶在左转待转区车道，直行交通灯为绿色，左转交通灯为红色，自车应减速进入左转待转区。,自车当前行驶在左转待转区车道，直行交通灯为绿色，左转交通灯为红色，自车应加速通过。
1731,192,yielding,decelerate_to_yield,5,complete,,[1.0],1.0,1.0,1.0,1.0,左前方存在灰色客车正切入自车道，自车应减速让行。,左前方存在灰色客车正切入自车道，自车应减速让行。
1732,192,yielding,decelerate_to_yield,4,generalized,,[0.5],1.0,1.0,1.0,0.875,左前方存在灰色客车正切入自车道，自车应减速让行。,前方有交通参与者影响自车通行，自车应减速让行。
1733,192,yielding,decelerate_to_yield,3,missing_factor,,[0.75],1.0,1.0,1.0,0.9375,左前方存在灰色客车正切入自车道，自车应减速让行。,前方存在客车正切入自车道，自车应减速让行。
1734,192,yielding,decelerate_to_yield,2.8,wrong_factor,direction_swap,[0.75],1.0,1.0,1.0,0.9375,左前方存在灰色客车正切入自车道，自车应减速让行。,右前方存在灰色客车正切入自车道，自车应减速让行。
1735,192,yielding,decelerate_to_yield,1.7,wrong_factor,cross_category_swap,[0.0],1.0,1.0,1.0,0.75,左前方存在灰色客车正切入自车道，自车应减速让行。,前方存在坑洼路面，自车应减速让行。
1736,192,yielding,decelerate_to_yield,1,unsafe_action,,[1.0],1.0,0.0,1.0,0.75,左前方存在灰色客车正切入自车道，自车应减速让行。,左前方存在灰色客车正切入自车道，自车应加速通过。
1737,193,obstacle_avoidance,dynamic_obstacle,5,complete,,[1.0],1.0,1.0,1.0,1.0,自车当前在原车道正常行驶，前方有多个锥桶和障碍物放置在路上，自车应向左避障。,自车当前在原车道正常行驶，前方有多个锥桶和障碍物放置在路上，自车应向左避障。
1738,193,obstacle_avoidance,dynamic_obstacle,4,generalized,,[0.5],1.0,1.0,1.0,0.875,自车当前在原车道正常行驶，前方有多个锥桶和障碍物放置在路上，自车应向左避障。,前方存在障碍物影响通行，自车应向左避障。
1739,193,obstacle_avoidance,dynamic_obstacle,3,missing_factor,,[0.0],1.0,1.0,1.0,0.75,自车当前在原车道正常行驶，前方有多个锥桶和障碍物放置在路上，自车应向左避障。,自车当前在原车道正常行驶，自车应向左避障。
1740,193,obstacle_avoidance,dynamic_obstacle,3,missing_factor,,[1.0],1.0,1.0,1.0,1.0,自车当前在原车道正常行驶，前方有多个锥桶和障碍物放置在路上，自车应向左避障。,前方有多个锥桶和障碍物放置在路上，自车应向左避障。
1741,193,obstacle_avoidance,dynamic_obstacle,2.3,wrong_factor,same_category_subtype_swap,[0.75],1.0,1.0,1.0,0.9375,自车当前在原车道正常行驶，前方有多个锥桶和障碍物放置在路上，自车应向左避障。,自车当前在原车道正常行驶，前方有多个事故车和障碍物放置在路上，自车应向左避障。
1742,193,obstacle_avoidance,dynamic_obstacle,1.7,wrong_factor,cross_category_swap,[0.0],1.0,1.0,1.0,0.75,自车当前在原车道正常行驶，前方有多个锥桶和障碍物放置在路上，自车应向左避障。,自车当前在原车道正常行驶，前方有多个豁口盲区和障碍物放置在路上，自车应向左避障。
1743,193,obstacle_avoidance,dynamic_obstacle,1.7,wrong_factor,cross_category_swap,[0.0],1.0,1.0,1.0,0.75,自车当前在原车道正常行驶，前方有多个锥桶和障碍物放置在路上，自车应向左避障。,前方存在车辆遮挡盲区，自车应向左避障。
1744,193,obstacle_avoidance,dynamic_obstacle,1,unsafe_action,,[1.0],1.0,1.0,1.0,1.0,自车当前在原车道正常行驶，前方有多个锥桶和障碍物放置在路上，自车应向左避障。,自车当前在原车道正常行驶，前方有多个锥桶和障碍物放置在路上，自车应向右避障。
1745,194,obstacle_avoidance,dynamic_obstacle,5,complete,,[1.0],1.0,1.0,1.0,1.0,自车当前在原车道正常行驶，前方白色面包车低速行驶，自车应向左避障。,自车当前在原车道正常行驶，前方白色面包车低速行驶，自车应向左避障。
1746,194,obstacle_avoidance,dynamic_obstacle,4,generalized,,[0.0],1.0,1.0,1.0,0.75,自车当前在原车道正常行驶，前方白色面包车低速行驶，自车应向左避障。,前方存在障碍物影响通行，自车应向左避障。
1747,194,obstacle_avoidance,dynamic_obstacle,3,missing_factor,,[0.5],1.0,1.0,1.0,0.875,自车当前在原车道正常行驶，前方白色面包车低速行驶，自车应向左避障。,自车当前在原车道正常行驶，自车应向左避障。
1748,194,obstacle_avoidance,dynamic_obstacle,3,missing_factor,,[1.0],1.0,1.0,1.0,1.0,自车当前在原车道正常行驶，前方白色面包车低速行驶，自车应向左避障。,前方白色面包车低速行驶，自车应向左避障。
1749,194,obstacle_avoidance,dynamic_obstacle,2.3,wrong_factor,same_category_subtype_swap,[0.75],1.0,1.0,1.0,0.9375,自车当前在原车道正常行驶，前方白色面包车低速行驶，自车应向左避障。,自车当前在原车道正常行驶，前方白色公交车低速行驶，自车应向左避障。
1750,194,obstacle_avoidance,dynamic_obstacle,1.7,wrong_factor,cross_category_swap,[0.0],1.0,1.0,1.0,0.75,自车当前在原车道正常行驶，前方白色面包车低速行驶，自车应向左避障。,前方存在车辆遮挡盲区，自车应向左避障。
1751,194,obstacle_avoidance,dynamic_obstacle,1,unsafe_action,,[1.0],1.0,1.0,1.0,1.0,自车当前在原车道正常行驶，前方白色面包车低速行驶，自车应向左避障。,自车当前在原车道正常行驶，前方白色面包车低速行驶，自车应向右避障。
1752,195,lane_change,proactive_slow_ahead,5,complete,,[1.0],1.0,1.0,1.0,1.0,自车道前方有较多车辆行驶缓慢，左侧车道通行效率较高且左侧白色小汽车与左后方白色货车存在足够换道空隙，自车应向左变更车道。,自车道前方有较多车辆行驶缓慢，左侧车道通行效率较高且左侧白色小汽车与左后方白色货车存在足够换道空隙，自车应向左变更车道。
1753,195,lane_change,proactive_slow_ahead,4,generalized,,[0.5],1.0,1.0,0.0,0.625,自车道前方有较多车辆行驶缓慢，左侧车道通行效率较高且左侧白色小汽车与左后方白色货车存在足够换道空隙，自车应向左变更车道。,前方通行受阻，左侧车道具备换道条件，自车应向左变更车道。
1754,195,lane_change,proactive_slow_ahead,3,missing_factor,,[0.0],0.0,1.0,1.0,0.5,自车道前方有较多车辆行驶缓慢，左侧车道通行效率较高且左侧白色小汽车与左后方白色货车存在足够换道空隙，自车应向左变更车道。,自车道前方有较多车辆行驶缓慢，自车应向左变更车道。
1755,195,lane_change,proactive_slow_ahead,3,missing_factor,,[1.0],1.0,1.0,1.0,1.0,自车道前方有较多车辆行驶缓慢，左侧车道通行效率较高且左侧白色小汽车与左后方白色货车存在足够换道空隙，自车应向左变更车道。,左侧车道通行效率较高且左侧白色小汽车与左后方白色货车存在足够换道空隙，自车应向左变更车道。
1756,195,lane_change,proactive_slow_ahead,2.8,wrong_factor,direction_swap,[0.0],1.0,1.0,1.0,0.75,自车道前方有较多车辆行驶缓慢，左侧车道通行效率较高且左侧白色小汽车与左后方白色货车存在足够换道空隙，自车应向左变更车道。,自车道前方有较多车辆行驶缓慢，右侧车道通行效率较高且左侧白色小汽车与左后方白色货车存在足够换道空隙，自车应向左变更车道。
1757,195,lane_change,proactive_slow_ahead,2.8,wrong_factor,direction_swap,[0.75],1.0,1.0,1.0,0.9375,自车道前方有较多车辆行驶缓慢，左侧车道通行效率较高且左侧白色小汽车与左后方白色货车存在足够换道空隙，自车应向左变更车道。,自车道前方有较多车辆行驶缓慢，左侧车道通行效率较高且左侧白色小汽车与右后方白色货车存在足够换道空隙，自车应向左变更车道。
1758,195,lane_change,proactive_slow_ahead,2.3,wrong_factor,same_category_subtype_swap,[0.75],1.0,1.0,1.0,0.9375,自车道前方有较多车辆行驶缓慢，左侧车道通行效率较高且左侧白色小汽车与左后方白色货车存在足够换道空隙，自车应向左变更车道。,自车道前方有较多车辆行驶缓慢，左侧车道通行效率较低且左侧白色小汽车与左后方白色货车存在足够换道空隙，自车应向左变更车道。
1759,195,lane_change,proactive_slow_ahead,1.7,wrong_factor,cross_category_swap,[0.0],0.0,1.0,1.0,0.5,自车道前方有较多车辆行驶缓慢，左侧车道通行效率较高且左侧白色小汽车与左后方白色货车存在足够换道空隙，自车应向左变更车道。,前方存在车辆遮挡盲区，自车应向左变更车道。
1760,195,lane_change,proactive_slow_ahead,1,unsafe_action,,[1.0],1.0,1.0,1.0,1.0,自车道前方有较多车辆行驶缓慢，左侧车道通行效率较高且左侧白色小汽车与左后方白色货车存在足够换道空隙，自车应向左变更车道。,自车道前方有较多车辆行驶缓慢，左侧车道通行效率较高且左侧白色小汽车与左后方白色货车存在足够换道空隙，自车应向右变更车道。
1761,196,yielding,decelerate_to_yield,5,complete,,[1.0],1.0,1.0,1.0,1.0,右前方一辆白色货拉拉意图切入自车道，自车应减速让行。,右前方一辆白色货拉拉意图切入自车道，自车应减速让行。
1762,196,yielding,decelerate_to_yield,4,generalized,,[0.5],1.0,1.0,1.0,0.875,右前方一辆白色货拉拉意图切入自车道，自车应减速让行。,前方有交通参与者影响自车通行，自车应减速让行。
1763,196,yielding,decelerate_to_yield,3,missing_factor,,[0.75],1.0,1.0,1.0,0.9375,右前方一辆白色货拉拉意图切入自车道，自车应减速让行。,前方一辆货拉拉意图切入自车道，自车应减速让行。
1764,196,yielding,decelerate_to_yield,2.8,wrong_factor,direction_swap,[0.75],1.0,1.0,1.0,0.9375,右前方一辆白色货拉拉意图切入自车道，自车应减速让行。,左前方一辆白色货拉拉意图切入自车道，自车应减速让行。
1765,196,yielding,decelerate_to_yield,2.3,wrong_factor,same_category_subtype_swap,[0.75],1.0,1.0,1.0,0.9375,右前方一辆白色货拉拉意图切入自车道，自车应减速让行。,右前方一辆白色货拉拉正常行驶自车道，自车应减速让行。
1766,196,yielding,decelerate_to_yield,1.7,wrong_factor,cross_category_swap,[0.0],1.0,1.0,1.0,0.75,右前方一辆白色货拉拉意图切入自车道，自车应减速让行。,前方存在坑洼路面，自车应减速让行。
1767,196,yielding,decelerate_to_yield,1,unsafe_action,,[1.0],1.0,0.0,1.0,0.75,右前方一辆白色货拉拉意图切入自车道，自车应减速让行。,右前方一辆白色货拉拉意图切入自车道，自车应加速通过。
1768,197,lane_change,proactive_slow_ahead,5,complete,,[1.0],1.0,1.0,1.0,1.0,自车当前车道前方一辆三轮骑行者阻拦自车，右侧车道空闲，且右后方一辆货车的车速较慢或与自车存在安全距离，自车应向右换道。,自车当前车道前方一辆三轮骑行者阻拦自车，右侧车道空闲，且右后方一辆货车的车速较慢或与自车存在安全距离，自车应向右换道。
1769,197,lane_change,proactive_slow_ahead,4,generalized,,[0.5],1.0,1.0,1.0,0.875,自车当前车道前方一辆三轮骑行者阻拦自车，右侧车道空闲，且右后方一辆货车的车速较慢或与自车存在安全距离，自车应向右换道。,前方通行受阻，右侧车道具备换道条件，自车应向右变更车道。
1770,197,lane_change,proactive_slow_ahead,3,missing_factor,,[1.0],0.0,1.0,0.0,0.5,自车当前车道前方一辆三轮骑行者阻拦自车，右侧车道空闲，且右后方一辆货车的车速较慢或与自车存在安全距离，自车应向右换道。,自车当前车道前方一辆三轮骑行者阻拦自车，右侧车道空闲，自车应向右变更车道。
1771,197,lane_change,proactive_slow_ahead,3,missing_factor,,[1.0],0.0,1.0,1.0,0.75,自车当前车道前方一辆三轮骑行者阻拦自车，右侧车道空闲，且右后方一辆货车的车速较慢或与自车存在安全距离，自车应向右换道。,右侧车道空闲，且右后方一辆货车的车速较慢或与自车存在安全距离，自车应向右变更车道。
1772,197,lane_change,proactive_slow_ahead,3,missing_factor,,[0.0],0.0,1.0,1.0,0.5,自车当前车道前方一辆三轮骑行者阻拦自车，右侧车道空闲，且右后方一辆货车的车速较慢或与自车存在安全距离，自车应向右换道。,自车当前车道前方一辆三轮骑行者阻拦自车，且右后方一辆货车的车速较慢或与自车存在安全距离，自车应向右变更车道。
1773,197,lane_change,proactive_slow_ahead,2.8,wrong_factor,direction_swap,[0.0],1.0,1.0,1.0,0.75,自车当前车道前方一辆三轮骑行者阻拦自车，右侧车道空闲，且右后方一辆货车的车速较慢或与自车存在安全距离，自车应向右换道。,自车当前车道前方一辆三轮骑行者阻拦自车，左侧车道空闲，且右后方一辆货车的车速较慢或与自车存在安全距离，自车应向右换道。
1774,197,lane_change,proactive_slow_ahead,2.8,wrong_factor,direction_swap,[1.0],1.0,1.0,1.0,1.0,自车当前车道前方一辆三轮骑行者阻拦自车，右侧车道空闲，且右后方一辆货车的车速较慢或与自车存在安全距离，自车应向右换道。,自车当前车道前方一辆三轮骑行者阻拦自车，右侧车道空闲，且左后方一辆货车的车速较慢或与自车存在安全距离，自车应向右换道。
1775,197,lane_change,proactive_slow_ahead,2.3,wrong_factor,same_category_subtype_swap,[0.5],1.0,1.0,1.0,0.875,自车当前车道前方一辆三轮骑行者阻拦自车，右侧车道空闲，且右后方一辆货车的车速较慢或与自车存在安全距离，自车应向右换道。,自车当前车道前方一辆三轮骑行者阻拦自车，右侧车道拥堵，且右后方一辆货车的车速较慢或与自车存在安全距离，自车应向右换道。
1776,197,lane_change,proactive_slow_ahead,2.3,wrong_factor,same_category_subtype_swap,[1.0],1.0,1.0,0.0,0.75,自车当前车道前方一辆三轮骑行者阻拦自车，右侧车道空闲，且右后方一辆货车的车速较慢或与自车存在安全距离，自车应向右换道。,自车当前车道前方一辆三轮骑行者阻拦自车，右侧车道空闲，且右后方一辆货车的车速较慢或与自车存在距离较近，自车应向右换道。
1777,197,lane_change,proactive_slow_ahead,1.7,wrong_factor,cross_category_swap,[0.0],0.0,1.0,0.0,0.25,自车当前车道前方一辆三轮骑行者阻拦自车，右侧车道空闲，且右后方一辆货车的车速较慢或与自车存在安全距离，自车应向右换道。,前方存在车辆遮挡盲区，自车应向右变更车道。
1778,197,lane_change,proactive_slow_ahead,1,unsafe_action,,[1.0],0.0,1.0,1.0,0.75,自车当前车道前方一辆三轮骑行者阻拦自车，右侧车道空闲，且右后方一辆货车的车速较慢或与自车存在安全距离，自车应向右换道。,自车当前车道前方一辆三轮骑行者阻拦自车，右侧车道空闲，且右后方一辆货车的车速较慢或与自车存在安全距离，自车应向左变更车道。
1779,198,obstacle_avoidance,dynamic_obstacle,5,complete,,[1.0],1.0,1.0,1.0,1.0,自车当前在原车道正常行驶，前方有两轮骑行者停靠在路边，自车应向左避障。,自车当前在原车道正常行驶，前方有两轮骑行者停靠在路边，自车应向左避障。
1780,198,obstacle_avoidance,dynamic_obstacle,4,generalized,,[0.0],1.0,1.0,1.0,0.75,自车当前在原车道正常行驶，前方有两轮骑行者停靠在路边，自车应向左避障。,前方存在障碍物影响通行，自车应向左避障。
1781,198,obstacle_avoidance,dynamic_obstacle,3,missing_factor,,[0.5],1.0,1.0,1.0,0.875,自车当前在原车道正常行驶，前方有两轮骑行者停靠在路边，自车应向左避障。,自车当前在原车道正常行驶，自车应向左避障。
1782,198,obstacle_avoidance,dynamic_obstacle,3,missing_factor,,[1.0],1.0,1.0,1.0,1.0,自车当前在原车道正常行驶，前方有两轮骑行者停靠在路边，自车应向左避障。,前方有两轮骑行者停靠在路边，自车应向左避障。
1783,198,obstacle_avoidance,dynamic_obstacle,2.3,wrong_factor,same_category_subtype_swap,[0.75],1.0,1.0,1.0,0.9375,自车当前在原车道正常行驶，前方有两轮骑行者停靠在路边，自车应向左避障。,自车当前在原车道正常行驶，前方有三轮骑行者停靠在路边，自车应向左避障。
1784,198,obstacle_avoidance,dynamic_obstacle,1.7,wrong_factor,cross_category_swap,[0.0],1.0,1.0,1.0,0.75,自车当前在原车道正常行驶，前方有两轮骑行者停靠在路边，自车应向左避障。,前方存在车辆遮挡盲区，自车应向左避障。
1785,198,obstacle_avoidance,dynamic_obstacle,1,unsafe_action,,[1.0],1.0,1.0,1.0,1.0,自车当前在原车道正常行驶，前方有两轮骑行者停靠在路边，自车应向左避障。,自车当前在原车道正常行驶，前方有两轮骑行者停靠在路边，自车应向右避障。
1786,199,blind_spot,combined_blind_spots,5,complete,,"[1.0, 1.0]",1.0,1.0,1.0,1.0,右前方及左前方存在无灯路口盲区，前方存在环岛盲区，自车应减速行驶通过。,右前方及左前方存在无灯路口盲区，前方存在环岛盲区，自车应减速行驶通过。
1787,199,blind_spot,combined_blind_spots,4,generalized,,"[0.0, 0.5]",1.0,1.0,1.0,0.7,右前方及左前方存在无灯路口盲区，前方存在环岛盲区，自车应减速行驶通过。,前方存在盲区风险，自车应减速行驶通过。
1788,199,blind_spot,combined_blind_spots,3,missing_factor,,"[1.0, 0.0]",1.0,1.0,1.0,0.8,右前方及左前方存在无灯路口盲区，前方存在环岛盲区，自车应减速行驶通过。,右前方及左前方存在无灯路口盲区，自车应减速行驶通过。
1789,199,blind_spot,combined_blind_spots,3,missing_factor,,"[0.0, 1.0]",1.0,1.0,1.0,0.8,右前方及左前方存在无灯路口盲区，前方存在环岛盲区，自车应减速行驶通过。,前方存在环岛盲区，自车应减速行驶通过。
1790,199,blind_spot,combined_blind_spots,3,missing_factor,,"[0.0, 0.5]",1.0,1.0,1.0,0.7,右前方及左前方存在无灯路口盲区，前方存在环岛盲区，自车应减速行驶通过。,前方及前方存在盲区，自车应减速行驶通过。
1791,199,blind_spot,combined_blind_spots,2.8,wrong_factor,direction_swap,"[0.75, 1.0]",1.0,1.0,1.0,0.95,右前方及左前方存在无灯路口盲区，前方存在环岛盲区，自车应减速行驶通过。,右前方及右前方存在无灯路口盲区，前方存在环岛盲区，自车应减速行驶通过。
1792,199,blind_spot,combined_blind_spots,2.8,wrong_factor,direction_swap,"[0.75, 1.0]",1.0,1.0,1.0,0.95,右前方及左前方存在无灯路口盲区，前方存在环岛盲区，自车应减速行驶通过。,左前方及左前方存在无灯路口盲区，前方存在环岛盲区，自车应减速行驶通过。
1793,199,blind_spot,combined_blind_spots,2.3,wrong_factor,same_category_subtype_swap,"[0.75, 1.0]",1.0,1.0,1.0,0.95,右前方及左前方存在无灯路口盲区，前方存在环岛盲区，自车应减速行驶通过。,右前方及左前方存在弯道盲区，前方存在环岛盲区，自车应减速行驶通过。
1794,199,blind_spot,combined_blind_spots,2.3,wrong_factor,same_category_subtype_swap,"[1.0, 0.5]",1.0,1.0,1.0,0.9,右前方及左前方存在无灯路口盲区，前方存在环岛盲区，自车应减速行驶通过。,右前方及左前方存在无灯路口盲区，前方存在匝道盲区，自车应减速行驶通过。
1795,199,blind_spot,combined_blind_spots,1.7,wrong_factor,cross_category_swap,"[0.0, 1.0]",1.0,1.0,1.0,0.8,右前方及左前方存在无灯路口盲区，前方存在环岛盲区，自车应减速行驶通过。,右前方及左前方存在锥桶占道，前方存在环岛盲区，自车应减速行驶通过。
1796,199,blind_spot,combined_blind_spots,1.7,wrong_factor,cross_category_swap,"[1.0, 0.0]",1.0,1.0,1.0,0.8,右前方及左前方存在无灯路口盲区，前方存在环岛盲区，自车应减速行驶通过。,右前方及左前方存在无灯路口盲区，前方存在事故车占道，自车应减速行驶通过。
1797,199,blind_spot,combined_blind_spots,1.7,wrong_factor,cross_category_swap,"[0.0, 0.0]",1.0,1.0,1.0,0.6,右前方及左前方存在无灯路口盲区，前方存在环岛盲区，自车应减速行驶通过。,前方存在锥桶占道，影响自车通行，自车应减速行驶通过。
1798,199,blind_spot,combined_blind_spots,1,unsafe_action,,"[1.0, 1.0]",1.0,0.0,1.0,0.8,右前方及左前方存在无灯路口盲区，前方存在环岛盲区，自车应减速行驶通过。,右前方及左前方存在无灯路口盲区，前方存在环岛盲区，自车应加速通过。
1799,200,obstacle_avoidance,static_obstacle_blocking_lane,5,complete,,[1.0],1.0,1.0,1.0,1.0,自车当前在原车道正常行驶，前方有告示牌和锥桶占道放置，自车应向左避障。,自车当前在原车道正常行驶，前方有告示牌和锥桶占道放置，自车应向左避障。
1800,200,obstacle_avoidance,static_obstacle_blocking_lane,4,generalized,,[0.5],1.0,1.0,1.0,0.875,自车当前在原车道正常行驶，前方有告示牌和锥桶占道放置，自车应向左避障。,前方存在障碍物影响通行，自车应向左避障。
1801,200,obstacle_avoidance,static_obstacle_blocking_lane,3,missing_factor,,[0.0],1.0,1.0,1.0,0.75,自车当前在原车道正常行驶，前方有告示牌和锥桶占道放置，自车应向左避障。,自车当前在原车道正常行驶，自车应向左避障。
1802,200,obstacle_avoidance,static_obstacle_blocking_lane,3,missing_factor,,[1.0],1.0,1.0,1.0,1.0,自车当前在原车道正常行驶，前方有告示牌和锥桶占道放置，自车应向左避障。,前方有告示牌和锥桶占道放置，自车应向左避障。
1803,200,obstacle_avoidance,static_obstacle_blocking_lane,2.3,wrong_factor,same_category_subtype_swap,[0.75],1.0,1.0,1.0,0.9375,自车当前在原车道正常行驶，前方有告示牌和锥桶占道放置，自车应向左避障。,自车当前在原车道正常行驶，前方有告示牌和事故车占道放置，自车应向左避障。
1804,200,obstacle_avoidance,static_obstacle_blocking_lane,1.7,wrong_factor,cross_category_swap,[0.0],1.0,1.0,1.0,0.75,自车当前在原车道正常行驶，前方有告示牌和锥桶占道放置，自车应向左避障。,自车当前在原车道正常行驶，前方有告示牌和豁口盲区占道放置，自车应向左避障。
1805,200,obstacle_avoidance,static_obstacle_blocking_lane,1.7,wrong_factor,cross_category_swap,[0.0],1.0,1.0,1.0,0.75,自车当前在原车道正常行驶，前方有告示牌和锥桶占道放置，自车应向左避障。,前方存在车辆遮挡盲区，自车应向左避障。
1806,200,obstacle_avoidance,static_obstacle_blocking_lane,1,unsafe_action,,[1.0],1.0,1.0,1.0,1.0,自车当前在原车道正常行驶，前方有告示牌和锥桶占道放置，自车应向左避障。,自车当前在原车道正常行驶，前方有告示牌和锥桶占道放置，自车应向右避障。
1807,201,lane_change,proactive_slow_ahead,5,complete,,[1.0],1.0,1.0,1.0,1.0,自车当前在原车道行驶，自车道前方黑色小汽车速度较慢，左侧车道空闲且左前方白色小轿车与左后方的SUV存在足够换道空隙，自车应向左变更车道。,自车当前在原车道行驶，自车道前方黑色小汽车速度较慢，左侧车道空闲且左前方白色小轿车与左后方的SUV存在足够换道空隙，自车应向左变更车道。
1808,201,lane_change,proactive_slow_ahead,4,generalized,,[0.5],1.0,1.0,0.0,0.625,自车当前在原车道行驶，自车道前方黑色小汽车速度较慢，左侧车道空闲且左前方白色小轿车与左后方的SUV存在足够换道空隙，自车应向左变更车道。,前方通行受阻，左侧车道具备换道条件，自车应向左变更车道。
1809,201,lane_change,proactive_slow_ahead,3,missing_factor,,[0.0],0.0,1.0,1.0,0.5,自车当前在原车道行驶，自车道前方黑色小汽车速度较慢，左侧车道空闲且左前方白色小轿车与左后方的SUV存在足够换道空隙，自车应向左变更车道。,自车当前在原车道行驶，自车道前方黑色小汽车速度较慢，自车应向左变更车道。
1810,201,lane_change,proactive_slow_ahead,3,missing_factor,,[1.0],1.0,1.0,1.0,1.0,自车当前在原车道行驶，自车道前方黑色小汽车速度较慢，左侧车道空闲且左前方白色小轿车与左后方的SUV存在足够换道空隙，自车应向左变更车道。,自车道前方黑色小汽车速度较慢，左侧车道空闲且左前方白色小轿车与左后方的SUV存在足够换道空隙，自车应向左变更车道。
1811,201,lane_change,proactive_slow_ahead,3,missing_factor,,[1.0],1.0,1.0,1.0,1.0,自车当前在原车道行驶，自车道前方黑色小汽车速度较慢，左侧车道空闲且左前方白色小轿车与左后方的SUV存在足够换道空隙，自车应向左变更车道。,自车当前在原车道行驶，左侧车道空闲且左前方白色小轿车与左后方的SUV存在足够换道空隙，自车应向左变更车道。
1812,201,lane_change,proactive_slow_ahead,2.8,wrong_factor,direction_swap,[0.75],1.0,1.0,1.0,0.9375,自车当前在原车道行驶，自车道前方黑色小汽车速度较慢，左侧车道空闲且左前方白色小轿车与左后方的SUV存在足够换道空隙，自车应向左变更车道。,自车当前在原车道行驶，自车道前方黑色小汽车速度较慢，左侧车道空闲且右前方白色小轿车与左后方的SUV存在足够换道空隙，自车应向左变更车道。
1813,201,lane_change,proactive_slow_ahead,2.8,wrong_factor,direction_swap,[0.0],1.0,1.0,1.0,0.75,自车当前在原车道行驶，自车道前方黑色小汽车速度较慢，左侧车道空闲且左前方白色小轿车与左后方的SUV存在足够换道空隙，自车应向左变更车道。,自车当前在原车道行驶，自车道前方黑色小汽车速度较慢，右侧车道空闲且左前方白色小轿车与左后方的SUV存在足够换道空隙，自车应向左变更车道。
1814,201,lane_change,proactive_slow_ahead,2.3,wrong_factor,same_category_subtype_swap,[0.75],1.0,1.0,1.0,0.9375,自车当前在原车道行驶，自车道前方黑色小汽车速度较慢，左侧车道空闲且左前方白色小轿车与左后方的SUV存在足够换道空隙，自车应向左变更车道。,自车当前在原车道行驶，自车道前方黑色小汽车速度较慢，左侧车道拥堵且左前方白色小轿车与左后方的SUV存在足够换道空隙，自车应向左变更车道。
1815,201,lane_change,proactive_slow_ahead,2.3,wrong_factor,same_category_subtype_swap,[1.0],1.0,1.0,1.0,1.0,自车当前在原车道行驶，自车道前方黑色小汽车速度较慢，左侧车道空闲且左前方白色小轿车与左后方的SUV存在足够换道空隙，自车应向左变更车道。,自车当前在原车道行驶，自车道前方黑色小汽车速度较快，左侧车道空闲且左前方白色小轿车与左后方的SUV存在足够换道空隙，自车应向左变更车道。
1816,201,lane_change,proactive_slow_ahead,1.7,wrong_factor,cross_category_swap,[0.0],0.0,1.0,1.0,0.5,自车当前在原车道行驶，自车道前方黑色小汽车速度较慢，左侧车道空闲且左前方白色小轿车与左后方的SUV存在足够换道空隙，自车应向左变更车道。,前方存在车辆遮挡盲区，自车应向左变更车道。
1817,201,lane_change,proactive_slow_ahead,1,unsafe_action,,[1.0],1.0,1.0,1.0,1.0,自车当前在原车道行驶，自车道前方黑色小汽车速度较慢，左侧车道空闲且左前方白色小轿车与左后方的SUV存在足够换道空隙，自车应向左变更车道。,自车当前在原车道行驶，自车道前方黑色小汽车速度较慢，左侧车道空闲且左前方白色小轿车与左后方的SUV存在足够换道空隙，自车应向右变更车道。
1818,202,yielding,decelerate_to_yield,5,complete,,[1.0],1.0,1.0,1.0,1.0,左前方一辆红色三轮车正切入自车道，自车应减速让行。,左前方一辆红色三轮车正切入自车道，自车应减速让行。
1819,202,yielding,decelerate_to_yield,4,generalized,,[0.5],1.0,1.0,1.0,0.875,左前方一辆红色三轮车正切入自车道，自车应减速让行。,前方有交通参与者影响自车通行，自车应减速让行。
1820,202,yielding,decelerate_to_yield,3,missing_factor,,[0.75],1.0,1.0,1.0,0.9375,左前方一辆红色三轮车正切入自车道，自车应减速让行。,前方一辆三轮车正切入自车道，自车应减速让行。
1821,202,yielding,decelerate_to_yield,2.8,wrong_factor,direction_swap,[0.75],1.0,1.0,1.0,0.9375,左前方一辆红色三轮车正切入自车道，自车应减速让行。,右前方一辆红色三轮车正切入自车道，自车应减速让行。
1822,202,yielding,decelerate_to_yield,1.7,wrong_factor,cross_category_swap,[0.0],1.0,1.0,1.0,0.75,左前方一辆红色三轮车正切入自车道，自车应减速让行。,前方存在坑洼路面，自车应减速让行。
1823,202,yielding,decelerate_to_yield,1,unsafe_action,,[1.0],1.0,0.0,1.0,0.75,左前方一辆红色三轮车正切入自车道，自车应减速让行。,左前方一辆红色三轮车正切入自车道，自车应加速通过。
1824,203,traffic_signal,green_light_go,5,complete,,[1.0],1.0,1.0,1.0,1.0,自车当前处于左转待转区车道，停在待转区停止线，左转信号灯为绿色，自车应起步通过路口。,自车当前处于左转待转区车道，停在待转区停止线，左转信号灯为绿色，自车应起步通过路口。
1825,203,traffic_signal,green_light_go,4,generalized,,[0.0],0.0,0.5,1.0,0.375,自车当前处于左转待转区车道，停在待转区停止线，左转信号灯为绿色，自车应起步通过路口。,当前路口信号允许通行，自车应起步通过。
1826,203,traffic_signal,green_light_go,3,missing_factor,,[0.0],1.0,1.0,0.0,0.5,自车当前处于左转待转区车道，停在待转区停止线，左转信号灯为绿色，自车应起步通过路口。,自车当前处于左转待转区车道，停在待转区停止线，自车应起步通过。
1827,203,traffic_signal,green_light_go,3,missing_factor,,[0.75],1.0,1.0,1.0,0.9375,自车当前处于左转待转区车道，停在待转区停止线，左转信号灯为绿色，自车应起步通过路口。,停在待转区停止线，左转信号灯为绿色，自车应起步通过。
1828,203,traffic_signal,green_light_go,3,missing_factor,,[0.75],1.0,0.5,1.0,0.8125,自车当前处于左转待转区车道，停在待转区停止线，左转信号灯为绿色，自车应起步通过路口。,自车当前处于左转待转区车道，左转信号灯为绿色，自车应起步通过。
1829,203,traffic_signal,green_light_go,2.3,wrong_factor,same_category_subtype_swap,[0.75],1.0,1.0,1.0,0.9375,自车当前处于左转待转区车道，停在待转区停止线，左转信号灯为绿色，自车应起步通过路口。,自车当前处于左转待转区车道，停在待转区停止线，左转信号灯为红色，自车应起步通过路口。
1830,203,traffic_signal,green_light_go,1.7,wrong_factor,cross_category_swap,[0.0],0.0,0.5,0.0,0.125,自车当前处于左转待转区车道，停在待转区停止线，左转信号灯为绿色，自车应起步通过路口。,前方存在施工区域占道，自车应起步通过。
1831,203,traffic_signal,green_light_go,1,unsafe_action,,[0.75],1.0,0.5,1.0,0.8125,自车当前处于左转待转区车道，停在待转区停止线，左转信号灯为绿色，自车应起步通过路口。,自车当前处于左转待转区车道，停在待转区停止线，左转信号灯为绿色，自车应继续停车等待。
1832,204,traffic_signal,red_light_stop,5,complete,,[1.0],1.0,1.0,1.0,1.0,自车当前实际行驶方向为右转，右转箭头灯为黄色/红色，自车应刹停在路口停止线前。,自车当前实际行驶方向为右转，右转箭头灯为黄色/红色，自车应刹停在路口停止线前。
1833,204,traffic_signal,red_light_stop,4,generalized,,[0.5],0.0,1.0,0.0,0.375,自车当前实际行驶方向为右转，右转箭头灯为黄色/红色，自车应刹停在路口停止线前。,当前路口信号不允许通行，自车应刹停在路口停止线前。
1834,204,traffic_signal,red_light_stop,3,missing_factor,,[0.75],1.0,1.0,1.0,0.9375,自车当前实际行驶方向为右转，右转箭头灯为黄色/红色，自车应刹停在路口停止线前。,自车当前实际行驶方向为右转，自车应刹停在路口停止线前。
1835,204,traffic_signal,red_light_stop,3,missing_factor,,[0.75],1.0,1.0,1.0,0.9375,自车当前实际行驶方向为右转，右转箭头灯为黄色/红色，自车应刹停在路口停止线前。,右转箭头灯为黄色/红色，自车应刹停在路口停止线前。
1836,204,traffic_signal,red_light_stop,2.3,wrong_factor,same_category_subtype_swap,[0.75],1.0,1.0,1.0,0.9375,自车当前实际行驶方向为右转，右转箭头灯为黄色/红色，自车应刹停在路口停止线前。,自车当前实际行驶方向为右转，右转箭头灯为黄色/绿色，自车应刹停在路口停止线前。
1837,204,traffic_signal,red_light_stop,2.3,wrong_factor,same_category_subtype_swap,[0.75],1.0,1.0,1.0,0.9375,自车当前实际行驶方向为右转，右转箭头灯为黄色/红色，自车应刹停在路口停止线前。,自车当前实际行驶方向为右转，右转箭头灯为绿色/红色，自车应刹停在路口停止线前。
1838,204,traffic_signal,red_light_stop,1.7,wrong_factor,cross_category_swap,[0.0],0.0,1.0,1.0,0.5,自车当前实际行驶方向为右转，右转箭头灯为黄色/红色，自车应刹停在路口停止线前。,前方存在施工区域占道，自车应刹停在路口停止线前。
1839,204,traffic_signal,red_light_stop,1,unsafe_action,,[0.75],1.0,0.0,1.0,0.6875,自车当前实际行驶方向为右转，右转箭头灯为黄色/红色，自车应刹停在路口停止线前。,自车当前实际行驶方向为右转，右转箭头灯为黄色/红色，自车应加速通过路口。
1840,205,obstacle_avoidance,static_obstacle_blocking_lane,5,complete,,[1.0],1.0,1.0,1.0,1.0,自车在原车道正常行驶，前方有小汽车占道停车，对向车道有白色SUV正在行驶，自车应让行后向左避障。,自车在原车道正常行驶，前方有小汽车占道停车，对向车道有白色SUV正在行驶，自车应让行后向左避障。
1841,205,obstacle_avoidance,static_obstacle_blocking_lane,4,generalized,,[0.5],0.0,0.5,1.0,0.5,自车在原车道正常行驶，前方有小汽车占道停车，对向车道有白色SUV正在行驶，自车应让行后向左避障。,前方存在障碍物影响通行，自车应减速让行。
1842,205,obstacle_avoidance,static_obstacle_blocking_lane,3,missing_factor,,[1.0],0.0,1.0,1.0,0.75,自车在原车道正常行驶，前方有小汽车占道停车，对向车道有白色SUV正在行驶，自车应让行后向左避障。,自车在原车道正常行驶，前方有小汽车占道停车，自车应减速让行。
1843,205,obstacle_avoidance,static_obstacle_blocking_lane,3,missing_factor,,[1.0],0.0,1.0,1.0,0.75,自车在原车道正常行驶，前方有小汽车占道停车，对向车道有白色SUV正在行驶，自车应让行后向左避障。,前方有小汽车占道停车，对向车道有白色SUV正在行驶，自车应减速让行。
1844,205,obstacle_avoidance,static_obstacle_blocking_lane,3,missing_factor,,[0.0],0.0,0.5,1.0,0.375,自车在原车道正常行驶，前方有小汽车占道停车，对向车道有白色SUV正在行驶，自车应让行后向左避障。,自车在原车道正常行驶，对向车道有白色SUV正在行驶，自车应减速让行。
1845,205,obstacle_avoidance,static_obstacle_blocking_lane,2.3,wrong_factor,same_category_subtype_swap,[0.75],1.0,1.0,1.0,0.9375,自车在原车道正常行驶，前方有小汽车占道停车，对向车道有白色SUV正在行驶，自车应让行后向左避障。,自车在原车道正常行驶，前方有货车占道停车，对向车道有白色SUV正在行驶，自车应让行后向左避障。
1846,205,obstacle_avoidance,static_obstacle_blocking_lane,2.3,wrong_factor,same_category_subtype_swap,[1.0],1.0,1.0,1.0,1.0,自车在原车道正常行驶，前方有小汽车占道停车，对向车道有白色SUV正在行驶，自车应让行后向左避障。,自车在原车道正常行驶，前方有小汽车占道停车，对向车道有白色面包车正在行驶，自车应让行后向左避障。
1847,205,obstacle_avoidance,static_obstacle_blocking_lane,1.7,wrong_factor,cross_category_swap,[0.0],0.0,0.5,1.0,0.375,自车在原车道正常行驶，前方有小汽车占道停车，对向车道有白色SUV正在行驶，自车应让行后向左避障。,前方存在车辆遮挡盲区，自车应减速让行。
1848,205,obstacle_avoidance,static_obstacle_blocking_lane,1,unsafe_action,,[1.0],0.0,0.5,0.0,0.375,自车在原车道正常行驶，前方有小汽车占道停车，对向车道有白色SUV正在行驶，自车应让行后向左避障。,自车在原车道正常行驶，前方有小汽车占道停车，对向车道有白色SUV正在行驶，自车应加速通过。
1849,206,road_condition,road_surface,5,complete,,[1.0],1.0,1.0,1.0,1.0,正前方存在坑洼路面，自车应减速行驶通过。,正前方存在坑洼路面，自车应减速行驶通过。
1850,206,road_condition,road_surface,4,generalized,,[0.5],1.0,1.0,1.0,0.875,正前方存在坑洼路面，自车应减速行驶通过。,前方存在异常路面，自车应减速行驶通过。
1851,206,road_condition,road_surface,3,missing_factor,,[1.0],1.0,1.0,1.0,1.0,正前方存在坑洼路面，自车应减速行驶通过。,正前方存在坑洼路面，自车应减速行驶通过。
1852,206,road_condition,road_surface,2.3,wrong_factor,same_category_subtype_swap,[0.75],1.0,1.0,1.0,0.9375,正前方存在坑洼路面，自车应减速行驶通过。,正前方存在积水路面，自车应减速行驶通过。
1853,206,road_condition,road_surface,1.7,wrong_factor,cross_category_swap,[0.0],1.0,1.0,1.0,0.75,正前方存在坑洼路面，自车应减速行驶通过。,正前方存在车辆遮挡盲区，自车应减速行驶通过。
1854,206,road_condition,road_surface,1.7,wrong_factor,cross_category_swap,[0.0],1.0,1.0,1.0,0.75,正前方存在坑洼路面，自车应减速行驶通过。,正前方存在车辆遮挡盲区路面，自车应减速行驶通过。
1855,206,road_condition,road_surface,1.7,wrong_factor,cross_category_swap,[0.0],1.0,1.0,0.0,0.5,正前方存在坑洼路面，自车应减速行驶通过。,右前方有车辆意图切入自车道，自车应减速行驶通过。
1856,206,road_condition,road_surface,1,unsafe_action,,[1.0],1.0,0.0,1.0,0.75,正前方存在坑洼路面，自车应减速行驶通过。,正前方存在坑洼路面，自车应加速通过。
1857,207,lane_change,proactive_slow_ahead,5,complete,,"[1.0, 1.0]",1.0,1.0,1.0,1.0,自车当前在原车道跟车行驶，自车前方多辆车行驶缓慢影响通行效率，左侧车道通行效率高，且左前方黑色SUV与左后方红色集装箱挂车之间存在足够的换道间隙，自车应向左变更车道。,自车当前在原车道跟车行驶，自车前方多辆车行驶缓慢影响通行效率，左侧车道通行效率高，且左前方黑色SUV与左后方红色集装箱挂车之间存在足够的换道间隙，自车应向左变更车道。
1858,207,lane_change,proactive_slow_ahead,4,generalized,,"[0.5, 0.25]",1.0,1.0,0.0,0.55,自车当前在原车道跟车行驶，自车前方多辆车行驶缓慢影响通行效率，左侧车道通行效率高，且左前方黑色SUV与左后方红色集装箱挂车之间存在足够的换道间隙，自车应向左变更车道。,前方通行受阻，左侧车道具备换道条件，自车应向左变更车道。
1859,207,lane_change,proactive_slow_ahead,3,missing_factor,,"[1.0, 0.0]",0.0,1.0,1.0,0.6,自车当前在原车道跟车行驶，自车前方多辆车行驶缓慢影响通行效率，左侧车道通行效率高，且左前方黑色SUV与左后方红色集装箱挂车之间存在足够的换道间隙，自车应向左变更车道。,自车当前在原车道跟车行驶，自车前方多辆车行驶缓慢影响通行效率，左侧车道通行效率高，自车应向左变更车道。
1860,207,lane_change,proactive_slow_ahead,3,missing_factor,,"[1.0, 1.0]",1.0,1.0,1.0,1.0,自车当前在原车道跟车行驶，自车前方多辆车行驶缓慢影响通行效率，左侧车道通行效率高，且左前方黑色SUV与左后方红色集装箱挂车之间存在足够的换道间隙，自车应向左变更车道。,自车前方多辆车行驶缓慢影响通行效率，左侧车道通行效率高，且左前方黑色SUV与左后方红色集装箱挂车之间存在足够的换道间隙，自车应向左变更车道。
1861,207,lane_change,proactive_slow_ahead,3,missing_factor,,"[0.0, 1.0]",1.0,1.0,1.0,0.8,自车当前在原车道跟车行驶，自车前方多辆车行驶缓慢影响通行效率，左侧车道通行效率高，且左前方黑色SUV与左后方红色集装箱挂车之间存在足够的换道间隙，自车应向左变更车道。,自车当前在原车道跟车行驶，且左前方黑色SUV与左后方红色集装箱挂车之间存在足够的换道间隙，自车应向左变更车道。
1862,207,lane_change,proactive_slow_ahead,2.8,wrong_factor,direction_swap,"[1.0, 0.75]",1.0,1.0,1.0,0.95,自车当前在原车道跟车行驶，自车前方多辆车行驶缓慢影响通行效率，左侧车道通行效率高，且左前方黑色SUV与左后方红色集装箱挂车之间存在足够的换道间隙，自车应向左变更车道。,自车当前在原车道跟车行驶，自车前方多辆车行驶缓慢影响通行效率，左侧车道通行效率高，且右前方黑色SUV与左后方红色集装箱挂车之间存在足够的换道间隙，自车应向左变更车道。
1863,207,lane_change,proactive_slow_ahead,2.8,wrong_factor,direction_swap,"[0.0, 1.0]",1.0,1.0,1.0,0.8,自车当前在原车道跟车行驶，自车前方多辆车行驶缓慢影响通行效率，左侧车道通行效率高，且左前方黑色SUV与左后方红色集装箱挂车之间存在足够的换道间隙，自车应向左变更车道。,自车当前在原车道跟车行驶，自车前方多辆车行驶缓慢影响通行效率，右侧车道通行效率高，且左前方黑色SUV与左后方红色集装箱挂车之间存在足够的换道间隙，自车应向左变更车道。
1864,207,lane_change,proactive_slow_ahead,1.7,wrong_factor,cross_category_swap,"[0.0, 0.0]",0.0,1.0,1.0,0.4,自车当前在原车道跟车行驶，自车前方多辆车行驶缓慢影响通行效率，左侧车道通行效率高，且左前方黑色SUV与左后方红色集装箱挂车之间存在足够的换道间隙，自车应向左变更车道。,前方存在车辆遮挡盲区，自车应向左变更车道。
1865,207,lane_change,proactive_slow_ahead,1,unsafe_action,,"[1.0, 1.0]",1.0,1.0,1.0,1.0,自车当前在原车道跟车行驶，自车前方多辆车行驶缓慢影响通行效率，左侧车道通行效率高，且左前方黑色SUV与左后方红色集装箱挂车之间存在足够的换道间隙，自车应向左变更车道。,自车当前在原车道跟车行驶，自车前方多辆车行驶缓慢影响通行效率，左侧车道通行效率高，且左前方黑色SUV与左后方红色集装箱挂车之间存在足够的换道间隙，自车应向右变更车道。
